scenario_id,ph,metal_level,pb_mg_L,cu_mg_L,zn_mg_L,chelator,dose_mg_L,texture,texture_sites,moisture,pe,pb_total_mol,pb_free_mol,pb_percent_free,pb_sorbed_mol,cu_total_mol,cu_free_mol,cu_percent_free,cu_sorbed_mol,zn_total_mol,zn_free_mol,zn_percent_free,zn_sorbed_mol
1,5.0,Low,25,20,30,None,0,Sand,0.1,Dry,12,0.00012066,0.0001071,88.76181004475386,0.0006562,0.00031471,0.0003119,99.10711448635251,0.003813,0.00045886,0.0004554,99.2459573726191,1.431e-05
2,5.0,Low,25,20,30,EDTA,50,Sand,0.1,Dry,12,0.00012066,9.183e-05,76.10641471904525,0.0006203,0.00031471,0.0001607,51.062883289377524,0.002166,0.00045886,0.0004541,98.96264655886327,1.573e-05
3,5.0,Low,25,20,30,EDTA,200,Sand,0.1,Dry,12,0.00012066,1.551e-06,1.2854301342615615,1.219e-05,0.00031471,8.083e-07,0.25683963013568045,1.268e-05,0.00045886,0.0002058,44.850281131499806,8.295e-06
4,5.0,Low,25,20,30,Citrate,50,Sand,0.1,Dry,12,0.00012066,6.708e-05,55.5942317255097,0.0004691,0.00031471,0.0001308,41.56207301960536,0.001825,0.00045886,0.0004283,93.34001656278603,1.536e-05
5,5.0,Low,25,20,30,Citrate,200,Sand,0.1,Dry,12,0.00012066,4.744e-06,3.931708934195259,3.795e-05,0.00031471,6.004e-06,1.9077881223983986,9.583e-05,0.00045886,0.0001386,30.20529137427538,5.686e-06
6,5.0,Low,25,20,30,DTPA,50,Sand,0.1,Dry,12,0.00012066,0.000107,88.67893253770927,0.000704,0.00031471,0.0001866,59.29268215182232,0.002449,0.00045886,0.0004549,99.13699167502071,1.535e-05
7,5.0,Low,25,20,30,DTPA,200,Sand,0.1,Dry,12,0.00012066,6.444e-05,53.40626553953257,0.0004833,0.00031471,1.051e-06,0.3339582472752693,1.573e-05,0.00045886,0.00031,67.55873251100553,1.193e-05
8,5.0,Low,25,20,30,None,0,Sand,0.1,Mesic,8,0.00012066,0.0001071,88.76181004475386,0.0006562,0.00031471,0.0003119,99.10711448635251,0.003813,0.00045886,0.0004554,99.2459573726191,1.431e-05
9,5.0,Low,25,20,30,EDTA,50,Sand,0.1,Mesic,8,0.00012066,9.183e-05,76.10641471904525,0.0006203,0.00031471,0.0001607,51.062883289377524,0.002166,0.00045886,0.0004541,98.96264655886327,1.573e-05
10,5.0,Low,25,20,30,EDTA,200,Sand,0.1,Mesic,8,0.00012066,1.551e-06,1.2854301342615615,1.219e-05,0.00031471,8.083e-07,0.25683963013568045,1.268e-05,0.00045886,0.0002058,44.850281131499806,8.295e-06
11,5.0,Low,25,20,30,Citrate,50,Sand,0.1,Mesic,8,0.00012066,6.708e-05,55.5942317255097,0.0004691,0.00031471,0.0001308,41.56207301960536,0.001825,0.00045886,0.0004283,93.34001656278603,1.536e-05
12,5.0,Low,25,20,30,Citrate,200,Sand,0.1,Mesic,8,0.00012066,4.744e-06,3.931708934195259,3.795e-05,0.00031471,6.004e-06,1.9077881223983986,9.583e-05,0.00045886,0.0001386,30.20529137427538,5.686e-06
13,5.0,Low,25,20,30,DTPA,50,Sand,0.1,Mesic,8,0.00012066,0.000107,88.67893253770927,0.000704,0.00031471,0.0001866,59.29268215182232,0.002449,0.00045886,0.0004549,99.13699167502071,1.535e-05
14,5.0,Low,25,20,30,DTPA,200,Sand,0.1,Mesic,8,0.00012066,6.444e-05,53.40626553953257,0.0004833,0.00031471,1.051e-06,0.3339582472752693,1.573e-05,0.00045886,0.00031,67.55873251100553,1.193e-05
15,5.0,Low,25,20,30,None,0,Sand,0.1,Wet,3,0.00012066,0.0001077,89.25907508702139,0.0007725,0.00031471,7.834e-05,24.89275841250675,0.001121,0.00045886,0.0004556,99.28954365165846,1.676e-05
16,5.0,Low,25,20,30,EDTA,50,Sand,0.1,Wet,3,0.00012066,7.201e-05,59.680092822807886,0.0005342,0.00031471,4.546e-05,14.445044644275685,0.0006729,0.00045886,0.0004516,98.4178180708713,1.718e-05
17,5.0,Low,25,20,30,EDTA,200,Sand,0.1,Wet,3,0.00012066,1.518e-06,1.2580805569368474,1.193e-05,0.00031471,7.842e-07,0.249181786406533,1.23e-05,0.00045886,0.0002033,44.30545264350783,8.196e-06
18,5.0,Low,25,20,30,Citrate,50,Sand,0.1,Wet,3,0.00012066,4.854e-05,40.22874191944306,0.0003658,0.00031471,4.519e-05,14.359251374281085,0.0006795,0.00045886,0.0004038,88.00069738046463,1.56e-05
19,5.0,Low,25,20,30,Citrate,200,Sand,0.1,Wet,3,0.00012066,4.547e-06,3.7684402453174206,3.641e-05,0.00031471,5.427e-06,1.7244447268914238,8.673e-05,0.00045886,0.0001343,29.268186374929172,5.518e-06
20,5.0,Low,25,20,30,DTPA,50,Sand,0.1,Wet,3,0.00012066,0.0001069,88.59605503066467,0.0007781,0.00031471,4.645e-05,14.759619967589208,0.0006746,0.00045886,0.0004536,98.85368086126488,1.694e-05
21,5.0,Low,25,20,30,DTPA,200,Sand,0.1,Wet,3,0.00012066,6.38e-05,52.875849494447216,0.0004788,0.00031471,1.015e-06,0.3225191446093229,1.52e-05,0.00045886,0.0003076,67.03569716253324,1.184e-05
22,5.0,Low,25,20,30,None,0,Loam,0.5,Dry,12,0.00012066,0.0001071,88.76181004475386,0.003269,0.00031471,0.0003119,99.10711448635251,0.01899,0.00045886,0.0004554,99.2459573726191,7.127e-05
23,5.0,Low,25,20,30,EDTA,50,Loam,0.5,Dry,12,0.00012066,9.183e-05,76.10641471904525,0.003089,0.00031471,0.0001607,51.062883289377524,0.01079,0.00045886,0.0004541,98.96264655886327,7.834e-05
24,5.0,Low,25,20,30,EDTA,200,Loam,0.5,Dry,12,0.00012066,1.551e-06,1.2854301342615615,6.072e-05,0.00031471,8.083e-07,0.25683963013568045,6.312e-05,0.00045886,0.0002058,44.850281131499806,4.13e-05
25,5.0,Low,25,20,30,Citrate,50,Loam,0.5,Dry,12,0.00012066,6.708e-05,55.5942317255097,0.002336,0.00031471,0.0001308,41.56207301960536,0.009088,0.00045886,0.0004283,93.34001656278603,7.65e-05
26,5.0,Low,25,20,30,Citrate,200,Loam,0.5,Dry,12,0.00012066,4.744e-06,3.931708934195259,0.000189,0.00031471,6.004e-06,1.9077881223983986,0.0004773,0.00045886,0.0001386,30.20529137427538,2.832e-05
27,5.0,Low,25,20,30,DTPA,50,Loam,0.5,Dry,12,0.00012066,0.000107,88.67893253770927,0.003506,0.00031471,0.0001866,59.29268215182232,0.0122,0.00045886,0.0004549,99.13699167502071,7.644e-05
28,5.0,Low,25,20,30,DTPA,200,Loam,0.5,Dry,12,0.00012066,6.444e-05,53.40626553953257,0.002406,0.00031471,1.051e-06,0.3339582472752693,7.834e-05,0.00045886,0.00031,67.55873251100553,5.937e-05
29,5.0,Low,25,20,30,None,0,Loam,0.5,Mesic,8,0.00012066,0.0001071,88.76181004475386,0.003269,0.00031471,0.0003119,99.10711448635251,0.01899,0.00045886,0.0004554,99.2459573726191,7.127e-05
30,5.0,Low,25,20,30,EDTA,50,Loam,0.5,Mesic,8,0.00012066,9.183e-05,76.10641471904525,0.003089,0.00031471,0.0001607,51.062883289377524,0.01079,0.00045886,0.0004541,98.96264655886327,7.834e-05
31,5.0,Low,25,20,30,EDTA,200,Loam,0.5,Mesic,8,0.00012066,1.551e-06,1.2854301342615615,6.072e-05,0.00031471,8.083e-07,0.25683963013568045,6.312e-05,0.00045886,0.0002058,44.850281131499806,4.13e-05
32,5.0,Low,25,20,30,Citrate,50,Loam,0.5,Mesic,8,0.00012066,6.708e-05,55.5942317255097,0.002336,0.00031471,0.0001308,41.56207301960536,0.009088,0.00045886,0.0004283,93.34001656278603,7.651e-05
33,5.0,Low,25,20,30,Citrate,200,Loam,0.5,Mesic,8,0.00012066,4.744e-06,3.931708934195259,0.000189,0.00031471,6.004e-06,1.9077881223983986,0.0004773,0.00045886,0.0001386,30.20529137427538,2.832e-05
34,5.0,Low,25,20,30,DTPA,50,Loam,0.5,Mesic,8,0.00012066,0.000107,88.67893253770927,0.003506,0.00031471,0.0001866,59.29268215182232,0.0122,0.00045886,0.0004549,99.13699167502071,7.644e-05
35,5.0,Low,25,20,30,DTPA,200,Loam,0.5,Mesic,8,0.00012066,6.444e-05,53.40626553953257,0.002406,0.00031471,1.051e-06,0.3339582472752693,7.834e-05,0.00045886,0.00031,67.55873251100553,5.937e-05
36,5.0,Low,25,20,30,None,0,Loam,0.5,Wet,3,0.00012066,0.0001077,89.25907508702139,0.003847,0.00031471,7.834e-05,24.89275841250675,0.005584,0.00045886,0.0004556,99.28954365165846,8.347e-05
37,5.0,Low,25,20,30,EDTA,50,Loam,0.5,Wet,3,0.00012066,7.201e-05,59.680092822807886,0.002661,0.00031471,4.546e-05,14.445044644275685,0.003351,0.00045886,0.0004516,98.4178180708713,8.556e-05
38,5.0,Low,25,20,30,EDTA,200,Loam,0.5,Wet,3,0.00012066,1.518e-06,1.2580805569368474,5.942e-05,0.00031471,7.842e-07,0.249181786406533,6.125e-05,0.00045886,0.0002033,44.30545264350783,4.081e-05
39,5.0,Low,25,20,30,Citrate,50,Loam,0.5,Wet,3,0.00012066,4.854e-05,40.22874191944306,0.001822,0.00031471,4.519e-05,14.359251374281085,0.003384,0.00045886,0.0004038,88.00069738046463,7.772e-05
40,5.0,Low,25,20,30,Citrate,200,Loam,0.5,Wet,3,0.00012066,4.547e-06,3.7684402453174206,0.0001814,0.00031471,5.427e-06,1.7244447268914238,0.000432,0.00045886,0.0001343,29.268186374929172,2.749e-05
41,5.0,Low,25,20,30,DTPA,50,Loam,0.5,Wet,3,0.00012066,0.0001069,88.59605503066467,0.003875,0.00031471,4.645e-05,14.759619967589208,0.00336,0.00045886,0.0004536,98.85368086126488,8.434e-05
42,5.0,Low,25,20,30,DTPA,200,Loam,0.5,Wet,3,0.00012066,6.38e-05,52.875849494447216,0.002383,0.00031471,1.015e-06,0.3225191446093229,7.567e-05,0.00045886,0.0003076,67.03569716253324,5.893e-05
43,5.0,Low,25,20,30,None,0,Clay,1.5,Dry,12,0.00012066,0.0001071,88.76181004475386,0.009799,0.00031471,0.0003119,99.10711448635251,0.05693,0.00045886,0.0004554,99.2459573726191,0.0002137
44,5.0,Low,25,20,30,EDTA,50,Clay,1.5,Dry,12,0.00012066,9.183e-05,76.10641471904525,0.009262,0.00031471,0.0001607,51.062883289377524,0.03234,0.00045886,0.0004541,98.96264655886327,0.0002349
45,5.0,Low,25,20,30,EDTA,200,Clay,1.5,Dry,12,0.00012066,1.551e-06,1.2854301342615615,0.000182,0.00031471,8.083e-07,0.25683963013568045,0.0001892,0.00045886,0.0002058,44.850281131499806,0.0001238
46,5.0,Low,25,20,30,Citrate,50,Clay,1.5,Dry,12,0.00012066,6.708e-05,55.5942317255097,0.007004,0.00031471,0.0001308,41.56207301960536,0.02725,0.00045886,0.0004283,93.34001656278603,0.0002294
47,5.0,Low,25,20,30,Citrate,200,Clay,1.5,Dry,12,0.00012066,4.744e-06,3.931708934195259,0.0005667,0.00031471,6.004e-06,1.9077881223983986,0.001431,0.00045886,0.0001386,30.20529137427538,8.491e-05
48,5.0,Low,25,20,30,DTPA,50,Clay,1.5,Dry,12,0.00012066,0.000107,88.67893253770927,0.01051,0.00031471,0.0001866,59.29268215182232,0.03657,0.00045886,0.0004549,99.13699167502071,0.0002292
49,5.0,Low,25,20,30,DTPA,200,Clay,1.5,Dry,12,0.00012066,6.444e-05,53.40626553953257,0.007214,0.00031471,1.051e-06,0.3339582472752693,0.0002348,0.00045886,0.00031,67.55873251100553,0.000178
50,5.0,Low,25,20,30,None,0,Clay,1.5,Mesic,8,0.00012066,0.0001071,88.76181004475386,0.009799,0.00031471,0.0003119,99.10711448635251,0.05693,0.00045886,0.0004554,99.2459573726191,0.0002137
51,5.0,Low,25,20,30,EDTA,50,Clay,1.5,Mesic,8,0.00012066,9.183e-05,76.10641471904525,0.009262,0.00031471,0.0001607,51.062883289377524,0.03234,0.00045886,0.0004541,98.96264655886327,0.0002349
52,5.0,Low,25,20,30,EDTA,200,Clay,1.5,Mesic,8,0.00012066,1.551e-06,1.2854301342615615,0.000182,0.00031471,8.083e-07,0.25683963013568045,0.0001892,0.00045886,0.0002058,44.850281131499806,0.0001238
53,5.0,Low,25,20,30,Citrate,50,Clay,1.5,Mesic,8,0.00012066,6.708e-05,55.5942317255097,0.007004,0.00031471,0.0001308,41.56207301960536,0.02724,0.00045886,0.0004283,93.34001656278603,0.0002294
54,5.0,Low,25,20,30,Citrate,200,Clay,1.5,Mesic,8,0.00012066,4.744e-06,3.931708934195259,0.0005667,0.00031471,6.004e-06,1.9077881223983986,0.001431,0.00045886,0.0001386,30.20529137427538,8.491e-05
55,5.0,Low,25,20,30,DTPA,50,Clay,1.5,Mesic,8,0.00012066,0.000107,88.67893253770927,0.01051,0.00031471,0.0001866,59.29268215182232,0.03657,0.00045886,0.0004549,99.13699167502071,0.0002292
56,5.0,Low,25,20,30,DTPA,200,Clay,1.5,Mesic,8,0.00012066,6.444e-05,53.40626553953257,0.007214,0.00031471,1.051e-06,0.3339582472752693,0.0002348,0.00045886,0.00031,67.55873251100553,0.000178
57,5.0,Low,25,20,30,None,0,Clay,1.5,Wet,3,0.00012066,0.0001077,89.25907508702139,0.01153,0.00031471,7.834e-05,24.89275841250675,0.01674,0.00045886,0.0004556,99.28954365165846,0.0002502
58,5.0,Low,25,20,30,EDTA,50,Clay,1.5,Wet,3,0.00012066,7.201e-05,59.680092822807886,0.007976,0.00031471,4.546e-05,14.445044644275685,0.01005,0.00045886,0.0004516,98.4178180708713,0.0002565
59,5.0,Low,25,20,30,EDTA,200,Clay,1.5,Wet,3,0.00012066,1.518e-06,1.2580805569368474,0.0001782,0.00031471,7.842e-07,0.249181786406533,0.0001836,0.00045886,0.0002033,44.30545264350783,0.0001223
60,5.0,Low,25,20,30,Citrate,50,Clay,1.5,Wet,3,0.00012066,4.854e-05,40.22874191944306,0.005462,0.00031471,4.519e-05,14.359251374281085,0.01015,0.00045886,0.0004038,88.00069738046463,0.000233
61,5.0,Low,25,20,30,Citrate,200,Clay,1.5,Wet,3,0.00012066,4.547e-06,3.7684402453174206,0.0005438,0.00031471,5.427e-06,1.7244447268914238,0.001295,0.00045886,0.0001343,29.268186374929172,8.241e-05
62,5.0,Low,25,20,30,DTPA,50,Clay,1.5,Wet,3,0.00012066,0.0001069,88.59605503066467,0.01162,0.00031471,4.645e-05,14.759619967589208,0.01007,0.00045886,0.0004536,98.85368086126488,0.0002528
63,5.0,Low,25,20,30,DTPA,200,Clay,1.5,Wet,3,0.00012066,6.38e-05,52.875849494447216,0.007145,0.00031471,1.015e-06,0.3225191446093229,0.0002269,0.00045886,0.0003076,67.03569716253324,0.0001766
64,5.0,Medium,100,80,120,None,0,Sand,0.1,Dry,12,0.00048263,0.0004323,89.57172160868573,0.001614,0.0012589,0.001248,99.13416474700134,0.0093,0.0018354,0.001823,99.32439795140023,3.491e-05
65,5.0,Medium,100,80,120,EDTA,50,Sand,0.1,Dry,12,0.00048263,0.0004215,87.33398255392329,0.001653,0.0012589,0.001092,86.74239415362618,0.008543,0.0018354,0.001822,99.26991391522284,3.666e-05
66,5.0,Medium,100,80,120,EDTA,200,Sand,0.1,Dry,12,0.00048263,0.0003702,76.70472204380167,0.001716,0.0012589,0.000644,51.155770911112874,0.005955,0.0018354,0.001818,99.05197777051323,4.321e-05
67,5.0,Medium,100,80,120,Citrate,50,Sand,0.1,Dry,12,0.00048263,0.0003979,82.44410832314611,0.001597,0.0012589,0.001042,82.77067280959567,0.00834,0.0018354,0.001807,98.45265337256184,3.719e-05
68,5.0,Medium,100,80,120,Citrate,200,Sand,0.1,Dry,12,0.00048263,0.0002686,55.65339908418457,0.001372,0.0012589,0.000499,39.637779013424414,0.005085,0.0018354,0.001714,93.38563800806364,4.49e-05
69,5.0,Medium,100,80,120,DTPA,50,Sand,0.1,Dry,12,0.00048263,0.0004323,89.57172160868573,0.001672,0.0012589,0.001123,89.20486138692509,0.008666,0.0018354,0.001823,99.32439795140023,3.617e-05
70,5.0,Medium,100,80,120,DTPA,200,Sand,0.1,Dry,12,0.00048263,0.0004323,89.57172160868573,0.001883,0.0012589,0.0007471,59.345460322503776,0.006494,0.0018354,0.001822,99.26991391522284,4.07e-05
71,5.0,Medium,100,80,120,None,0,Sand,0.1,Mesic,8,0.00048263,0.0004323,89.57172160868573,0.001614,0.0012589,0.001248,99.13416474700134,0.0093,0.0018354,0.001823,99.32439795140023,3.491e-05
72,5.0,Medium,100,80,120,EDTA,50,Sand,0.1,Mesic,8,0.00048263,0.0004215,87.33398255392329,0.001653,0.0012589,0.001091,86.66295972674556,0.008543,0.0018354,0.001822,99.26991391522284,3.666e-05
73,5.0,Medium,100,80,120,EDTA,200,Sand,0.1,Mesic,8,0.00048263,0.0003702,76.70472204380167,0.001716,0.0012589,0.0006439,51.14782746842481,0.005955,0.0018354,0.001818,99.05197777051323,4.321e-05
74,5.0,Medium,100,80,120,Citrate,50,Sand,0.1,Mesic,8,0.00048263,0.0003979,82.44410832314611,0.001597,0.0012589,0.001042,82.77067280959567,0.008339,0.0018354,0.001807,98.45265337256184,3.719e-05
75,5.0,Medium,100,80,120,Citrate,200,Sand,0.1,Mesic,8,0.00048263,0.0002686,55.65339908418457,0.001372,0.0012589,0.0004989,39.62983557073636,0.005085,0.0018354,0.001714,93.38563800806364,4.49e-05
76,5.0,Medium,100,80,120,DTPA,50,Sand,0.1,Mesic,8,0.00048263,0.0004323,89.57172160868573,0.001672,0.0012589,0.001123,89.20486138692509,0.008666,0.0018354,0.001823,99.32439795140023,3.617e-05
77,5.0,Medium,100,80,120,DTPA,200,Sand,0.1,Mesic,8,0.00048263,0.0004323,89.57172160868573,0.001883,0.0012589,0.0007471,59.345460322503776,0.006493,0.0018354,0.001822,99.26991391522284,4.07e-05
78,5.0,Medium,100,80,120,None,0,Sand,0.1,Wet,3,0.00048263,0.0004402,91.20858628763236,0.002276,0.0012589,0.0003968,31.51958058622607,0.004094,0.0018354,0.001826,99.48785005993244,4.841e-05
79,5.0,Medium,100,80,120,EDTA,50,Sand,0.1,Wet,3,0.00048263,0.0004103,85.01336427491039,0.002183,0.0012589,0.0003464,27.516085471443326,0.003677,0.0018354,0.001823,99.32439795140023,4.974e-05
80,5.0,Medium,100,80,120,EDTA,200,Sand,0.1,Wet,3,0.00048263,0.0003038,62.94677081822514,0.001766,0.0012589,0.0002132,16.935419810946065,0.002473,0.0018354,0.001811,98.67058951727144,5.401e-05
81,5.0,Medium,100,80,120,Citrate,50,Sand,0.1,Wet,3,0.00048263,0.0003687,76.39392495286245,0.001995,0.0012589,0.0003406,27.055365795535778,0.003677,0.0018354,0.00179,97.52642475754604,4.967e-05
82,5.0,Medium,100,80,120,Citrate,200,Sand,0.1,Wet,3,0.00048263,0.0001974,40.900897167602515,0.001216,0.0012589,0.0001945,15.449996028278656,0.002392,0.0018354,0.001621,88.31862264356543,5.123e-05
83,5.0,Medium,100,80,120,DTPA,50,Sand,0.1,Wet,3,0.00048263,0.0004393,91.0221080330688,0.002308,0.0012589,0.0003517,27.937087933910554,0.003687,0.0018354,0.001825,99.43336602375504,4.916e-05
84,5.0,Medium,100,80,120,DTPA,200,Sand,0.1,Wet,3,0.00048263,0.0004358,90.29691482087728,0.002401,0.0012589,0.0002243,17.817141949320835,0.002466,0.0018354,0.001819,99.10646180669063,5.139e-05
85,5.0,Medium,100,80,120,None,0,Loam,0.5,Dry,12,0.00048263,0.0004323,89.57172160868573,0.008034,0.0012589,0.001248,99.13416474700134,0.04629,0.0018354,0.001823,99.32439795140023,0.0001738
86,5.0,Medium,100,80,120,EDTA,50,Loam,0.5,Dry,12,0.00048263,0.0004215,87.33398255392329,0.008229,0.0012589,0.001092,86.74239415362618,0.04252,0.0018354,0.001822,99.26991391522284,0.0001825
87,5.0,Medium,100,80,120,EDTA,200,Loam,0.5,Dry,12,0.00048263,0.0003702,76.70472204380167,0.00854,0.0012589,0.000644,51.155770911112874,0.02964,0.0018354,0.001818,99.05197777051323,0.0002151
88,5.0,Medium,100,80,120,Citrate,50,Loam,0.5,Dry,12,0.00048263,0.0003979,82.44410832314611,0.007948,0.0012589,0.001042,82.77067280959567,0.04151,0.0018354,0.001807,98.45265337256184,0.0001851
89,5.0,Medium,100,80,120,Citrate,200,Loam,0.5,Dry,12,0.00048263,0.0002686,55.65339908418457,0.00683,0.0012589,0.000499,39.637779013424414,0.02531,0.0018354,0.001714,93.38563800806364,0.0002235
90,5.0,Medium,100,80,120,DTPA,50,Loam,0.5,Dry,12,0.00048263,0.0004323,89.57172160868573,0.008324,0.0012589,0.001123,89.20486138692509,0.04313,0.0018354,0.001823,99.32439795140023,0.00018
91,5.0,Medium,100,80,120,DTPA,200,Loam,0.5,Dry,12,0.00048263,0.0004323,89.57172160868573,0.00937,0.0012589,0.0007471,59.345460322503776,0.03231,0.0018354,0.001822,99.26991391522284,0.0002025
92,5.0,Medium,100,80,120,None,0,Loam,0.5,Mesic,8,0.00048263,0.0004323,89.57172160868573,0.008034,0.0012589,0.001248,99.13416474700134,0.04629,0.0018354,0.001823,99.32439795140023,0.0001738
93,5.0,Medium,100,80,120,EDTA,50,Loam,0.5,Mesic,8,0.00048263,0.0004215,87.33398255392329,0.008229,0.0012589,0.001091,86.66295972674556,0.04252,0.0018354,0.001822,99.26991391522284,0.0001825
94,5.0,Medium,100,80,120,EDTA,200,Loam,0.5,Mesic,8,0.00048263,0.0003702,76.70472204380167,0.00854,0.0012589,0.0006439,51.14782746842481,0.02964,0.0018354,0.001818,99.05197777051323,0.0002151
95,5.0,Medium,100,80,120,Citrate,50,Loam,0.5,Mesic,8,0.00048263,0.0003979,82.44410832314611,0.007949,0.0012589,0.001042,82.77067280959567,0.04151,0.0018354,0.001807,98.45265337256184,0.0001851
96,5.0,Medium,100,80,120,Citrate,200,Loam,0.5,Mesic,8,0.00048263,0.0002686,55.65339908418457,0.00683,0.0012589,0.0004989,39.62983557073636,0.02531,0.0018354,0.001714,93.38563800806364,0.0002235
97,5.0,Medium,100,80,120,DTPA,50,Loam,0.5,Mesic,8,0.00048263,0.0004323,89.57172160868573,0.008324,0.0012589,0.001123,89.20486138692509,0.04313,0.0018354,0.001823,99.32439795140023,0.00018
98,5.0,Medium,100,80,120,DTPA,200,Loam,0.5,Mesic,8,0.00048263,0.0004323,89.57172160868573,0.00937,0.0012589,0.0007471,59.345460322503776,0.03231,0.0018354,0.001822,99.26991391522284,0.0002025
99,5.0,Medium,100,80,120,None,0,Loam,0.5,Wet,3,0.00048263,0.0004402,91.20858628763236,0.01133,0.0012589,0.0003968,31.51958058622607,0.02038,0.0018354,0.001826,99.48785005993244,0.000241
100,5.0,Medium,100,80,120,EDTA,50,Loam,0.5,Wet,3,0.00048263,0.0004103,85.01336427491039,0.01087,0.0012589,0.0003464,27.516085471443326,0.0183,0.0018354,0.001823,99.32439795140023,0.0002476
101,5.0,Medium,100,80,120,EDTA,200,Loam,0.5,Wet,3,0.00048263,0.0003038,62.94677081822514,0.008792,0.0012589,0.0002132,16.935419810946065,0.01231,0.0018354,0.001811,98.67058951727144,0.0002688
102,5.0,Medium,100,80,120,Citrate,50,Loam,0.5,Wet,3,0.00048263,0.0003687,76.39392495286245,0.009931,0.0012589,0.0003406,27.055365795535778,0.01831,0.0018354,0.00179,97.52642475754604,0.0002473
103,5.0,Medium,100,80,120,Citrate,200,Loam,0.5,Wet,3,0.00048263,0.0001974,40.900897167602515,0.006056,0.0012589,0.0001945,15.449996028278656,0.01191,0.0018354,0.001621,88.31862264356543,0.000255
104,5.0,Medium,100,80,120,DTPA,50,Loam,0.5,Wet,3,0.00048263,0.0004393,91.0221080330688,0.01149,0.0012589,0.0003517,27.937087933910554,0.01835,0.0018354,0.001825,99.43336602375504,0.0002447
105,5.0,Medium,100,80,120,DTPA,200,Loam,0.5,Wet,3,0.00048263,0.0004358,90.29691482087728,0.01195,0.0012589,0.0002243,17.817141949320835,0.01227,0.0018354,0.001819,99.10646180669063,0.0002557
106,5.0,Medium,100,80,120,None,0,Clay,1.5,Dry,12,0.00048263,0.0004323,89.57172160868573,0.02408,0.0012589,0.001248,99.13416474700134,0.1388,0.0018354,0.001823,99.32439795140023,0.0005209
107,5.0,Medium,100,80,120,EDTA,50,Clay,1.5,Dry,12,0.00048263,0.0004215,87.33398255392329,0.02467,0.0012589,0.001092,86.74239415362618,0.1275,0.0018354,0.001822,99.26991391522284,0.000547
108,5.0,Medium,100,80,120,EDTA,200,Clay,1.5,Dry,12,0.00048263,0.0003702,76.70472204380167,0.0256,0.0012589,0.000644,51.155770911112874,0.08884,0.0018354,0.001818,99.05197777051323,0.0006447
109,5.0,Medium,100,80,120,Citrate,50,Clay,1.5,Dry,12,0.00048263,0.0003979,82.44410832314611,0.02383,0.0012589,0.001042,82.77067280959567,0.1244,0.0018354,0.001807,98.45265337256184,0.0005549
110,5.0,Medium,100,80,120,Citrate,200,Clay,1.5,Dry,12,0.00048263,0.0002686,55.65339908418457,0.02047,0.0012589,0.000499,39.637779013424414,0.07589,0.0018354,0.001714,93.38563800806364,0.0006701
111,5.0,Medium,100,80,120,DTPA,50,Clay,1.5,Dry,12,0.00048263,0.0004323,89.57172160868573,0.02495,0.0012589,0.001123,89.20486138692509,0.1293,0.0018354,0.001823,99.32439795140023,0.0005396
112,5.0,Medium,100,80,120,DTPA,200,Clay,1.5,Dry,12,0.00048263,0.0004323,89.57172160868573,0.02809,0.0012589,0.0007471,59.345460322503776,0.09686,0.0018354,0.001822,99.26991391522284,0.0006071
113,5.0,Medium,100,80,120,None,0,Clay,1.5,Mesic,8,0.00048263,0.0004323,89.57172160868573,0.02408,0.0012589,0.001248,99.13416474700134,0.1388,0.0018354,0.001823,99.32439795140023,0.0005209
114,5.0,Medium,100,80,120,EDTA,50,Clay,1.5,Mesic,8,0.00048263,0.0004215,87.33398255392329,0.02467,0.0012589,0.001091,86.66295972674556,0.1275,0.0018354,0.001822,99.26991391522284,0.000547
115,5.0,Medium,100,80,120,EDTA,200,Clay,1.5,Mesic,8,0.00048263,0.0003702,76.70472204380167,0.0256,0.0012589,0.0006439,51.14782746842481,0.08884,0.0018354,0.001818,99.05197777051323,0.0006447
116,5.0,Medium,100,80,120,Citrate,50,Clay,1.5,Mesic,8,0.00048263,0.0003979,82.44410832314611,0.02383,0.0012589,0.001042,82.77067280959567,0.1244,0.0018354,0.001807,98.45265337256184,0.0005549
117,5.0,Medium,100,80,120,Citrate,200,Clay,1.5,Mesic,8,0.00048263,0.0002686,55.65339908418457,0.02047,0.0012589,0.0004989,39.62983557073636,0.07589,0.0018354,0.001714,93.38563800806364,0.0006701
118,5.0,Medium,100,80,120,DTPA,50,Clay,1.5,Mesic,8,0.00048263,0.0004323,89.57172160868573,0.02495,0.0012589,0.001123,89.20486138692509,0.1293,0.0018354,0.001823,99.32439795140023,0.0005396
119,5.0,Medium,100,80,120,DTPA,200,Clay,1.5,Mesic,8,0.00048263,0.0004323,89.57172160868573,0.02809,0.0012589,0.0007471,59.345460322503776,0.09686,0.0018354,0.001822,99.26991391522284,0.0006071
120,5.0,Medium,100,80,120,None,0,Clay,1.5,Wet,3,0.00048263,0.0004402,91.20858628763236,0.03396,0.0012589,0.0003968,31.51958058622607,0.06109,0.0018354,0.001826,99.48785005993244,0.0007224
121,5.0,Medium,100,80,120,EDTA,50,Clay,1.5,Wet,3,0.00048263,0.0004103,85.01336427491039,0.03257,0.0012589,0.0003464,27.516085471443326,0.05487,0.0018354,0.001823,99.32439795140023,0.0007423
122,5.0,Medium,100,80,120,EDTA,200,Clay,1.5,Wet,3,0.00048263,0.0003038,62.94677081822514,0.02636,0.0012589,0.0002132,16.935419810946065,0.0369,0.0018354,0.001811,98.67058951727144,0.0008058
123,5.0,Medium,100,80,120,Citrate,50,Clay,1.5,Wet,3,0.00048263,0.0003687,76.39392495286245,0.02977,0.0012589,0.0003406,27.055365795535778,0.05488,0.0018354,0.00179,97.52642475754604,0.0007413
124,5.0,Medium,100,80,120,Citrate,200,Clay,1.5,Wet,3,0.00048263,0.0001974,40.900897167602515,0.01815,0.0012589,0.0001945,15.449996028278656,0.03569,0.0018354,0.001621,88.31862264356543,0.0007645
125,5.0,Medium,100,80,120,DTPA,50,Clay,1.5,Wet,3,0.00048263,0.0004393,91.0221080330688,0.03444,0.0012589,0.0003517,27.937087933910554,0.05502,0.0018354,0.001825,99.43336602375504,0.0007335
126,5.0,Medium,100,80,120,DTPA,200,Clay,1.5,Wet,3,0.00048263,0.0004358,90.29691482087728,0.03581,0.0012589,0.0002243,17.817141949320835,0.03678,0.0018354,0.001819,99.10646180669063,0.0007666
127,5.0,High,300,250,400,None,0,Sand,0.1,Dry,12,0.0014479,0.001318,91.0283859382554,0.002541,0.0039339,0.003905,99.26536007524341,0.01503,0.0061181,0.006088,99.50801719488076,6.022e-05
128,5.0,High,300,250,400,EDTA,50,Sand,0.1,Dry,12,0.0014479,0.001308,90.33773050625042,0.002576,0.0039339,0.003747,95.24898955235264,0.01473,0.0061181,0.006088,99.50801719488076,6.15e-05
129,5.0,High,300,250,400,EDTA,200,Sand,0.1,Dry,12,0.0014479,0.001274,87.98950203743352,0.002683,0.0039339,0.003279,83.35239838328377,0.01378,0.0061181,0.006086,99.47532730749744,6.574e-05
130,5.0,High,300,250,400,Citrate,50,Sand,0.1,Dry,12,0.0014479,0.001285,88.74922301263899,0.002557,0.0039339,0.003694,93.90172602252218,0.01466,0.0061181,0.006073,99.26284303950574,6.196e-05
131,5.0,High,300,250,400,Citrate,200,Sand,0.1,Dry,12,0.0014479,0.001186,81.91173423578977,0.002609,0.0039339,0.003068,77.98876433056256,0.01346,0.0061181,0.006021,98.41290596753896,6.791e-05
132,5.0,High,300,250,400,DTPA,50,Sand,0.1,Dry,12,0.0014479,0.001318,91.0283859382554,0.00258,0.0039339,0.00378,96.0878517501716,0.01477,0.0061181,0.006088,99.50801719488076,6.114e-05
133,5.0,High,300,250,400,DTPA,200,Sand,0.1,Dry,12,0.0014479,0.001318,91.0283859382554,0.002708,0.0039339,0.003404,86.52990670835557,0.01395,0.0061181,0.006088,99.50801719488076,6.413e-05
134,5.0,High,300,250,400,None,0,Sand,0.1,Mesic,8,0.0014479,0.001318,91.0283859382554,0.002541,0.0039339,0.003905,99.26536007524341,0.01503,0.0061181,0.006088,99.50801719488076,6.022e-05
135,5.0,High,300,250,400,EDTA,50,Sand,0.1,Mesic,8,0.0014479,0.001308,90.33773050625042,0.002576,0.0039339,0.003747,95.24898955235264,0.01473,0.0061181,0.006088,99.50801719488076,6.15e-05
136,5.0,High,300,250,400,EDTA,200,Sand,0.1,Mesic,8,0.0014479,0.001274,87.98950203743352,0.002683,0.0039339,0.003279,83.35239838328377,0.01378,0.0061181,0.006086,99.47532730749744,6.575e-05
137,5.0,High,300,250,400,Citrate,50,Sand,0.1,Mesic,8,0.0014479,0.001285,88.74922301263899,0.002557,0.0039339,0.003694,93.90172602252218,0.01466,0.0061181,0.006073,99.26284303950574,6.196e-05
138,5.0,High,300,250,400,Citrate,200,Sand,0.1,Mesic,8,0.0014479,0.001186,81.91173423578977,0.002609,0.0039339,0.003068,77.98876433056256,0.01346,0.0061181,0.006021,98.41290596753896,6.791e-05
139,5.0,High,300,250,400,DTPA,50,Sand,0.1,Mesic,8,0.0014479,0.001318,91.0283859382554,0.002581,0.0039339,0.00378,96.0878517501716,0.01477,0.0061181,0.006088,99.50801719488076,6.114e-05
140,5.0,High,300,250,400,DTPA,200,Sand,0.1,Mesic,8,0.0014479,0.001318,91.0283859382554,0.002708,0.0039339,0.003404,86.52990670835557,0.01395,0.0061181,0.006088,99.50801719488076,6.414e-05
141,5.0,High,300,250,400,None,0,Sand,0.1,Wet,3,0.0014479,0.001363,94.13633538227778,0.003729,0.0039339,0.001796,45.6544396146318,0.009804,0.0061181,0.006103,99.7531913502558,8.566e-05
142,5.0,High,300,250,400,EDTA,50,Sand,0.1,Wet,3,0.0014479,0.00134,92.54782788866635,0.003737,0.0039339,0.001713,43.54457408678411,0.009527,0.0061181,0.006101,99.72050146287246,8.724e-05
143,5.0,High,300,250,400,EDTA,200,Sand,0.1,Wet,3,0.0014479,0.001266,87.43697769182954,0.00374,0.0039339,0.001473,37.44375810264623,0.00868,0.0061181,0.006095,99.62243180072244,9.231e-05
144,5.0,High,300,250,400,Citrate,50,Sand,0.1,Wet,3,0.0014479,0.001302,89.92333724704744,0.003663,0.0039339,0.001695,43.08701288797377,0.009519,0.0061181,0.006075,99.29553292688907,8.768e-05
145,5.0,High,300,250,400,Citrate,200,Sand,0.1,Wet,3,0.0014479,0.001126,77.76780164375992,0.003458,0.0039339,0.001405,35.71519357380716,0.008604,0.0061181,0.00598,97.74276327618053,9.413e-05
146,5.0,High,300,250,400,DTPA,50,Sand,0.1,Wet,3,0.0014479,0.001362,94.06726983907728,0.003772,0.0039339,0.001727,43.90045501919215,0.009542,0.0061181,0.006103,99.7531913502558,8.669e-05
147,5.0,High,300,250,400,DTPA,200,Sand,0.1,Wet,3,0.0014479,0.001359,93.86007320947579,0.003907,0.0039339,0.001522,38.68934136607438,0.008734,0.0061181,0.0061,99.70415651918081,8.996e-05
148,5.0,High,300,250,400,None,0,Loam,0.5,Dry,12,0.0014479,0.001318,91.0283859382554,0.01263,0.0039339,0.003905,99.26536007524341,0.07468,0.0061181,0.006088,99.50801719488076,0.0002993
149,5.0,High,300,250,400,EDTA,50,Loam,0.5,Dry,12,0.0014479,0.001308,90.33773050625042,0.0128,0.0039339,0.003747,95.24898955235264,0.0732,0.0061181,0.006088,99.50801719488076,0.0003057
150,5.0,High,300,250,400,EDTA,200,Loam,0.5,Dry,12,0.0014479,0.001274,87.98950203743352,0.01333,0.0039339,0.003279,83.35239838328377,0.06848,0.0061181,0.006086,99.47532730749744,0.0003267
151,5.0,High,300,250,400,Citrate,50,Loam,0.5,Dry,12,0.0014479,0.001285,88.74922301263899,0.01271,0.0039339,0.003694,93.90172602252218,0.07287,0.0061181,0.006073,99.26284303950574,0.0003079
152,5.0,High,300,250,400,Citrate,200,Loam,0.5,Dry,12,0.0014479,0.001186,81.91173423578977,0.01297,0.0039339,0.003068,77.98876433056256,0.06691,0.0061181,0.006021,98.41290596753896,0.0003375
153,5.0,High,300,250,400,DTPA,50,Loam,0.5,Dry,12,0.0014479,0.001318,91.0283859382554,0.01282,0.0039339,0.00378,96.0878517501716,0.07339,0.0061181,0.006088,99.50801719488076,0.0003038
154,5.0,High,300,250,400,DTPA,200,Loam,0.5,Dry,12,0.0014479,0.001318,91.0283859382554,0.01345,0.0039339,0.003404,86.52990670835557,0.06931,0.0061181,0.006088,99.50801719488076,0.0003187
155,5.0,High,300,250,400,None,0,Loam,0.5,Mesic,8,0.0014479,0.001318,91.0283859382554,0.01263,0.0039339,0.003905,99.26536007524341,0.07468,0.0061181,0.006088,99.50801719488076,0.0002993
156,5.0,High,300,250,400,EDTA,50,Loam,0.5,Mesic,8,0.0014479,0.001308,90.33773050625042,0.0128,0.0039339,0.003747,95.24898955235264,0.0732,0.0061181,0.006088,99.50801719488076,0.0003057
157,5.0,High,300,250,400,EDTA,200,Loam,0.5,Mesic,8,0.0014479,0.001274,87.98950203743352,0.01333,0.0039339,0.003279,83.35239838328377,0.06848,0.0061181,0.006086,99.47532730749744,0.0003267
158,5.0,High,300,250,400,Citrate,50,Loam,0.5,Mesic,8,0.0014479,0.001285,88.74922301263899,0.01271,0.0039339,0.003694,93.90172602252218,0.07287,0.0061181,0.006073,99.26284303950574,0.0003079
159,5.0,High,300,250,400,Citrate,200,Loam,0.5,Mesic,8,0.0014479,0.001186,81.91173423578977,0.01297,0.0039339,0.003068,77.98876433056256,0.06691,0.0061181,0.006021,98.41290596753896,0.0003375
160,5.0,High,300,250,400,DTPA,50,Loam,0.5,Mesic,8,0.0014479,0.001318,91.0283859382554,0.01282,0.0039339,0.00378,96.0878517501716,0.07339,0.0061181,0.006088,99.50801719488076,0.0003039
161,5.0,High,300,250,400,DTPA,200,Loam,0.5,Mesic,8,0.0014479,0.001318,91.0283859382554,0.01345,0.0039339,0.003404,86.52990670835557,0.06931,0.0061181,0.006088,99.50801719488076,0.0003187
162,5.0,High,300,250,400,None,0,Loam,0.5,Wet,3,0.0014479,0.001363,94.13633538227778,0.01854,0.0039339,0.001796,45.6544396146318,0.04874,0.0061181,0.006103,99.7531913502558,0.0004258
163,5.0,High,300,250,400,EDTA,50,Loam,0.5,Wet,3,0.0014479,0.00134,92.54782788866635,0.01858,0.0039339,0.001713,43.54457408678411,0.04736,0.0061181,0.006101,99.72050146287246,0.0004337
164,5.0,High,300,250,400,EDTA,200,Loam,0.5,Wet,3,0.0014479,0.001266,87.43697769182954,0.01859,0.0039339,0.001473,37.44375810264623,0.04315,0.0061181,0.006095,99.62243180072244,0.0004589
165,5.0,High,300,250,400,Citrate,50,Loam,0.5,Wet,3,0.0014479,0.001302,89.92333724704744,0.01821,0.0039339,0.001695,43.08701288797377,0.04732,0.0061181,0.006075,99.29553292688907,0.0004359
166,5.0,High,300,250,400,Citrate,200,Loam,0.5,Wet,3,0.0014479,0.001126,77.76780164375992,0.01719,0.0039339,0.001405,35.71519357380716,0.04278,0.0061181,0.00598,97.74276327618053,0.000468
167,5.0,High,300,250,400,DTPA,50,Loam,0.5,Wet,3,0.0014479,0.001362,94.06726983907728,0.01875,0.0039339,0.001727,43.90045501919215,0.04744,0.0061181,0.006103,99.7531913502558,0.000431
168,5.0,High,300,250,400,DTPA,200,Loam,0.5,Wet,3,0.0014479,0.001359,93.86007320947579,0.01942,0.0039339,0.001522,38.68934136607438,0.04341,0.0061181,0.0061,99.70415651918081,0.0004471
169,5.0,High,300,250,400,None,0,Clay,1.5,Dry,12,0.0014479,0.001318,91.0283859382554,0.03785,0.0039339,0.003905,99.26536007524341,0.2238,0.0061181,0.006088,99.50801719488076,0.0008969
170,5.0,High,300,250,400,EDTA,50,Clay,1.5,Dry,12,0.0014479,0.001308,90.33773050625042,0.03837,0.0039339,0.003747,95.24898955235264,0.2194,0.0061181,0.006088,99.50801719488076,0.000916
171,5.0,High,300,250,400,EDTA,200,Clay,1.5,Dry,12,0.0014479,0.001274,87.98950203743352,0.03995,0.0039339,0.003279,83.35239838328377,0.2052,0.0061181,0.006086,99.47532730749744,0.0009792
172,5.0,High,300,250,400,Citrate,50,Clay,1.5,Dry,12,0.0014479,0.001285,88.74922301263899,0.03808,0.0039339,0.003694,93.90172602252218,0.2184,0.0061181,0.006073,99.26284303950574,0.0009229
173,5.0,High,300,250,400,Citrate,200,Clay,1.5,Dry,12,0.0014479,0.001186,81.91173423578977,0.03886,0.0039339,0.003068,77.98876433056256,0.2005,0.0061181,0.006021,98.41290596753896,0.001012
174,5.0,High,300,250,400,DTPA,50,Clay,1.5,Dry,12,0.0014479,0.001318,91.0283859382554,0.03843,0.0039339,0.00378,96.0878517501716,0.2199,0.0061181,0.006088,99.50801719488076,0.0009106
175,5.0,High,300,250,400,DTPA,200,Clay,1.5,Dry,12,0.0014479,0.001318,91.0283859382554,0.04032,0.0039339,0.003404,86.52990670835557,0.2077,0.0061181,0.006088,99.50801719488076,0.000955
176,5.0,High,300,250,400,None,0,Clay,1.5,Mesic,8,0.0014479,0.001318,91.0283859382554,0.03785,0.0039339,0.003905,99.26536007524341,0.2238,0.0061181,0.006088,99.50801719488076,0.0008969
177,5.0,High,300,250,400,EDTA,50,Clay,1.5,Mesic,8,0.0014479,0.001308,90.33773050625042,0.03837,0.0039339,0.003747,95.24898955235264,0.2194,0.0061181,0.006088,99.50801719488076,0.000916
178,5.0,High,300,250,400,EDTA,200,Clay,1.5,Mesic,8,0.0014479,0.001274,87.98950203743352,0.03995,0.0039339,0.003279,83.35239838328377,0.2052,0.0061181,0.006086,99.47532730749744,0.0009792
179,5.0,High,300,250,400,Citrate,50,Clay,1.5,Mesic,8,0.0014479,0.001285,88.74922301263899,0.03808,0.0039339,0.003694,93.90172602252218,0.2184,0.0061181,0.006073,99.26284303950574,0.0009229
180,5.0,High,300,250,400,Citrate,200,Clay,1.5,Mesic,8,0.0014479,0.001186,81.91173423578977,0.03886,0.0039339,0.003068,77.98876433056256,0.2005,0.0061181,0.006021,98.41290596753896,0.001012
181,5.0,High,300,250,400,DTPA,50,Clay,1.5,Mesic,8,0.0014479,0.001318,91.0283859382554,0.03843,0.0039339,0.00378,96.0878517501716,0.2199,0.0061181,0.006088,99.50801719488076,0.0009106
182,5.0,High,300,250,400,DTPA,200,Clay,1.5,Mesic,8,0.0014479,0.001318,91.0283859382554,0.04032,0.0039339,0.003404,86.52990670835557,0.2077,0.0061181,0.006088,99.50801719488076,0.0009551
183,5.0,High,300,250,400,None,0,Clay,1.5,Wet,3,0.0014479,0.001363,94.13633538227778,0.05556,0.0039339,0.001796,45.6544396146318,0.1461,0.0061181,0.006103,99.7531913502558,0.001276
184,5.0,High,300,250,400,EDTA,50,Clay,1.5,Wet,3,0.0014479,0.00134,92.54782788866635,0.05567,0.0039339,0.001713,43.54457408678411,0.1419,0.0061181,0.006101,99.72050146287246,0.0013
185,5.0,High,300,250,400,EDTA,200,Clay,1.5,Wet,3,0.0014479,0.001266,87.43697769182954,0.05571,0.0039339,0.001473,37.44375810264623,0.1293,0.0061181,0.006095,99.62243180072244,0.001375
186,5.0,High,300,250,400,Citrate,50,Clay,1.5,Wet,3,0.0014479,0.001302,89.92333724704744,0.05458,0.0039339,0.001695,43.08701288797377,0.1418,0.0061181,0.006075,99.29553292688907,0.001306
187,5.0,High,300,250,400,Citrate,200,Clay,1.5,Wet,3,0.0014479,0.001126,77.76780164375992,0.05152,0.0039339,0.001405,35.71519357380716,0.1282,0.0061181,0.00598,97.74276327618053,0.001403
188,5.0,High,300,250,400,DTPA,50,Clay,1.5,Wet,3,0.0014479,0.001362,94.06726983907728,0.0562,0.0039339,0.001727,43.90045501919215,0.1422,0.0061181,0.006103,99.7531913502558,0.001292
189,5.0,High,300,250,400,DTPA,200,Clay,1.5,Wet,3,0.0014479,0.001359,93.86007320947579,0.0582,0.0039339,0.001522,38.68934136607438,0.1301,0.0061181,0.0061,99.70415651918081,0.00134
190,5.5,Low,25,20,30,None,0,Sand,0.1,Dry,12,0.00012066,0.0001026,85.03232222774739,0.002508,0.00031471,0.0003071,97.58190079755965,0.01498,0.00045886,0.0004545,99.04981911694199,5.699e-05
191,5.5,Low,25,20,30,EDTA,50,Sand,0.1,Dry,12,0.00012066,8.814e-05,73.04823470909996,0.002943,0.00031471,0.0001581,50.23672587461472,0.01053,0.00045886,0.0004531,98.74471516366647,7.758e-05
192,5.5,Low,25,20,30,EDTA,200,Sand,0.1,Dry,12,0.00012066,1.54e-06,1.2763136084866569,0.0001188,0.00031471,8.085e-07,0.25690318070604684,0.0001245,0.00045886,0.0002053,44.741315433901406,8.122e-05
193,5.5,Low,25,20,30,Citrate,50,Sand,0.1,Dry,12,0.00012066,6.396e-05,53.008453505718556,0.002406,0.00031471,0.0001267,40.259286327094784,0.009514,0.00045886,0.0004276,93.18746458614827,8.25e-05
194,5.5,Low,25,20,30,Citrate,200,Sand,0.1,Dry,12,0.00012066,3.583e-06,2.9695010774075916,0.0002735,0.00031471,4.561e-06,1.449270757205046,0.0006948,0.00045886,0.0001171,25.51976637754435,4.584e-05
195,5.5,Low,25,20,30,DTPA,50,Sand,0.1,Dry,12,0.00012066,0.0001025,84.9494447207028,0.003159,0.00031471,0.0001838,58.40297416669314,0.01131,0.00045886,0.000454,98.94085341934358,7.179e-05
196,5.5,Low,25,20,30,DTPA,200,Sand,0.1,Dry,12,0.00012066,6.248e-05,51.78186640145864,0.00383,0.00031471,1.04e-06,0.330462965905119,0.0001272,0.00045886,0.0003085,67.23183541821035,9.697e-05
197,5.5,Low,25,20,30,None,0,Sand,0.1,Mesic,8,0.00012066,0.0001026,85.03232222774739,0.002508,0.00031471,0.0003071,97.58190079755965,0.01498,0.00045886,0.0004545,99.04981911694199,5.7e-05
198,5.5,Low,25,20,30,EDTA,50,Sand,0.1,Mesic,8,0.00012066,8.814e-05,73.04823470909996,0.002943,0.00031471,0.0001581,50.23672587461472,0.01053,0.00045886,0.0004531,98.74471516366647,7.758e-05
199,5.5,Low,25,20,30,EDTA,200,Sand,0.1,Mesic,8,0.00012066,1.54e-06,1.2763136084866569,0.0001188,0.00031471,8.085e-07,0.25690318070604684,0.0001245,0.00045886,0.0002053,44.741315433901406,8.122e-05
200,5.5,Low,25,20,30,Citrate,50,Sand,0.1,Mesic,8,0.00012066,6.396e-05,53.008453505718556,0.002406,0.00031471,0.0001267,40.259286327094784,0.009514,0.00045886,0.0004276,93.18746458614827,8.25e-05
201,5.5,Low,25,20,30,Citrate,200,Sand,0.1,Mesic,8,0.00012066,3.583e-06,2.9695010774075916,0.0002735,0.00031471,4.561e-06,1.449270757205046,0.0006948,0.00045886,0.0001171,25.51976637754435,4.584e-05
202,5.5,Low,25,20,30,DTPA,50,Sand,0.1,Mesic,8,0.00012066,0.0001025,84.9494447207028,0.003159,0.00031471,0.0001838,58.40297416669314,0.01131,0.00045886,0.000454,98.94085341934358,7.179e-05
203,5.5,Low,25,20,30,DTPA,200,Sand,0.1,Mesic,8,0.00012066,6.248e-05,51.78186640145864,0.00383,0.00031471,1.04e-06,0.330462965905119,0.0001272,0.00045886,0.0003085,67.23183541821035,9.697e-05
204,5.5,Low,25,20,30,None,0,Sand,0.1,Wet,3,0.00012066,0.000103,85.36383225592574,0.004246,0.00031471,7.805e-05,24.800610085475515,0.006417,0.00045886,0.0004546,99.07161225646166,9.607e-05
205,5.5,Low,25,20,30,EDTA,50,Sand,0.1,Wet,3,0.00012066,6.948e-05,57.583291894579816,0.003431,0.00031471,4.516e-05,14.349718788726129,0.00445,0.00045886,0.0004506,98.19988667567449,0.0001141
206,5.5,Low,25,20,30,EDTA,200,Sand,0.1,Wet,3,0.00012066,1.507e-06,1.2489640311619425,0.0001163,0.00031471,7.844e-07,0.24924533697689935,0.0001208,0.00045886,0.0002028,44.19648694590943,8.027e-05
207,5.5,Low,25,20,30,Citrate,50,Sand,0.1,Wet,3,0.00012066,4.594e-05,38.07392673628377,0.002413,0.00031471,4.412e-05,14.019255822821009,0.004623,0.00045886,0.0004027,87.76097284574816,0.0001085
208,5.5,Low,25,20,30,Citrate,200,Sand,0.1,Wet,3,0.00012066,3.451e-06,2.860102768108735,0.0002645,0.00031471,4.2e-06,1.3345619776937496,0.0006422,0.00045886,0.0001137,24.778799633875256,4.471e-05
209,5.5,Low,25,20,30,DTPA,50,Sand,0.1,Wet,3,0.00012066,0.0001023,84.78368970661363,0.004694,0.00031471,4.628e-05,14.705601982777793,0.004236,0.00045886,0.0004527,98.65754260558775,0.0001065
210,5.5,Low,25,20,30,DTPA,200,Sand,0.1,Wet,3,0.00012066,6.188e-05,51.284601359191115,0.003801,0.00031471,1.004e-06,0.3190238632391726,0.0001231,0.00045886,0.0003061,66.70880006973805,9.641e-05
211,5.5,Low,25,20,30,None,0,Loam,0.5,Dry,12,0.00012066,0.0001026,85.03232222774739,0.01251,0.00031471,0.0003071,97.58190079755965,0.07476,0.00045886,0.0004545,99.04981911694199,0.0002844
212,5.5,Low,25,20,30,EDTA,50,Loam,0.5,Dry,12,0.00012066,8.814e-05,73.04823470909996,0.01468,0.00031471,0.0001581,50.23672587461472,0.05255,0.00045886,0.0004531,98.74471516366647,0.0003871
213,5.5,Low,25,20,30,EDTA,200,Loam,0.5,Dry,12,0.00012066,1.54e-06,1.2763136084866569,0.0005926,0.00031471,8.085e-07,0.25690318070604684,0.0006209,0.00045886,0.0002053,44.741315433901406,0.0004052
214,5.5,Low,25,20,30,Citrate,50,Loam,0.5,Dry,12,0.00012066,6.396e-05,53.008453505718556,0.01201,0.00031471,0.0001267,40.259286327094784,0.04748,0.00045886,0.0004276,93.18746458614827,0.0004117
215,5.5,Low,25,20,30,Citrate,200,Loam,0.5,Dry,12,0.00012066,3.583e-06,2.9695010774075916,0.001365,0.00031471,4.561e-06,1.449270757205046,0.003466,0.00045886,0.0001171,25.51976637754435,0.0002287
216,5.5,Low,25,20,30,DTPA,50,Loam,0.5,Dry,12,0.00012066,0.0001025,84.9494447207028,0.01576,0.00031471,0.0001838,58.40297416669314,0.05642,0.00045886,0.000454,98.94085341934358,0.0003582
217,5.5,Low,25,20,30,DTPA,200,Loam,0.5,Dry,12,0.00012066,6.248e-05,51.78186640145864,0.0191,0.00031471,1.04e-06,0.330462965905119,0.0006343,0.00045886,0.0003085,67.23183541821035,0.0004837
218,5.5,Low,25,20,30,None,0,Loam,0.5,Mesic,8,0.00012066,0.0001026,85.03232222774739,0.01251,0.00031471,0.0003071,97.58190079755965,0.07476,0.00045886,0.0004545,99.04981911694199,0.0002844
219,5.5,Low,25,20,30,EDTA,50,Loam,0.5,Mesic,8,0.00012066,8.814e-05,73.04823470909996,0.01468,0.00031471,0.0001581,50.23672587461472,0.05254,0.00045886,0.0004531,98.74471516366647,0.0003871
220,5.5,Low,25,20,30,EDTA,200,Loam,0.5,Mesic,8,0.00012066,1.54e-06,1.2763136084866569,0.0005926,0.00031471,8.085e-07,0.25690318070604684,0.0006209,0.00045886,0.0002053,44.741315433901406,0.0004052
221,5.5,Low,25,20,30,Citrate,50,Loam,0.5,Mesic,8,0.00012066,6.396e-05,53.008453505718556,0.01201,0.00031471,0.0001267,40.259286327094784,0.04748,0.00045886,0.0004276,93.18746458614827,0.0004117
222,5.5,Low,25,20,30,Citrate,200,Loam,0.5,Mesic,8,0.00012066,3.583e-06,2.9695010774075916,0.001365,0.00031471,4.561e-06,1.449270757205046,0.003466,0.00045886,0.0001171,25.51976637754435,0.0002287
223,5.5,Low,25,20,30,DTPA,50,Loam,0.5,Mesic,8,0.00012066,0.0001025,84.9494447207028,0.01576,0.00031471,0.0001838,58.40297416669314,0.05642,0.00045886,0.000454,98.94085341934358,0.0003582
224,5.5,Low,25,20,30,DTPA,200,Loam,0.5,Mesic,8,0.00012066,6.248e-05,51.78186640145864,0.0191,0.00031471,1.04e-06,0.330462965905119,0.0006343,0.00045886,0.0003085,67.23183541821035,0.0004837
225,5.5,Low,25,20,30,None,0,Loam,0.5,Wet,3,0.00012066,0.000103,85.36383225592574,0.02119,0.00031471,7.805e-05,24.800610085475515,0.03202,0.00045886,0.0004546,99.07161225646166,0.0004794
226,5.5,Low,25,20,30,EDTA,50,Loam,0.5,Wet,3,0.00012066,6.948e-05,57.583291894579816,0.01712,0.00031471,4.516e-05,14.349718788726129,0.0222,0.00045886,0.0004506,98.19988667567449,0.0005694
227,5.5,Low,25,20,30,EDTA,200,Loam,0.5,Wet,3,0.00012066,1.507e-06,1.2489640311619425,0.0005801,0.00031471,7.844e-07,0.24924533697689935,0.0006027,0.00045886,0.0002028,44.19648694590943,0.0004005
228,5.5,Low,25,20,30,Citrate,50,Loam,0.5,Wet,3,0.00012066,4.594e-05,38.07392673628377,0.01204,0.00031471,4.412e-05,14.019255822821009,0.02307,0.00045886,0.0004027,87.76097284574816,0.0005412
229,5.5,Low,25,20,30,Citrate,200,Loam,0.5,Wet,3,0.00012066,3.451e-06,2.860102768108735,0.00132,0.00031471,4.2e-06,1.3345619776937496,0.003204,0.00045886,0.0001137,24.778799633875256,0.0002231
230,5.5,Low,25,20,30,DTPA,50,Loam,0.5,Wet,3,0.00012066,0.0001023,84.78368970661363,0.02342,0.00031471,4.628e-05,14.705601982777793,0.02114,0.00045886,0.0004527,98.65754260558775,0.0005314
231,5.5,Low,25,20,30,DTPA,200,Loam,0.5,Wet,3,0.00012066,6.188e-05,51.284601359191115,0.01896,0.00031471,1.004e-06,0.3190238632391726,0.000614,0.00045886,0.0003061,66.70880006973805,0.0004809
232,5.5,Low,25,20,30,None,0,Clay,1.5,Dry,12,0.00012066,0.0001026,85.03232222774739,0.03753,0.00031471,0.0003071,97.58190079755965,0.2242,0.00045886,0.0004545,99.04981911694199,0.000853
233,5.5,Low,25,20,30,EDTA,50,Clay,1.5,Dry,12,0.00012066,8.814e-05,73.04823470909996,0.04404,0.00031471,0.0001581,50.23672587461472,0.1576,0.00045886,0.0004531,98.74471516366647,0.001161
234,5.5,Low,25,20,30,EDTA,200,Clay,1.5,Dry,12,0.00012066,1.54e-06,1.2763136084866569,0.001777,0.00031471,8.085e-07,0.25690318070604684,0.001862,0.00045886,0.0002053,44.741315433901406,0.001215
235,5.5,Low,25,20,30,Citrate,50,Clay,1.5,Dry,12,0.00012066,6.396e-05,53.008453505718556,0.03601,0.00031471,0.0001267,40.259286327094784,0.1424,0.00045886,0.0004276,93.18746458614827,0.001235
236,5.5,Low,25,20,30,Citrate,200,Clay,1.5,Dry,12,0.00012066,3.583e-06,2.9695010774075916,0.004093,0.00031471,4.561e-06,1.449270757205046,0.0104,0.00045886,0.0001171,25.51976637754435,0.0006859
237,5.5,Low,25,20,30,DTPA,50,Clay,1.5,Dry,12,0.00012066,0.0001025,84.9494447207028,0.04728,0.00031471,0.0001838,58.40297416669314,0.1692,0.00045886,0.000454,98.94085341934358,0.001074
238,5.5,Low,25,20,30,DTPA,200,Clay,1.5,Dry,12,0.00012066,6.248e-05,51.78186640145864,0.05729,0.00031471,1.04e-06,0.330462965905119,0.001902,0.00045886,0.0003085,67.23183541821035,0.001451
239,5.5,Low,25,20,30,None,0,Clay,1.5,Mesic,8,0.00012066,0.0001026,85.03232222774739,0.03753,0.00031471,0.0003071,97.58190079755965,0.2242,0.00045886,0.0004545,99.04981911694199,0.000853
240,5.5,Low,25,20,30,EDTA,50,Clay,1.5,Mesic,8,0.00012066,8.814e-05,73.04823470909996,0.04404,0.00031471,0.0001581,50.23672587461472,0.1576,0.00045886,0.0004531,98.74471516366647,0.001161
241,5.5,Low,25,20,30,EDTA,200,Clay,1.5,Mesic,8,0.00012066,1.54e-06,1.2763136084866569,0.001777,0.00031471,8.085e-07,0.25690318070604684,0.001862,0.00045886,0.0002053,44.741315433901406,0.001215
242,5.5,Low,25,20,30,Citrate,50,Clay,1.5,Mesic,8,0.00012066,6.396e-05,53.008453505718556,0.03601,0.00031471,0.0001267,40.259286327094784,0.1424,0.00045886,0.0004276,93.18746458614827,0.001235
243,5.5,Low,25,20,30,Citrate,200,Clay,1.5,Mesic,8,0.00012066,3.583e-06,2.9695010774075916,0.004093,0.00031471,4.561e-06,1.449270757205046,0.0104,0.00045886,0.0001171,25.51976637754435,0.0006859
244,5.5,Low,25,20,30,DTPA,50,Clay,1.5,Mesic,8,0.00012066,0.0001025,84.9494447207028,0.04728,0.00031471,0.0001838,58.40297416669314,0.1692,0.00045886,0.000454,98.94085341934358,0.001074
245,5.5,Low,25,20,30,DTPA,200,Clay,1.5,Mesic,8,0.00012066,6.248e-05,51.78186640145864,0.05729,0.00031471,1.04e-06,0.330462965905119,0.001902,0.00045886,0.0003085,67.23183541821035,0.001451
246,5.5,Low,25,20,30,None,0,Clay,1.5,Wet,3,0.00012066,0.000103,85.36383225592574,0.06354,0.00031471,7.805e-05,24.800610085475515,0.09602,0.00045886,0.0004546,99.07161225646166,0.001438
247,5.5,Low,25,20,30,EDTA,50,Clay,1.5,Wet,3,0.00012066,6.948e-05,57.583291894579816,0.05134,0.00031471,4.516e-05,14.349718788726129,0.06659,0.00045886,0.0004506,98.19988667567449,0.001708
248,5.5,Low,25,20,30,EDTA,200,Clay,1.5,Wet,3,0.00012066,1.507e-06,1.2489640311619425,0.00174,0.00031471,7.844e-07,0.24924533697689935,0.001807,0.00045886,0.0002028,44.19648694590943,0.001201
249,5.5,Low,25,20,30,Citrate,50,Clay,1.5,Wet,3,0.00012066,4.594e-05,38.07392673628377,0.0361,0.00031471,4.412e-05,14.019255822821009,0.06918,0.00045886,0.0004027,87.76097284574816,0.001623
250,5.5,Low,25,20,30,Citrate,200,Clay,1.5,Wet,3,0.00012066,3.451e-06,2.860102768108735,0.003957,0.00031471,4.2e-06,1.3345619776937496,0.009609,0.00045886,0.0001137,24.778799633875256,0.0006689
251,5.5,Low,25,20,30,DTPA,50,Clay,1.5,Wet,3,0.00012066,0.0001023,84.78368970661363,0.07024,0.00031471,4.628e-05,14.705601982777793,0.06338,0.00045886,0.0004527,98.65754260558775,0.001594
252,5.5,Low,25,20,30,DTPA,200,Clay,1.5,Wet,3,0.00012066,6.188e-05,51.284601359191115,0.05686,0.00031471,1.004e-06,0.3190238632391726,0.001841,0.00045886,0.0003061,66.70880006973805,0.001442
253,5.5,Medium,100,80,120,None,0,Sand,0.1,Dry,12,0.00048263,0.0004154,86.07007438410376,0.0039,0.0012589,0.001227,97.46604178250854,0.02299,0.0018354,0.00182,99.16094584286805,8.762e-05
254,5.5,Medium,100,80,120,EDTA,50,Sand,0.1,Dry,12,0.00048263,0.0004051,83.93593435965438,0.004146,0.0012589,0.001074,85.3125744697752,0.02192,0.0018354,0.001819,99.10646180669063,9.547e-05
255,5.5,Medium,100,80,120,EDTA,200,Sand,0.1,Dry,12,0.00048263,0.0003564,73.84538880716076,0.005016,0.0012589,0.0006334,50.3137659861784,0.01779,0.0018354,0.001815,98.88852566198103,0.000131
256,5.5,Medium,100,80,120,Citrate,50,Sand,0.1,Dry,12,0.00048263,0.0003825,79.25325818950334,0.004062,0.0012589,0.001024,81.3408531257447,0.02169,0.0018354,0.001804,98.28920126402963,9.826e-05
257,5.5,Medium,100,80,120,Citrate,200,Sand,0.1,Dry,12,0.00048263,0.0002579,53.436379835484736,0.004392,0.0012589,0.0004869,38.676622448169034,0.01655,0.0018354,0.001713,93.33115397188622,0.0001496
258,5.5,Medium,100,80,120,DTPA,50,Sand,0.1,Dry,12,0.00048263,0.0004154,86.07007438410376,0.004161,0.0012589,0.001104,87.69560727619348,0.02207,0.0018354,0.00182,99.16094584286805,9.347e-05
259,5.5,Medium,100,80,120,DTPA,200,Sand,0.1,Dry,12,0.00048263,0.0004155,86.09079419016639,0.005246,0.0012589,0.0007358,58.44785129875287,0.01854,0.0018354,0.001818,99.05197777051323,0.0001178
260,5.5,Medium,100,80,120,None,0,Sand,0.1,Mesic,8,0.00048263,0.0004154,86.07007438410376,0.0039,0.0012589,0.001227,97.46604178250854,0.02299,0.0018354,0.00182,99.16094584286805,8.763e-05
261,5.5,Medium,100,80,120,EDTA,50,Sand,0.1,Mesic,8,0.00048263,0.0004051,83.93593435965438,0.004146,0.0012589,0.001074,85.3125744697752,0.02192,0.0018354,0.001819,99.10646180669063,9.547e-05
262,5.5,Medium,100,80,120,EDTA,200,Sand,0.1,Mesic,8,0.00048263,0.0003564,73.84538880716076,0.005016,0.0012589,0.0006334,50.3137659861784,0.01779,0.0018354,0.001815,98.88852566198103,0.000131
263,5.5,Medium,100,80,120,Citrate,50,Sand,0.1,Mesic,8,0.00048263,0.0003825,79.25325818950334,0.004062,0.0012589,0.001024,81.3408531257447,0.02169,0.0018354,0.001804,98.28920126402963,9.826e-05
264,5.5,Medium,100,80,120,Citrate,200,Sand,0.1,Mesic,8,0.00048263,0.0002579,53.436379835484736,0.004392,0.0012589,0.0004869,38.676622448169034,0.01655,0.0018354,0.001713,93.33115397188622,0.0001496
265,5.5,Medium,100,80,120,DTPA,50,Sand,0.1,Mesic,8,0.00048263,0.0004154,86.07007438410376,0.004161,0.0012589,0.001104,87.69560727619348,0.02207,0.0018354,0.00182,99.16094584286805,9.347e-05
266,5.5,Medium,100,80,120,DTPA,200,Sand,0.1,Mesic,8,0.00048263,0.0004155,86.09079419016639,0.005246,0.0012589,0.0007358,58.44785129875287,0.01854,0.0018354,0.001818,99.05197777051323,0.0001178
267,5.5,Medium,100,80,120,None,0,Sand,0.1,Wet,3,0.00048263,0.0004222,87.4790211963616,0.007282,0.0012589,0.0003945,31.336881404400664,0.01358,0.0018354,0.001822,99.26991391522284,0.0001612
268,5.5,Medium,100,80,120,EDTA,50,Sand,0.1,Wet,3,0.00048263,0.0003941,81.65675569276671,0.007297,0.0012589,0.0003442,27.34132973230598,0.01272,0.0018354,0.00182,99.16094584286805,0.0001728
269,5.5,Medium,100,80,120,EDTA,200,Sand,0.1,Wet,3,0.00048263,0.0002934,60.79191098771315,0.006948,0.0012589,0.0002115,16.800381285249024,0.009992,0.0018354,0.001807,98.45265337256184,0.0002195
270,5.5,Medium,100,80,120,Citrate,50,Sand,0.1,Wet,3,0.00048263,0.000354,73.34811346165799,0.006777,0.0012589,0.0003379,26.840892842958137,0.01291,0.0018354,0.001787,97.36297264901384,0.0001755
271,5.5,Medium,100,80,120,Citrate,200,Sand,0.1,Wet,3,0.00048263,0.0001892,39.20187307046806,0.005137,0.0012589,0.000191,15.171975534196521,0.01035,0.0018354,0.00162,88.26413860738803,0.0002256
272,5.5,Medium,100,80,120,DTPA,50,Sand,0.1,Wet,3,0.00048263,0.0004214,87.31326274786068,0.00762,0.0012589,0.0003497,27.778219080149334,0.01262,0.0018354,0.001821,99.21542987904543,0.0001689
273,5.5,Medium,100,80,120,DTPA,200,Sand,0.1,Wet,3,0.00048263,0.0004184,86.69166856598221,0.008811,0.0012589,0.0002232,17.729764079752165,0.009378,0.0018354,0.001815,98.88852566198103,0.0001961
274,5.5,Medium,100,80,120,None,0,Loam,0.5,Dry,12,0.00048263,0.0004154,86.07007438410376,0.01945,0.0012589,0.001227,97.46604178250854,0.1147,0.0018354,0.00182,99.16094584286805,0.0004371
275,5.5,Medium,100,80,120,EDTA,50,Loam,0.5,Dry,12,0.00048263,0.0004051,83.93593435965438,0.02068,0.0012589,0.001074,85.3125744697752,0.1093,0.0018354,0.001819,99.10646180669063,0.0004762
276,5.5,Medium,100,80,120,EDTA,200,Loam,0.5,Dry,12,0.00048263,0.0003564,73.84538880716076,0.02502,0.0012589,0.0006334,50.3137659861784,0.08873,0.0018354,0.001815,98.88852566198103,0.0006533
277,5.5,Medium,100,80,120,Citrate,50,Loam,0.5,Dry,12,0.00048263,0.0003825,79.25325818950334,0.02026,0.0012589,0.001024,81.3408531257447,0.1082,0.0018354,0.001804,98.28920126402963,0.0004901
278,5.5,Medium,100,80,120,Citrate,200,Loam,0.5,Dry,12,0.00048263,0.0002579,53.436379835484736,0.02191,0.0012589,0.0004869,38.676622448169034,0.08254,0.0018354,0.001713,93.33115397188622,0.0007461
279,5.5,Medium,100,80,120,DTPA,50,Loam,0.5,Dry,12,0.00048263,0.0004154,86.07007438410376,0.02076,0.0012589,0.001104,87.69560727619348,0.1101,0.0018354,0.00182,99.16094584286805,0.0004662
280,5.5,Medium,100,80,120,DTPA,200,Loam,0.5,Dry,12,0.00048263,0.0004155,86.09079419016639,0.02617,0.0012589,0.0007358,58.44785129875287,0.09246,0.0018354,0.001818,99.05197777051323,0.0005873
281,5.5,Medium,100,80,120,None,0,Loam,0.5,Mesic,8,0.00048263,0.0004154,86.07007438410376,0.01945,0.0012589,0.001227,97.46604178250854,0.1147,0.0018354,0.00182,99.16094584286805,0.0004371
282,5.5,Medium,100,80,120,EDTA,50,Loam,0.5,Mesic,8,0.00048263,0.0004051,83.93593435965438,0.02068,0.0012589,0.001074,85.3125744697752,0.1093,0.0018354,0.001819,99.10646180669063,0.0004762
283,5.5,Medium,100,80,120,EDTA,200,Loam,0.5,Mesic,8,0.00048263,0.0003564,73.84538880716076,0.02502,0.0012589,0.0006334,50.3137659861784,0.08873,0.0018354,0.001815,98.88852566198103,0.0006534
284,5.5,Medium,100,80,120,Citrate,50,Loam,0.5,Mesic,8,0.00048263,0.0003825,79.25325818950334,0.02026,0.0012589,0.001024,81.3408531257447,0.1082,0.0018354,0.001804,98.28920126402963,0.0004901
285,5.5,Medium,100,80,120,Citrate,200,Loam,0.5,Mesic,8,0.00048263,0.0002579,53.436379835484736,0.02191,0.0012589,0.0004869,38.676622448169034,0.08254,0.0018354,0.001713,93.33115397188622,0.0007462
286,5.5,Medium,100,80,120,DTPA,50,Loam,0.5,Mesic,8,0.00048263,0.0004154,86.07007438410376,0.02076,0.0012589,0.001104,87.69560727619348,0.1101,0.0018354,0.00182,99.16094584286805,0.0004662
287,5.5,Medium,100,80,120,DTPA,200,Loam,0.5,Mesic,8,0.00048263,0.0004155,86.09079419016639,0.02617,0.0012589,0.0007358,58.44785129875287,0.09246,0.0018354,0.001818,99.05197777051323,0.0005873
288,5.5,Medium,100,80,120,None,0,Loam,0.5,Wet,3,0.00048263,0.0004222,87.4790211963616,0.03633,0.0012589,0.0003945,31.336881404400664,0.06773,0.0018354,0.001822,99.26991391522284,0.0008042
289,5.5,Medium,100,80,120,EDTA,50,Loam,0.5,Wet,3,0.00048263,0.0003941,81.65675569276671,0.0364,0.0012589,0.0003442,27.34132973230598,0.06344,0.0018354,0.00182,99.16094584286805,0.000862
290,5.5,Medium,100,80,120,EDTA,200,Loam,0.5,Wet,3,0.00048263,0.0002934,60.79191098771315,0.03466,0.0012589,0.0002115,16.800381285249024,0.04984,0.0018354,0.001807,98.45265337256184,0.001095
291,5.5,Medium,100,80,120,Citrate,50,Loam,0.5,Wet,3,0.00048263,0.000354,73.34811346165799,0.03381,0.0012589,0.0003379,26.840892842958137,0.0644,0.0018354,0.001787,97.36297264901384,0.0008756
292,5.5,Medium,100,80,120,Citrate,200,Loam,0.5,Wet,3,0.00048263,0.0001892,39.20187307046806,0.02563,0.0012589,0.000191,15.171975534196521,0.05161,0.0018354,0.00162,88.26413860738803,0.001125
293,5.5,Medium,100,80,120,DTPA,50,Loam,0.5,Wet,3,0.00048263,0.0004214,87.31326274786068,0.03801,0.0012589,0.0003497,27.778219080149334,0.06295,0.0018354,0.001821,99.21542987904543,0.0008424
294,5.5,Medium,100,80,120,DTPA,200,Loam,0.5,Wet,3,0.00048263,0.0004184,86.69166856598221,0.04395,0.0012589,0.0002232,17.729764079752165,0.04678,0.0018354,0.001815,98.88852566198103,0.000978
295,5.5,Medium,100,80,120,None,0,Clay,1.5,Dry,12,0.00048263,0.0004154,86.07007438410376,0.05833,0.0012589,0.001227,97.46604178250854,0.3439,0.0018354,0.00182,99.16094584286805,0.001311
296,5.5,Medium,100,80,120,EDTA,50,Clay,1.5,Dry,12,0.00048263,0.0004051,83.93593435965438,0.06201,0.0012589,0.001074,85.3125744697752,0.3279,0.0018354,0.001819,99.10646180669063,0.001428
297,5.5,Medium,100,80,120,EDTA,200,Clay,1.5,Dry,12,0.00048263,0.0003564,73.84538880716076,0.07503,0.0012589,0.0006334,50.3137659861784,0.2661,0.0018354,0.001815,98.88852566198103,0.001959
298,5.5,Medium,100,80,120,Citrate,50,Clay,1.5,Dry,12,0.00048263,0.0003825,79.25325818950334,0.06076,0.0012589,0.001024,81.3408531257447,0.3245,0.0018354,0.001804,98.28920126402963,0.00147
299,5.5,Medium,100,80,120,Citrate,200,Clay,1.5,Dry,12,0.00048263,0.0002579,53.436379835484736,0.0657,0.0012589,0.0004869,38.676622448169034,0.2475,0.0018354,0.001713,93.33115397188622,0.002238
300,5.5,Medium,100,80,120,DTPA,50,Clay,1.5,Dry,12,0.00048263,0.0004154,86.07007438410376,0.06224,0.0012589,0.001104,87.69560727619348,0.3302,0.0018354,0.00182,99.16094584286805,0.001398
301,5.5,Medium,100,80,120,DTPA,200,Clay,1.5,Dry,12,0.00048263,0.0004155,86.09079419016639,0.07846,0.0012589,0.0007358,58.44785129875287,0.2773,0.0018354,0.001818,99.05197777051323,0.001761
302,5.5,Medium,100,80,120,None,0,Clay,1.5,Mesic,8,0.00048263,0.0004154,86.07007438410376,0.05833,0.0012589,0.001227,97.46604178250854,0.3439,0.0018354,0.00182,99.16094584286805,0.001311
303,5.5,Medium,100,80,120,EDTA,50,Clay,1.5,Mesic,8,0.00048263,0.0004051,83.93593435965438,0.06201,0.0012589,0.001074,85.3125744697752,0.3279,0.0018354,0.001819,99.10646180669063,0.001428
304,5.5,Medium,100,80,120,EDTA,200,Clay,1.5,Mesic,8,0.00048263,0.0003564,73.84538880716076,0.07503,0.0012589,0.0006334,50.3137659861784,0.2661,0.0018354,0.001815,98.88852566198103,0.001959
305,5.5,Medium,100,80,120,Citrate,50,Clay,1.5,Mesic,8,0.00048263,0.0003825,79.25325818950334,0.06076,0.0012589,0.001024,81.3408531257447,0.3245,0.0018354,0.001804,98.28920126402963,0.00147
306,5.5,Medium,100,80,120,Citrate,200,Clay,1.5,Mesic,8,0.00048263,0.0002579,53.436379835484736,0.0657,0.0012589,0.0004869,38.676622448169034,0.2475,0.0018354,0.001713,93.33115397188622,0.002238
307,5.5,Medium,100,80,120,DTPA,50,Clay,1.5,Mesic,8,0.00048263,0.0004154,86.07007438410376,0.06224,0.0012589,0.001104,87.69560727619348,0.3302,0.0018354,0.00182,99.16094584286805,0.001398
308,5.5,Medium,100,80,120,DTPA,200,Clay,1.5,Mesic,8,0.00048263,0.0004155,86.09079419016639,0.07846,0.0012589,0.0007358,58.44785129875287,0.2773,0.0018354,0.001818,99.05197777051323,0.001761
309,5.5,Medium,100,80,120,None,0,Clay,1.5,Wet,3,0.00048263,0.0004222,87.4790211963616,0.1089,0.0012589,0.0003945,31.336881404400664,0.2031,0.0018354,0.001822,99.26991391522284,0.002412
310,5.5,Medium,100,80,120,EDTA,50,Clay,1.5,Wet,3,0.00048263,0.0003941,81.65675569276671,0.1092,0.0012589,0.0003442,27.34132973230598,0.1902,0.0018354,0.00182,99.16094584286805,0.002585
311,5.5,Medium,100,80,120,EDTA,200,Clay,1.5,Wet,3,0.00048263,0.0002934,60.79191098771315,0.1039,0.0012589,0.0002115,16.800381285249024,0.1495,0.0018354,0.001807,98.45265337256184,0.003284
312,5.5,Medium,100,80,120,Citrate,50,Clay,1.5,Wet,3,0.00048263,0.000354,73.34811346165799,0.1014,0.0012589,0.0003379,26.840892842958137,0.1931,0.0018354,0.001787,97.36297264901384,0.002626
313,5.5,Medium,100,80,120,Citrate,200,Clay,1.5,Wet,3,0.00048263,0.0001892,39.20187307046806,0.07686,0.0012589,0.000191,15.171975534196521,0.1548,0.0018354,0.00162,88.26413860738803,0.003375
314,5.5,Medium,100,80,120,DTPA,50,Clay,1.5,Wet,3,0.00048263,0.0004214,87.31326274786068,0.114,0.0012589,0.0003497,27.778219080149334,0.1888,0.0018354,0.001821,99.21542987904543,0.002526
315,5.5,Medium,100,80,120,DTPA,200,Clay,1.5,Wet,3,0.00048263,0.0004184,86.69166856598221,0.1318,0.0012589,0.0002232,17.729764079752165,0.1403,0.0018354,0.001815,98.88852566198103,0.002933
316,5.5,High,300,250,400,None,0,Sand,0.1,Dry,12,0.0014479,0.001274,87.98950203743352,0.004756,0.0039339,0.003822,97.15549454739572,0.02846,0.0061181,0.006079,99.36091270165576,0.0001164
317,5.5,High,300,250,400,EDTA,50,Sand,0.1,Dry,12,0.0014479,0.001265,87.36791214862906,0.004861,0.0039339,0.003669,93.26622435750782,0.02814,0.0061181,0.006078,99.34456775796409,0.0001198
318,5.5,High,300,250,400,EDTA,200,Sand,0.1,Dry,12,0.0014479,0.001232,85.08874922301264,0.005201,0.0039339,0.003214,81.70009405424642,0.02708,0.0061181,0.006076,99.31187787058074,0.0001316
319,5.5,High,300,250,400,Citrate,50,Sand,0.1,Dry,12,0.0014479,0.001243,85.84847019821811,0.004837,0.0039339,0.003617,91.94438089427794,0.02809,0.0061181,0.006064,99.11573854628072,0.000121
320,5.5,High,300,250,400,Citrate,200,Sand,0.1,Dry,12,0.0014479,0.001147,79.21817805097037,0.005125,0.0039339,0.003007,76.43814026792751,0.02681,0.0061181,0.006013,98.2821464180056,0.0001378
321,5.5,High,300,250,400,DTPA,50,Sand,0.1,Dry,12,0.0014479,0.001275,88.05856758063403,0.004863,0.0039339,0.003701,94.0796664887262,0.02817,0.0061181,0.006079,99.36091270165576,0.000119
322,5.5,High,300,250,400,DTPA,200,Sand,0.1,Dry,12,0.0014479,0.001275,88.05856758063403,0.005217,0.0039339,0.003336,84.80134217951651,0.02724,0.0061181,0.006079,99.36091270165576,0.0001276
323,5.5,High,300,250,400,None,0,Sand,0.1,Mesic,8,0.0014479,0.001274,87.98950203743352,0.004756,0.0039339,0.003822,97.15549454739572,0.02846,0.0061181,0.006079,99.36091270165576,0.0001164
324,5.5,High,300,250,400,EDTA,50,Sand,0.1,Mesic,8,0.0014479,0.001265,87.36791214862906,0.004861,0.0039339,0.003669,93.26622435750782,0.02814,0.0061181,0.006078,99.34456775796409,0.0001198
325,5.5,High,300,250,400,EDTA,200,Sand,0.1,Mesic,8,0.0014479,0.001232,85.08874922301264,0.005201,0.0039339,0.003214,81.70009405424642,0.02708,0.0061181,0.006076,99.31187787058074,0.0001316
326,5.5,High,300,250,400,Citrate,50,Sand,0.1,Mesic,8,0.0014479,0.001243,85.84847019821811,0.004837,0.0039339,0.003617,91.94438089427794,0.02809,0.0061181,0.006064,99.11573854628072,0.0001211
327,5.5,High,300,250,400,Citrate,200,Sand,0.1,Mesic,8,0.0014479,0.001147,79.21817805097037,0.005125,0.0039339,0.003007,76.43814026792751,0.02681,0.0061181,0.006013,98.2821464180056,0.0001378
328,5.5,High,300,250,400,DTPA,50,Sand,0.1,Mesic,8,0.0014479,0.001275,88.05856758063403,0.004863,0.0039339,0.003701,94.0796664887262,0.02817,0.0061181,0.006079,99.36091270165576,0.000119
329,5.5,High,300,250,400,DTPA,200,Sand,0.1,Mesic,8,0.0014479,0.001275,88.05856758063403,0.005217,0.0039339,0.003336,84.80134217951651,0.02724,0.0061181,0.006079,99.36091270165576,0.0001276
330,5.5,High,300,250,400,None,0,Sand,0.1,Wet,3,0.0014479,0.001314,90.75212376545342,0.008002,0.0039339,0.001778,45.19687841582146,0.02159,0.0061181,0.006093,99.58974191333913,0.0001903
331,5.5,High,300,250,400,EDTA,50,Sand,0.1,Wet,3,0.0014479,0.001293,89.30174735824298,0.008109,0.0039339,0.001696,43.112432954574345,0.02122,0.0061181,0.006092,99.57339696964745,0.0001959
332,5.5,High,300,250,400,EDTA,200,Sand,0.1,Wet,3,0.0014479,0.001223,84.46715933420815,0.00842,0.0039339,0.001459,37.08787717023819,0.02005,0.0061181,0.006086,99.47532730749744,0.0002149
333,5.5,High,300,250,400,Citrate,50,Sand,0.1,Wet,3,0.0014479,0.001256,86.74632225982457,0.007976,0.0039339,0.001678,42.654871755764,0.02127,0.0061181,0.006066,99.14842843366407,0.0001976
334,5.5,High,300,250,400,Citrate,200,Sand,0.1,Wet,3,0.0014479,0.001087,75.07424545894054,0.007912,0.0039339,0.001389,35.30847250819797,0.02017,0.0061181,0.005973,97.62834867033884,0.0002229
335,5.5,High,300,250,400,DTPA,50,Sand,0.1,Wet,3,0.0014479,0.001314,90.75212376545342,0.008168,0.0039339,0.00171,43.468313886982386,0.02121,0.0061181,0.006093,99.58974191333913,0.0001943
336,5.5,High,300,250,400,DTPA,200,Sand,0.1,Wet,3,0.0014479,0.001311,90.54492713585192,0.008708,0.0039339,0.001508,38.33346043366634,0.01999,0.0061181,0.006091,99.55705202595578,0.0002075
337,5.5,High,300,250,400,None,0,Loam,0.5,Dry,12,0.0014479,0.001274,87.98950203743352,0.02369,0.0039339,0.003822,97.15549454739572,0.1418,0.0061181,0.006079,99.36091270165576,0.0005797
338,5.5,High,300,250,400,EDTA,50,Loam,0.5,Dry,12,0.0014479,0.001265,87.36791214862906,0.02422,0.0039339,0.003669,93.26622435750782,0.1402,0.0061181,0.006078,99.34456775796409,0.0005969
339,5.5,High,300,250,400,EDTA,200,Loam,0.5,Dry,12,0.0014479,0.001232,85.08874922301264,0.02591,0.0039339,0.003214,81.70009405424642,0.1349,0.0061181,0.006076,99.31187787058074,0.0006557
340,5.5,High,300,250,400,Citrate,50,Loam,0.5,Dry,12,0.0014479,0.001243,85.84847019821811,0.0241,0.0039339,0.003617,91.94438089427794,0.14,0.0061181,0.006064,99.11573854628072,0.0006031
341,5.5,High,300,250,400,Citrate,200,Loam,0.5,Dry,12,0.0014479,0.001147,79.21817805097037,0.02554,0.0039339,0.003007,76.43814026792751,0.1336,0.0061181,0.006013,98.2821464180056,0.0006868
342,5.5,High,300,250,400,DTPA,50,Loam,0.5,Dry,12,0.0014479,0.001275,88.05856758063403,0.02423,0.0039339,0.003701,94.0796664887262,0.1404,0.0061181,0.006079,99.36091270165576,0.0005926
343,5.5,High,300,250,400,DTPA,200,Loam,0.5,Dry,12,0.0014479,0.001275,88.05856758063403,0.02599,0.0039339,0.003336,84.80134217951651,0.1357,0.0061181,0.006079,99.36091270165576,0.0006355
344,5.5,High,300,250,400,None,0,Loam,0.5,Mesic,8,0.0014479,0.001274,87.98950203743352,0.02369,0.0039339,0.003822,97.15549454739572,0.1418,0.0061181,0.006079,99.36091270165576,0.0005797
345,5.5,High,300,250,400,EDTA,50,Loam,0.5,Mesic,8,0.0014479,0.001265,87.36791214862906,0.02422,0.0039339,0.003669,93.26622435750782,0.1402,0.0061181,0.006078,99.34456775796409,0.0005969
346,5.5,High,300,250,400,EDTA,200,Loam,0.5,Mesic,8,0.0014479,0.001232,85.08874922301264,0.02591,0.0039339,0.003214,81.70009405424642,0.1349,0.0061181,0.006076,99.31187787058074,0.0006557
347,5.5,High,300,250,400,Citrate,50,Loam,0.5,Mesic,8,0.0014479,0.001243,85.84847019821811,0.0241,0.0039339,0.003617,91.94438089427794,0.14,0.0061181,0.006064,99.11573854628072,0.0006031
348,5.5,High,300,250,400,Citrate,200,Loam,0.5,Mesic,8,0.0014479,0.001147,79.21817805097037,0.02554,0.0039339,0.003007,76.43814026792751,0.1336,0.0061181,0.006013,98.2821464180056,0.0006868
349,5.5,High,300,250,400,DTPA,50,Loam,0.5,Mesic,8,0.0014479,0.001275,88.05856758063403,0.02423,0.0039339,0.003701,94.0796664887262,0.1404,0.0061181,0.006079,99.36091270165576,0.0005926
350,5.5,High,300,250,400,DTPA,200,Loam,0.5,Mesic,8,0.0014479,0.001275,88.05856758063403,0.02599,0.0039339,0.003336,84.80134217951651,0.1357,0.0061181,0.006079,99.36091270165576,0.0006355
351,5.5,High,300,250,400,None,0,Loam,0.5,Wet,3,0.0014479,0.001314,90.75212376545342,0.03988,0.0039339,0.001778,45.19687841582146,0.1076,0.0061181,0.006093,99.58974191333913,0.0009483
352,5.5,High,300,250,400,EDTA,50,Loam,0.5,Wet,3,0.0014479,0.001293,89.30174735824298,0.04042,0.0039339,0.001696,43.112432954574345,0.1058,0.0061181,0.006092,99.57339696964745,0.0009765
353,5.5,High,300,250,400,EDTA,200,Loam,0.5,Wet,3,0.0014479,0.001223,84.46715933420815,0.04196,0.0039339,0.001459,37.08787717023819,0.0999,0.0061181,0.006086,99.47532730749744,0.001071
354,5.5,High,300,250,400,Citrate,50,Loam,0.5,Wet,3,0.0014479,0.001256,86.74632225982457,0.03975,0.0039339,0.001678,42.654871755764,0.106,0.0061181,0.006066,99.14842843366407,0.000985
355,5.5,High,300,250,400,Citrate,200,Loam,0.5,Wet,3,0.0014479,0.001087,75.07424545894054,0.03944,0.0039339,0.001389,35.30847250819797,0.1005,0.0061181,0.005973,97.62834867033884,0.001111
356,5.5,High,300,250,400,DTPA,50,Loam,0.5,Wet,3,0.0014479,0.001314,90.75212376545342,0.04071,0.0039339,0.00171,43.468313886982386,0.1057,0.0061181,0.006093,99.58974191333913,0.0009684
357,5.5,High,300,250,400,DTPA,200,Loam,0.5,Wet,3,0.0014479,0.001311,90.54492713585192,0.0434,0.0039339,0.001508,38.33346043366634,0.09962,0.0061181,0.006091,99.55705202595578,0.001034
358,5.5,High,300,250,400,None,0,Clay,1.5,Dry,12,0.0014479,0.001274,87.98950203743352,0.07104,0.0039339,0.003822,97.15549454739572,0.4252,0.0061181,0.006079,99.36091270165576,0.001738
359,5.5,High,300,250,400,EDTA,50,Clay,1.5,Dry,12,0.0014479,0.001265,87.36791214862906,0.0726,0.0039339,0.003669,93.26622435750782,0.4203,0.0061181,0.006078,99.34456775796409,0.00179
360,5.5,High,300,250,400,EDTA,200,Clay,1.5,Dry,12,0.0014479,0.001232,85.08874922301264,0.07769,0.0039339,0.003214,81.70009405424642,0.4046,0.0061181,0.006076,99.31187787058074,0.001966
361,5.5,High,300,250,400,Citrate,50,Clay,1.5,Dry,12,0.0014479,0.001243,85.84847019821811,0.07225,0.0039339,0.003617,91.94438089427794,0.4196,0.0061181,0.006064,99.11573854628072,0.001808
362,5.5,High,300,250,400,Citrate,200,Clay,1.5,Dry,12,0.0014479,0.001147,79.21817805097037,0.07657,0.0039339,0.003007,76.43814026792751,0.4006,0.0061181,0.006013,98.2821464180056,0.002059
363,5.5,High,300,250,400,DTPA,50,Clay,1.5,Dry,12,0.0014479,0.001275,88.05856758063403,0.07263,0.0039339,0.003701,94.0796664887262,0.4208,0.0061181,0.006079,99.36091270165576,0.001777
364,5.5,High,300,250,400,DTPA,200,Clay,1.5,Dry,12,0.0014479,0.001275,88.05856758063403,0.07792,0.0039339,0.003336,84.80134217951651,0.4068,0.0061181,0.006079,99.36091270165576,0.001905
365,5.5,High,300,250,400,None,0,Clay,1.5,Mesic,8,0.0014479,0.001274,87.98950203743352,0.07104,0.0039339,0.003822,97.15549454739572,0.4252,0.0061181,0.006079,99.36091270165576,0.001738
366,5.5,High,300,250,400,EDTA,50,Clay,1.5,Mesic,8,0.0014479,0.001265,87.36791214862906,0.0726,0.0039339,0.003669,93.26622435750782,0.4203,0.0061181,0.006078,99.34456775796409,0.00179
367,5.5,High,300,250,400,EDTA,200,Clay,1.5,Mesic,8,0.0014479,0.001232,85.08874922301264,0.07769,0.0039339,0.003214,81.70009405424642,0.4046,0.0061181,0.006076,99.31187787058074,0.001966
368,5.5,High,300,250,400,Citrate,50,Clay,1.5,Mesic,8,0.0014479,0.001243,85.84847019821811,0.07226,0.0039339,0.003617,91.94438089427794,0.4196,0.0061181,0.006064,99.11573854628072,0.001808
369,5.5,High,300,250,400,Citrate,200,Clay,1.5,Mesic,8,0.0014479,0.001147,79.21817805097037,0.07657,0.0039339,0.003007,76.43814026792751,0.4006,0.0061181,0.006013,98.2821464180056,0.002059
370,5.5,High,300,250,400,DTPA,50,Clay,1.5,Mesic,8,0.0014479,0.001275,88.05856758063403,0.07263,0.0039339,0.003701,94.0796664887262,0.4208,0.0061181,0.006079,99.36091270165576,0.001777
371,5.5,High,300,250,400,DTPA,200,Clay,1.5,Mesic,8,0.0014479,0.001275,88.05856758063403,0.07792,0.0039339,0.003336,84.80134217951651,0.4068,0.0061181,0.006079,99.36091270165576,0.001905
372,5.5,High,300,250,400,None,0,Clay,1.5,Wet,3,0.0014479,0.001314,90.75212376545342,0.1196,0.0039339,0.001778,45.19687841582146,0.3227,0.0061181,0.006093,99.58974191333913,0.002843
373,5.5,High,300,250,400,EDTA,50,Clay,1.5,Wet,3,0.0014479,0.001293,89.30174735824298,0.1212,0.0039339,0.001696,43.112432954574345,0.3171,0.0061181,0.006092,99.57339696964745,0.002928
374,5.5,High,300,250,400,EDTA,200,Clay,1.5,Wet,3,0.0014479,0.001223,84.46715933420815,0.1258,0.0039339,0.001459,37.08787717023819,0.2996,0.0061181,0.006086,99.47532730749744,0.003211
375,5.5,High,300,250,400,Citrate,50,Clay,1.5,Wet,3,0.0014479,0.001256,86.74632225982457,0.1192,0.0039339,0.001678,42.654871755764,0.3179,0.0061181,0.006066,99.14842843366407,0.002953
376,5.5,High,300,250,400,Citrate,200,Clay,1.5,Wet,3,0.0014479,0.001087,75.07424545894054,0.1182,0.0039339,0.001389,35.30847250819797,0.3014,0.0061181,0.005973,97.62834867033884,0.003331
377,5.5,High,300,250,400,DTPA,50,Clay,1.5,Wet,3,0.0014479,0.001314,90.75212376545342,0.1221,0.0039339,0.00171,43.468313886982386,0.317,0.0061181,0.006093,99.58974191333913,0.002904
378,5.5,High,300,250,400,DTPA,200,Clay,1.5,Wet,3,0.0014479,0.001311,90.54492713585192,0.1301,0.0039339,0.001508,38.33346043366634,0.2987,0.0061181,0.006091,99.55705202595578,0.0031
379,6.0,Low,25,20,30,None,0,Sand,0.1,Dry,12,0.00012066,9.26e-05,76.74457152328858,0.004586,0.00031471,0.0002855,90.71843919799181,0.02821,0.00045886,0.0004523,98.57037004750904,0.0001149
380,6.0,Low,25,20,30,EDTA,50,Sand,0.1,Dry,12,0.00012066,7.979e-05,66.12796287087683,0.006221,0.00031471,0.0001472,46.77321978964761,0.0229,0.00045886,0.0004508,98.24347295471385,0.0001802
381,6.0,Low,25,20,30,EDTA,200,Sand,0.1,Dry,12,0.00012066,1.524e-06,1.2630532073595224,0.001022,0.00031471,8.034e-07,0.25528264116170446,0.001075,0.00045886,0.000204,44.45800462014557,0.0007018
382,6.0,Low,25,20,30,Citrate,50,Sand,0.1,Dry,12,0.00012066,5.831e-05,48.32587435769932,0.005455,0.00031471,0.0001183,37.59016237170729,0.02209,0.00045886,0.0004242,92.44649784247919,0.0002036
383,6.0,Low,25,20,30,Citrate,200,Sand,0.1,Dry,12,0.00012066,3.239e-06,2.6844024531742083,0.001777,0.00031471,4.14e-06,1.315496806583839,0.004533,0.00045886,0.00011,23.972453471647125,0.0003095
384,6.0,Low,25,20,30,DTPA,50,Sand,0.1,Dry,12,0.00012066,9.248e-05,76.64511851483506,0.006404,0.00031471,0.0001715,54.49461408916145,0.02369,0.00045886,0.0004518,98.46140434991064,0.0001604
385,6.0,Low,25,20,30,DTPA,200,Sand,0.1,Dry,12,0.00012066,5.8e-05,48.0689540858611,0.01532,0.00031471,1.012e-06,0.3215658860538273,0.0005334,0.00045886,0.0003048,66.4254892559822,0.0004129
386,6.0,Low,25,20,30,None,0,Sand,0.1,Mesic,8,0.00012066,9.26e-05,76.74457152328858,0.004586,0.00031471,0.0002855,90.71843919799181,0.02821,0.00045886,0.0004523,98.57037004750904,0.0001149
387,6.0,Low,25,20,30,EDTA,50,Sand,0.1,Mesic,8,0.00012066,7.979e-05,66.12796287087683,0.006221,0.00031471,0.0001472,46.77321978964761,0.0229,0.00045886,0.0004508,98.24347295471385,0.0001802
388,6.0,Low,25,20,30,EDTA,200,Sand,0.1,Mesic,8,0.00012066,1.524e-06,1.2630532073595224,0.001022,0.00031471,8.034e-07,0.25528264116170446,0.001075,0.00045886,0.000204,44.45800462014557,0.0007018
389,6.0,Low,25,20,30,Citrate,50,Sand,0.1,Mesic,8,0.00012066,5.831e-05,48.32587435769932,0.005455,0.00031471,0.0001183,37.59016237170729,0.02209,0.00045886,0.0004242,92.44649784247919,0.0002036
390,6.0,Low,25,20,30,Citrate,200,Sand,0.1,Mesic,8,0.00012066,3.239e-06,2.6844024531742083,0.001777,0.00031471,4.14e-06,1.315496806583839,0.004533,0.00045886,0.00011,23.972453471647125,0.0003095
391,6.0,Low,25,20,30,DTPA,50,Sand,0.1,Mesic,8,0.00012066,9.248e-05,76.64511851483506,0.006404,0.00031471,0.0001714,54.462838803978265,0.02369,0.00045886,0.0004518,98.46140434991064,0.0001604
392,6.0,Low,25,20,30,DTPA,200,Sand,0.1,Mesic,8,0.00012066,5.8e-05,48.0689540858611,0.01532,0.00031471,1.012e-06,0.3215658860538273,0.0005334,0.00045886,0.0003048,66.4254892559822,0.0004129
393,6.0,Low,25,20,30,None,0,Sand,0.1,Wet,3,0.00012066,9.277e-05,76.88546328526438,0.009924,0.00031471,7.665e-05,24.355756092910934,0.01636,0.00045886,0.0004524,98.59216318702873,0.0002482
394,6.0,Low,25,20,30,EDTA,50,Sand,0.1,Wet,3,0.00012066,6.384e-05,52.90900049726505,0.009579,0.00031471,4.402e-05,13.987480537637826,0.01318,0.00045886,0.0004482,97.6768513272022,0.0003449
395,6.0,Low,25,20,30,EDTA,200,Sand,0.1,Wet,3,0.00012066,1.492e-06,1.2365324051052544,0.001004,0.00031471,7.798e-07,0.24778367385847289,0.001047,0.00045886,0.0002016,43.934969271673275,0.0006956
396,6.0,Low,25,20,30,Citrate,50,Sand,0.1,Wet,3,0.00012066,4.273e-05,35.41355876015249,0.007189,0.00031471,4.294e-05,13.644307457659433,0.01442,0.00045886,0.0003997,87.10717866015779,0.0003449
397,6.0,Low,25,20,30,Citrate,200,Sand,0.1,Wet,3,0.00012066,3.125e-06,2.589922095143378,0.001747,0.00031471,3.834e-06,1.2182644339232944,0.004277,0.00045886,0.0001069,23.296866146537067,0.0003065
398,6.0,Low,25,20,30,DTPA,50,Sand,0.1,Wet,3,0.00012066,9.223e-05,76.4379247472236,0.01214,0.00031471,4.549e-05,14.454577229830637,0.01195,0.00045886,0.0004505,98.17809353615482,0.0003042
399,6.0,Low,25,20,30,DTPA,200,Sand,0.1,Wet,3,0.00012066,5.749e-05,47.6462787999337,0.01527,0.00031471,9.786e-07,0.3109529408026437,0.0005186,0.00045886,0.0003024,65.90245390750991,0.000412
400,6.0,Low,25,20,30,None,0,Loam,0.5,Dry,12,0.00012066,9.26e-05,76.74457152328858,0.0229,0.00031471,0.0002855,90.71843919799181,0.1409,0.00045886,0.0004523,98.57037004750904,0.0005737
401,6.0,Low,25,20,30,EDTA,50,Loam,0.5,Dry,12,0.00012066,7.979e-05,66.12796287087683,0.03107,0.00031471,0.0001472,46.77321978964761,0.1144,0.00045886,0.0004508,98.24347295471385,0.0009002
402,6.0,Low,25,20,30,EDTA,200,Loam,0.5,Dry,12,0.00012066,1.524e-06,1.2630532073595224,0.005106,0.00031471,8.034e-07,0.25528264116170446,0.00537,0.00045886,0.000204,44.45800462014557,0.003505
403,6.0,Low,25,20,30,Citrate,50,Loam,0.5,Dry,12,0.00012066,5.831e-05,48.32587435769932,0.02725,0.00031471,0.0001183,37.59016237170729,0.1103,0.00045886,0.0004242,92.44649784247919,0.001017
404,6.0,Low,25,20,30,Citrate,200,Loam,0.5,Dry,12,0.00012066,3.239e-06,2.6844024531742083,0.008877,0.00031471,4.14e-06,1.315496806583839,0.02264,0.00045886,0.00011,23.972453471647125,0.001546
405,6.0,Low,25,20,30,DTPA,50,Loam,0.5,Dry,12,0.00012066,9.248e-05,76.64511851483506,0.03198,0.00031471,0.0001715,54.49461408916145,0.1183,0.00045886,0.0004518,98.46140434991064,0.0008013
406,6.0,Low,25,20,30,DTPA,200,Loam,0.5,Dry,12,0.00012066,5.8e-05,48.0689540858611,0.07651,0.00031471,1.012e-06,0.3215658860538273,0.002664,0.00045886,0.0003048,66.4254892559822,0.002062
407,6.0,Low,25,20,30,None,0,Loam,0.5,Mesic,8,0.00012066,9.26e-05,76.74457152328858,0.02291,0.00031471,0.0002855,90.71843919799181,0.1409,0.00045886,0.0004523,98.57037004750904,0.0005737
408,6.0,Low,25,20,30,EDTA,50,Loam,0.5,Mesic,8,0.00012066,7.979e-05,66.12796287087683,0.03107,0.00031471,0.0001472,46.77321978964761,0.1144,0.00045886,0.0004508,98.24347295471385,0.0009002
409,6.0,Low,25,20,30,EDTA,200,Loam,0.5,Mesic,8,0.00012066,1.524e-06,1.2630532073595224,0.005106,0.00031471,8.034e-07,0.25528264116170446,0.00537,0.00045886,0.000204,44.45800462014557,0.003505
410,6.0,Low,25,20,30,Citrate,50,Loam,0.5,Mesic,8,0.00012066,5.831e-05,48.32587435769932,0.02725,0.00031471,0.0001183,37.59016237170729,0.1103,0.00045886,0.0004242,92.44649784247919,0.001017
411,6.0,Low,25,20,30,Citrate,200,Loam,0.5,Mesic,8,0.00012066,3.239e-06,2.6844024531742083,0.008877,0.00031471,4.14e-06,1.315496806583839,0.02264,0.00045886,0.00011,23.972453471647125,0.001546
412,6.0,Low,25,20,30,DTPA,50,Loam,0.5,Mesic,8,0.00012066,9.248e-05,76.64511851483506,0.03198,0.00031471,0.0001714,54.462838803978265,0.1183,0.00045886,0.0004518,98.46140434991064,0.0008013
413,6.0,Low,25,20,30,DTPA,200,Loam,0.5,Mesic,8,0.00012066,5.8e-05,48.0689540858611,0.07651,0.00031471,1.012e-06,0.3215658860538273,0.002664,0.00045886,0.0003048,66.4254892559822,0.002062
414,6.0,Low,25,20,30,None,0,Loam,0.5,Wet,3,0.00012066,9.277e-05,76.88546328526438,0.04956,0.00031471,7.665e-05,24.355756092910934,0.0817,0.00045886,0.0004524,98.59216318702873,0.00124
415,6.0,Low,25,20,30,EDTA,50,Loam,0.5,Wet,3,0.00012066,6.384e-05,52.90900049726505,0.04784,0.00031471,4.402e-05,13.987480537637826,0.06582,0.00045886,0.0004482,97.6768513272022,0.001723
416,6.0,Low,25,20,30,EDTA,200,Loam,0.5,Wet,3,0.00012066,1.492e-06,1.2365324051052544,0.005013,0.00031471,7.798e-07,0.24778367385847289,0.005228,0.00045886,0.0002016,43.934969271673275,0.003474
417,6.0,Low,25,20,30,Citrate,50,Loam,0.5,Wet,3,0.00012066,4.273e-05,35.41355876015249,0.03591,0.00031471,4.294e-05,13.644307457659433,0.072,0.00045886,0.0003997,87.10717866015779,0.001723
418,6.0,Low,25,20,30,Citrate,200,Loam,0.5,Wet,3,0.00012066,3.125e-06,2.589922095143378,0.008727,0.00031471,3.834e-06,1.2182644339232944,0.02136,0.00045886,0.0001069,23.296866146537067,0.001531
419,6.0,Low,25,20,30,DTPA,50,Loam,0.5,Wet,3,0.00012066,9.223e-05,76.4379247472236,0.06066,0.00031471,4.549e-05,14.454577229830637,0.05969,0.00045886,0.0004505,98.17809353615482,0.001519
420,6.0,Low,25,20,30,DTPA,200,Loam,0.5,Wet,3,0.00012066,5.749e-05,47.6462787999337,0.07625,0.00031471,9.786e-07,0.3109529408026437,0.00259,0.00045886,0.0003024,65.90245390750991,0.002057
421,6.0,Low,25,20,30,None,0,Clay,1.5,Dry,12,0.00012066,9.26e-05,76.74457152328858,0.0687,0.00031471,0.0002855,90.71843919799181,0.4226,0.00045886,0.0004523,98.57037004750904,0.001721
422,6.0,Low,25,20,30,EDTA,50,Clay,1.5,Dry,12,0.00012066,7.979e-05,66.12796287087683,0.09319,0.00031471,0.0001472,46.77321978964761,0.343,0.00045886,0.0004508,98.24347295471385,0.0027
423,6.0,Low,25,20,30,EDTA,200,Clay,1.5,Dry,12,0.00012066,1.524e-06,1.2630532073595224,0.01532,0.00031471,8.034e-07,0.25528264116170446,0.01611,0.00045886,0.000204,44.45800462014557,0.01051
424,6.0,Low,25,20,30,Citrate,50,Clay,1.5,Dry,12,0.00012066,5.831e-05,48.32587435769932,0.08173,0.00031471,0.0001183,37.59016237170729,0.3309,0.00045886,0.0004242,92.44649784247919,0.003049
425,6.0,Low,25,20,30,Citrate,200,Clay,1.5,Dry,12,0.00012066,3.239e-06,2.6844024531742083,0.02663,0.00031471,4.14e-06,1.315496806583839,0.06791,0.00045886,0.00011,23.972453471647125,0.004636
426,6.0,Low,25,20,30,DTPA,50,Clay,1.5,Dry,12,0.00012066,9.248e-05,76.64511851483506,0.09593,0.00031471,0.0001715,54.49461408916145,0.3548,0.00045886,0.0004518,98.46140434991064,0.002403
427,6.0,Low,25,20,30,DTPA,200,Clay,1.5,Dry,12,0.00012066,5.8e-05,48.0689540858611,0.2295,0.00031471,1.012e-06,0.3215658860538273,0.007989,0.00045886,0.0003048,66.4254892559822,0.006185
428,6.0,Low,25,20,30,None,0,Clay,1.5,Mesic,8,0.00012066,9.26e-05,76.74457152328858,0.0687,0.00031471,0.0002855,90.71843919799181,0.4226,0.00045886,0.0004523,98.57037004750904,0.001721
429,6.0,Low,25,20,30,EDTA,50,Clay,1.5,Mesic,8,0.00012066,7.979e-05,66.12796287087683,0.09319,0.00031471,0.0001472,46.77321978964761,0.343,0.00045886,0.0004508,98.24347295471385,0.0027
430,6.0,Low,25,20,30,EDTA,200,Clay,1.5,Mesic,8,0.00012066,1.524e-06,1.2630532073595224,0.01532,0.00031471,8.034e-07,0.25528264116170446,0.01611,0.00045886,0.000204,44.45800462014557,0.01051
431,6.0,Low,25,20,30,Citrate,50,Clay,1.5,Mesic,8,0.00012066,5.831e-05,48.32587435769932,0.08173,0.00031471,0.0001183,37.59016237170729,0.3309,0.00045886,0.0004242,92.44649784247919,0.003049
432,6.0,Low,25,20,30,Citrate,200,Clay,1.5,Mesic,8,0.00012066,3.239e-06,2.6844024531742083,0.02663,0.00031471,4.14e-06,1.315496806583839,0.06791,0.00045886,0.00011,23.972453471647125,0.004636
433,6.0,Low,25,20,30,DTPA,50,Clay,1.5,Mesic,8,0.00012066,9.248e-05,76.64511851483506,0.09593,0.00031471,0.0001714,54.462838803978265,0.3548,0.00045886,0.0004518,98.46140434991064,0.002403
434,6.0,Low,25,20,30,DTPA,200,Clay,1.5,Mesic,8,0.00012066,5.8e-05,48.0689540858611,0.2295,0.00031471,1.012e-06,0.3215658860538273,0.007989,0.00045886,0.0003048,66.4254892559822,0.006185
435,6.0,Low,25,20,30,None,0,Clay,1.5,Wet,3,0.00012066,9.277e-05,76.88546328526438,0.1487,0.00031471,7.665e-05,24.355756092910934,0.2451,0.00045886,0.0004524,98.59216318702873,0.003718
436,6.0,Low,25,20,30,EDTA,50,Clay,1.5,Wet,3,0.00012066,6.384e-05,52.90900049726505,0.1435,0.00031471,4.402e-05,13.987480537637826,0.1974,0.00045886,0.0004482,97.6768513272022,0.005168
437,6.0,Low,25,20,30,EDTA,200,Clay,1.5,Wet,3,0.00012066,1.492e-06,1.2365324051052544,0.01504,0.00031471,7.798e-07,0.24778367385847289,0.01568,0.00045886,0.0002016,43.934969271673275,0.01042
438,6.0,Low,25,20,30,Citrate,50,Clay,1.5,Wet,3,0.00012066,4.273e-05,35.41355876015249,0.1077,0.00031471,4.294e-05,13.644307457659433,0.216,0.00045886,0.0003997,87.10717866015779,0.005168
439,6.0,Low,25,20,30,Citrate,200,Clay,1.5,Wet,3,0.00012066,3.125e-06,2.589922095143378,0.02617,0.00031471,3.834e-06,1.2182644339232944,0.06408,0.00045886,0.0001069,23.296866146537067,0.004592
440,6.0,Low,25,20,30,DTPA,50,Clay,1.5,Wet,3,0.00012066,9.223e-05,76.4379247472236,0.1819,0.00031471,4.549e-05,14.454577229830637,0.179,0.00045886,0.0004505,98.17809353615482,0.004557
441,6.0,Low,25,20,30,DTPA,200,Clay,1.5,Wet,3,0.00012066,5.749e-05,47.6462787999337,0.2287,0.00031471,9.786e-07,0.3109529408026437,0.007768,0.00045886,0.0003024,65.90245390750991,0.006171
442,6.0,Medium,100,80,120,None,0,Sand,0.1,Dry,12,0.00048263,0.000381,78.94246109856411,0.005724,0.0012589,0.001126,89.44316466756692,0.03376,0.0018354,0.001812,98.72507355344884,0.0001396
443,6.0,Medium,100,80,120,EDTA,50,Sand,0.1,Dry,12,0.00048263,0.0003713,76.93263991049044,0.006174,0.0012589,0.0009884,78.51298752879498,0.0328,0.0018354,0.001812,98.72507355344884,0.0001545
444,6.0,Medium,100,80,120,EDTA,200,Sand,0.1,Dry,12,0.00048263,0.0003262,67.58800737625096,0.008001,0.0012589,0.0005884,46.739216776550954,0.02879,0.0018354,0.001807,98.45265337256184,0.0002272
445,6.0,Medium,100,80,120,Citrate,50,Sand,0.1,Dry,12,0.00048263,0.0003504,72.60220044340386,0.006083,0.0012589,0.0009437,74.96226864723171,0.03269,0.0018354,0.001796,97.85332897461045,0.0001599
446,6.0,Medium,100,80,120,Citrate,200,Sand,0.1,Dry,12,0.00048263,0.000237,49.10594036839815,0.007341,0.0012589,0.0004548,36.126777345301456,0.02811,0.0018354,0.0017,92.62286150158003,0.0002701
447,6.0,Medium,100,80,120,DTPA,50,Sand,0.1,Dry,12,0.00048263,0.0003809,78.92174129250151,0.006178,0.0012589,0.001017,80.7848121375804,0.0329,0.0018354,0.001812,98.72507355344884,0.0001508
448,6.0,Medium,100,80,120,DTPA,200,Sand,0.1,Dry,12,0.00048263,0.0003804,78.81814226218842,0.008176,0.0012589,0.0006833,54.27754388752084,0.0293,0.0018354,0.001811,98.67058951727144,0.0001996
449,6.0,Medium,100,80,120,None,0,Sand,0.1,Mesic,8,0.00048263,0.000381,78.94246109856411,0.005724,0.0012589,0.001126,89.44316466756692,0.03376,0.0018354,0.001812,98.72507355344884,0.0001396
450,6.0,Medium,100,80,120,EDTA,50,Sand,0.1,Mesic,8,0.00048263,0.0003713,76.93263991049044,0.006174,0.0012589,0.0009884,78.51298752879498,0.0328,0.0018354,0.001812,98.72507355344884,0.0001545
451,6.0,Medium,100,80,120,EDTA,200,Sand,0.1,Mesic,8,0.00048263,0.0003262,67.58800737625096,0.008001,0.0012589,0.0005884,46.739216776550954,0.02879,0.0018354,0.001807,98.45265337256184,0.0002272
452,6.0,Medium,100,80,120,Citrate,50,Sand,0.1,Mesic,8,0.00048263,0.0003504,72.60220044340386,0.006083,0.0012589,0.0009437,74.96226864723171,0.03269,0.0018354,0.001796,97.85332897461045,0.0001599
453,6.0,Medium,100,80,120,Citrate,200,Sand,0.1,Mesic,8,0.00048263,0.000237,49.10594036839815,0.007341,0.0012589,0.0004548,36.126777345301456,0.02811,0.0018354,0.0017,92.62286150158003,0.0002701
454,6.0,Medium,100,80,120,DTPA,50,Sand,0.1,Mesic,8,0.00048263,0.0003809,78.92174129250151,0.006179,0.0012589,0.001017,80.7848121375804,0.0329,0.0018354,0.001812,98.72507355344884,0.0001508
455,6.0,Medium,100,80,120,DTPA,200,Sand,0.1,Mesic,8,0.00048263,0.0003804,78.81814226218842,0.008177,0.0012589,0.0006833,54.27754388752084,0.0293,0.0018354,0.001811,98.67058951727144,0.0001996
456,6.0,Medium,100,80,120,None,0,Sand,0.1,Wet,3,0.00048263,0.0003842,79.6054948925678,0.01186,0.0012589,0.0003837,30.478989594090077,0.02363,0.0018354,0.001814,98.83404162580364,0.0002873
457,6.0,Medium,100,80,120,EDTA,50,Sand,0.1,Wet,3,0.00048263,0.0003598,74.54986221328969,0.0122,0.0012589,0.0003348,26.594646119628244,0.02265,0.0018354,0.001812,98.72507355344884,0.000315
458,6.0,Medium,100,80,120,EDTA,200,Sand,0.1,Wet,3,0.00048263,0.0002709,56.12995462362472,0.01287,0.0012589,0.0002053,16.307887838589245,0.01945,0.0018354,0.001799,98.01678108314263,0.0004382
459,6.0,Medium,100,80,120,Citrate,50,Sand,0.1,Wet,3,0.00048263,0.0003242,67.17361125499866,0.01145,0.0012589,0.0003284,26.086265787592346,0.02315,0.0018354,0.001779,96.92710035959463,0.0003223
460,6.0,Medium,100,80,120,Citrate,200,Sand,0.1,Wet,3,0.00048263,0.0001769,36.653336924766386,0.01005,0.0012589,0.0001854,14.727142743665103,0.02102,0.0018354,0.00161,87.71929824561404,0.0004691
461,6.0,Medium,100,80,120,DTPA,50,Sand,0.1,Wet,3,0.00048263,0.0003837,79.50189586225473,0.01264,0.0012589,0.0003406,27.055365795535778,0.02238,0.0018354,0.001813,98.77955758962624,0.0003062
462,6.0,Medium,100,80,120,DTPA,200,Sand,0.1,Wet,3,0.00048263,0.0003814,79.02534032281457,0.01557,0.0012589,0.0002182,17.33259194534911,0.01778,0.0018354,0.001808,98.50713740873923,0.0003786
463,6.0,Medium,100,80,120,None,0,Loam,0.5,Dry,12,0.00048263,0.000381,78.94246109856411,0.02857,0.0012589,0.001126,89.44316466756692,0.1685,0.0018354,0.001812,98.72507355344884,0.000697
464,6.0,Medium,100,80,120,EDTA,50,Loam,0.5,Dry,12,0.00048263,0.0003713,76.93263991049044,0.03082,0.0012589,0.0009884,78.51298752879498,0.1637,0.0018354,0.001812,98.72507355344884,0.0007712
465,6.0,Medium,100,80,120,EDTA,200,Loam,0.5,Dry,12,0.00048263,0.0003262,67.58800737625096,0.03994,0.0012589,0.0005884,46.739216776550954,0.1437,0.0018354,0.001807,98.45265337256184,0.001134
466,6.0,Medium,100,80,120,Citrate,50,Loam,0.5,Dry,12,0.00048263,0.0003504,72.60220044340386,0.03037,0.0012589,0.0009437,74.96226864723171,0.1632,0.0018354,0.001796,97.85332897461045,0.0007981
467,6.0,Medium,100,80,120,Citrate,200,Loam,0.5,Dry,12,0.00048263,0.000237,49.10594036839815,0.03665,0.0012589,0.0004548,36.126777345301456,0.1403,0.0018354,0.0017,92.62286150158003,0.001349
468,6.0,Medium,100,80,120,DTPA,50,Loam,0.5,Dry,12,0.00048263,0.0003809,78.92174129250151,0.03084,0.0012589,0.001017,80.7848121375804,0.1642,0.0018354,0.001812,98.72507355344884,0.0007525
469,6.0,Medium,100,80,120,DTPA,200,Loam,0.5,Dry,12,0.00048263,0.0003804,78.81814226218842,0.04082,0.0012589,0.0006833,54.27754388752084,0.1463,0.0018354,0.001811,98.67058951727144,0.0009964
470,6.0,Medium,100,80,120,None,0,Loam,0.5,Mesic,8,0.00048263,0.000381,78.94246109856411,0.02857,0.0012589,0.001126,89.44316466756692,0.1685,0.0018354,0.001812,98.72507355344884,0.0006971
471,6.0,Medium,100,80,120,EDTA,50,Loam,0.5,Mesic,8,0.00048263,0.0003713,76.93263991049044,0.03082,0.0012589,0.0009884,78.51298752879498,0.1637,0.0018354,0.001812,98.72507355344884,0.0007712
472,6.0,Medium,100,80,120,EDTA,200,Loam,0.5,Mesic,8,0.00048263,0.0003262,67.58800737625096,0.03994,0.0012589,0.0005884,46.739216776550954,0.1437,0.0018354,0.001807,98.45265337256184,0.001134
473,6.0,Medium,100,80,120,Citrate,50,Loam,0.5,Mesic,8,0.00048263,0.0003504,72.60220044340386,0.03037,0.0012589,0.0009437,74.96226864723171,0.1632,0.0018354,0.001796,97.85332897461045,0.0007981
474,6.0,Medium,100,80,120,Citrate,200,Loam,0.5,Mesic,8,0.00048263,0.000237,49.10594036839815,0.03665,0.0012589,0.0004548,36.126777345301456,0.1403,0.0018354,0.0017,92.62286150158003,0.001349
475,6.0,Medium,100,80,120,DTPA,50,Loam,0.5,Mesic,8,0.00048263,0.0003809,78.92174129250151,0.03084,0.0012589,0.001017,80.7848121375804,0.1642,0.0018354,0.001812,98.72507355344884,0.0007525
476,6.0,Medium,100,80,120,DTPA,200,Loam,0.5,Mesic,8,0.00048263,0.0003804,78.81814226218842,0.04082,0.0012589,0.0006833,54.27754388752084,0.1463,0.0018354,0.001811,98.67058951727144,0.0009964
477,6.0,Medium,100,80,120,None,0,Loam,0.5,Wet,3,0.00048263,0.0003842,79.6054948925678,0.05923,0.0012589,0.0003837,30.478989594090077,0.118,0.0018354,0.001814,98.83404162580364,0.001434
478,6.0,Medium,100,80,120,EDTA,50,Loam,0.5,Wet,3,0.00048263,0.0003598,74.54986221328969,0.06091,0.0012589,0.0003348,26.594646119628244,0.1131,0.0018354,0.001812,98.72507355344884,0.001573
479,6.0,Medium,100,80,120,EDTA,200,Loam,0.5,Wet,3,0.00048263,0.0002709,56.12995462362472,0.06424,0.0012589,0.0002053,16.307887838589245,0.09712,0.0018354,0.001799,98.01678108314263,0.002188
480,6.0,Medium,100,80,120,Citrate,50,Loam,0.5,Wet,3,0.00048263,0.0003242,67.17361125499866,0.05719,0.0012589,0.0003284,26.086265787592346,0.1156,0.0018354,0.001779,96.92710035959463,0.001609
481,6.0,Medium,100,80,120,Citrate,200,Loam,0.5,Wet,3,0.00048263,0.0001769,36.653336924766386,0.0502,0.0012589,0.0001854,14.727142743665103,0.105,0.0018354,0.00161,87.71929824561404,0.002343
482,6.0,Medium,100,80,120,DTPA,50,Loam,0.5,Wet,3,0.00048263,0.0003837,79.50189586225473,0.06309,0.0012589,0.0003406,27.055365795535778,0.1118,0.0018354,0.001813,98.77955758962624,0.001529
483,6.0,Medium,100,80,120,DTPA,200,Loam,0.5,Wet,3,0.00048263,0.0003814,79.02534032281457,0.07776,0.0012589,0.0002182,17.33259194534911,0.08875,0.0018354,0.001808,98.50713740873923,0.00189
484,6.0,Medium,100,80,120,None,0,Clay,1.5,Dry,12,0.00048263,0.000381,78.94246109856411,0.08569,0.0012589,0.001126,89.44316466756692,0.5054,0.0018354,0.001812,98.72507355344884,0.002091
485,6.0,Medium,100,80,120,EDTA,50,Clay,1.5,Dry,12,0.00048263,0.0003713,76.93263991049044,0.09243,0.0012589,0.0009884,78.51298752879498,0.491,0.0018354,0.001812,98.72507355344884,0.002313
486,6.0,Medium,100,80,120,EDTA,200,Clay,1.5,Dry,12,0.00048263,0.0003262,67.58800737625096,0.1198,0.0012589,0.0005884,46.739216776550954,0.4311,0.0018354,0.001807,98.45265337256184,0.003402
487,6.0,Medium,100,80,120,Citrate,50,Clay,1.5,Dry,12,0.00048263,0.0003504,72.60220044340386,0.09108,0.0012589,0.0009437,74.96226864723171,0.4894,0.0018354,0.001796,97.85332897461045,0.002394
488,6.0,Medium,100,80,120,Citrate,200,Clay,1.5,Dry,12,0.00048263,0.000237,49.10594036839815,0.1099,0.0012589,0.0004548,36.126777345301456,0.4209,0.0018354,0.0017,92.62286150158003,0.004045
489,6.0,Medium,100,80,120,DTPA,50,Clay,1.5,Dry,12,0.00048263,0.0003809,78.92174129250151,0.0925,0.0012589,0.001017,80.7848121375804,0.4925,0.0018354,0.001812,98.72507355344884,0.002257
490,6.0,Medium,100,80,120,DTPA,200,Clay,1.5,Dry,12,0.00048263,0.0003804,78.81814226218842,0.1224,0.0012589,0.0006833,54.27754388752084,0.4387,0.0018354,0.001811,98.67058951727144,0.002988
491,6.0,Medium,100,80,120,None,0,Clay,1.5,Mesic,8,0.00048263,0.000381,78.94246109856411,0.08569,0.0012589,0.001126,89.44316466756692,0.5054,0.0018354,0.001812,98.72507355344884,0.002091
492,6.0,Medium,100,80,120,EDTA,50,Clay,1.5,Mesic,8,0.00048263,0.0003713,76.93263991049044,0.09243,0.0012589,0.0009884,78.51298752879498,0.491,0.0018354,0.001812,98.72507355344884,0.002313
493,6.0,Medium,100,80,120,EDTA,200,Clay,1.5,Mesic,8,0.00048263,0.0003262,67.58800737625096,0.1198,0.0012589,0.0005884,46.739216776550954,0.4311,0.0018354,0.001807,98.45265337256184,0.003402
494,6.0,Medium,100,80,120,Citrate,50,Clay,1.5,Mesic,8,0.00048263,0.0003504,72.60220044340386,0.09108,0.0012589,0.0009437,74.96226864723171,0.4894,0.0018354,0.001796,97.85332897461045,0.002394
495,6.0,Medium,100,80,120,Citrate,200,Clay,1.5,Mesic,8,0.00048263,0.000237,49.10594036839815,0.1099,0.0012589,0.0004548,36.126777345301456,0.4209,0.0018354,0.0017,92.62286150158003,0.004045
496,6.0,Medium,100,80,120,DTPA,50,Clay,1.5,Mesic,8,0.00048263,0.0003809,78.92174129250151,0.0925,0.0012589,0.001017,80.7848121375804,0.4925,0.0018354,0.001812,98.72507355344884,0.002257
497,6.0,Medium,100,80,120,DTPA,200,Clay,1.5,Mesic,8,0.00048263,0.0003804,78.81814226218842,0.1224,0.0012589,0.0006833,54.27754388752084,0.4387,0.0018354,0.001811,98.67058951727144,0.002988
498,6.0,Medium,100,80,120,None,0,Clay,1.5,Wet,3,0.00048263,0.0003842,79.6054948925678,0.1776,0.0012589,0.0003837,30.478989594090077,0.3539,0.0018354,0.001814,98.83404162580364,0.004302
499,6.0,Medium,100,80,120,EDTA,50,Clay,1.5,Wet,3,0.00048263,0.0003598,74.54986221328969,0.1827,0.0012589,0.0003348,26.594646119628244,0.3392,0.0018354,0.001812,98.72507355344884,0.004718
500,6.0,Medium,100,80,120,EDTA,200,Clay,1.5,Wet,3,0.00048263,0.0002709,56.12995462362472,0.1927,0.0012589,0.0002053,16.307887838589245,0.2913,0.0018354,0.001799,98.01678108314263,0.006562
501,6.0,Medium,100,80,120,Citrate,50,Clay,1.5,Wet,3,0.00048263,0.0003242,67.17361125499866,0.1715,0.0012589,0.0003284,26.086265787592346,0.3467,0.0018354,0.001779,96.92710035959463,0.004827
502,6.0,Medium,100,80,120,Citrate,200,Clay,1.5,Wet,3,0.00048263,0.0001769,36.653336924766386,0.1506,0.0012589,0.0001854,14.727142743665103,0.3149,0.0018354,0.00161,87.71929824561404,0.007027
503,6.0,Medium,100,80,120,DTPA,50,Clay,1.5,Wet,3,0.00048263,0.0003837,79.50189586225473,0.1892,0.0012589,0.0003406,27.055365795535778,0.3352,0.0018354,0.001813,98.77955758962624,0.004586
504,6.0,Medium,100,80,120,DTPA,200,Clay,1.5,Wet,3,0.00048263,0.0003814,79.02534032281457,0.2332,0.0012589,0.0002182,17.33259194534911,0.2662,0.0018354,0.001808,98.50713740873923,0.005669
505,6.0,High,300,250,400,None,0,Sand,0.1,Dry,12,0.0014479,0.001198,82.74052075419573,0.006484,0.0039339,0.003378,85.86898497674065,0.03649,0.0061181,0.006062,99.08304865889738,0.0001683
506,6.0,High,300,250,400,EDTA,50,Sand,0.1,Dry,12,0.0014479,0.001187,81.98079977899026,0.00663,0.0039339,0.003252,82.66605658506826,0.03623,0.0061181,0.006062,99.08304865889738,0.0001736
507,6.0,High,300,250,400,EDTA,200,Sand,0.1,Dry,12,0.0014479,0.001154,79.70163685337386,0.007117,0.0039339,0.002874,73.0572714100511,0.03538,0.0061181,0.006059,99.03401382782238,0.0001917
508,6.0,High,300,250,400,Citrate,50,Sand,0.1,Dry,12,0.0014479,0.001166,80.53042337177982,0.006594,0.0039339,0.00321,81.59841378784414,0.03623,0.0061181,0.006046,98.82152955983068,0.0001754
509,6.0,High,300,250,400,Citrate,200,Sand,0.1,Dry,12,0.0014479,0.00107,73.90013122453209,0.007009,0.0039339,0.002702,68.68501995475229,0.0353,0.0061181,0.00599,97.9062127130972,0.0002011
510,6.0,High,300,250,400,DTPA,50,Sand,0.1,Dry,12,0.0014479,0.001197,82.67145521099522,0.006636,0.0039339,0.003278,83.3269783166832,0.03624,0.0061181,0.006062,99.08304865889738,0.0001723
511,6.0,High,300,250,400,DTPA,200,Sand,0.1,Dry,12,0.0014479,0.001197,82.67145521099522,0.007144,0.0039339,0.002976,75.65011820330969,0.03544,0.0061181,0.006062,99.08304865889738,0.0001855
512,6.0,High,300,250,400,None,0,Sand,0.1,Mesic,8,0.0014479,0.001198,82.74052075419573,0.006484,0.0039339,0.003377,85.84356491014007,0.03649,0.0061181,0.006062,99.08304865889738,0.0001683
513,6.0,High,300,250,400,EDTA,50,Sand,0.1,Mesic,8,0.0014479,0.001187,81.98079977899026,0.00663,0.0039339,0.003252,82.66605658506826,0.03623,0.0061181,0.006062,99.08304865889738,0.0001736
514,6.0,High,300,250,400,EDTA,200,Sand,0.1,Mesic,8,0.0014479,0.001154,79.70163685337386,0.007117,0.0039339,0.002874,73.0572714100511,0.03538,0.0061181,0.006059,99.03401382782238,0.0001917
515,6.0,High,300,250,400,Citrate,50,Sand,0.1,Mesic,8,0.0014479,0.001166,80.53042337177982,0.006594,0.0039339,0.00321,81.59841378784414,0.03623,0.0061181,0.006046,98.82152955983068,0.0001754
516,6.0,High,300,250,400,Citrate,200,Sand,0.1,Mesic,8,0.0014479,0.00107,73.90013122453209,0.007009,0.0039339,0.002702,68.68501995475229,0.0353,0.0061181,0.00599,97.9062127130972,0.0002011
517,6.0,High,300,250,400,DTPA,50,Sand,0.1,Mesic,8,0.0014479,0.001197,82.67145521099522,0.006636,0.0039339,0.003278,83.3269783166832,0.03624,0.0061181,0.006062,99.08304865889738,0.0001723
518,6.0,High,300,250,400,DTPA,200,Sand,0.1,Mesic,8,0.0014479,0.001197,82.67145521099522,0.007144,0.0039339,0.002976,75.65011820330969,0.03544,0.0061181,0.006062,99.08304865889738,0.0001855
519,6.0,High,300,250,400,None,0,Sand,0.1,Wet,3,0.0014479,0.001224,84.53622487740866,0.01097,0.0039339,0.001687,42.88365235516917,0.03015,0.0061181,0.006075,99.29553292688907,0.0002791
520,6.0,High,300,250,400,EDTA,50,Sand,0.1,Wet,3,0.0014479,0.001204,83.15491401339872,0.01116,0.0039339,0.001611,40.951727293525515,0.0298,0.0061181,0.006073,99.26284303950574,0.0002887
521,6.0,High,300,250,400,EDTA,200,Sand,0.1,Wet,3,0.0014479,0.001139,78.6656537053664,0.01177,0.0039339,0.001392,35.3847327079997,0.02869,0.0061181,0.006066,99.14842843366407,0.0003214
522,6.0,High,300,250,400,Citrate,50,Sand,0.1,Wet,3,0.0014479,0.00117,80.80668554458181,0.011,0.0039339,0.001595,40.54500622791632,0.02992,0.0061181,0.006046,98.82152955983068,0.0002916
523,6.0,High,300,250,400,Citrate,200,Sand,0.1,Wet,3,0.0014479,0.001013,69.96339526210373,0.01114,0.0039339,0.001327,33.73242837896236,0.02909,0.0061181,0.00595,97.25241496543046,0.0003354
524,6.0,High,300,250,400,DTPA,50,Sand,0.1,Wet,3,0.0014479,0.001223,84.46715933420815,0.01123,0.0039339,0.001624,41.28218815933298,0.02976,0.0061181,0.006074,99.27918798319742,0.000286
525,6.0,High,300,250,400,DTPA,200,Sand,0.1,Wet,3,0.0014479,0.001221,84.32902824780717,0.01211,0.0039339,0.001439,36.5794758382267,0.02849,0.0061181,0.006072,99.24649809581408,0.0003089
526,6.0,High,300,250,400,None,0,Loam,0.5,Dry,12,0.0014479,0.001198,82.74052075419573,0.03233,0.0039339,0.003378,85.86898497674065,0.1819,0.0061181,0.006062,99.08304865889738,0.0008394
527,6.0,High,300,250,400,EDTA,50,Loam,0.5,Dry,12,0.0014479,0.001187,81.98079977899026,0.03306,0.0039339,0.003252,82.66605658506826,0.1807,0.0061181,0.006062,99.08304865889738,0.0008656
528,6.0,High,300,250,400,EDTA,200,Loam,0.5,Dry,12,0.0014479,0.001154,79.70163685337386,0.03549,0.0039339,0.002874,73.0572714100511,0.1764,0.0061181,0.006059,99.03401382782238,0.0009559
529,6.0,High,300,250,400,Citrate,50,Loam,0.5,Dry,12,0.0014479,0.001166,80.53042337177982,0.03288,0.0039339,0.00321,81.59841378784414,0.1807,0.0061181,0.006046,98.82152955983068,0.0008747
530,6.0,High,300,250,400,Citrate,200,Loam,0.5,Dry,12,0.0014479,0.00107,73.90013122453209,0.03495,0.0039339,0.002702,68.68501995475229,0.1761,0.0061181,0.00599,97.9062127130972,0.001003
531,6.0,High,300,250,400,DTPA,50,Loam,0.5,Dry,12,0.0014479,0.001197,82.67145521099522,0.03309,0.0039339,0.003278,83.3269783166832,0.1807,0.0061181,0.006062,99.08304865889738,0.0008591
532,6.0,High,300,250,400,DTPA,200,Loam,0.5,Dry,12,0.0014479,0.001197,82.67145521099522,0.03562,0.0039339,0.002976,75.65011820330969,0.1767,0.0061181,0.006062,99.08304865889738,0.0009252
533,6.0,High,300,250,400,None,0,Loam,0.5,Mesic,8,0.0014479,0.001198,82.74052075419573,0.03233,0.0039339,0.003377,85.84356491014007,0.1819,0.0061181,0.006062,99.08304865889738,0.0008394
534,6.0,High,300,250,400,EDTA,50,Loam,0.5,Mesic,8,0.0014479,0.001187,81.98079977899026,0.03306,0.0039339,0.003252,82.66605658506826,0.1807,0.0061181,0.006062,99.08304865889738,0.0008656
535,6.0,High,300,250,400,EDTA,200,Loam,0.5,Mesic,8,0.0014479,0.001154,79.70163685337386,0.03549,0.0039339,0.002874,73.0572714100511,0.1764,0.0061181,0.006059,99.03401382782238,0.000956
536,6.0,High,300,250,400,Citrate,50,Loam,0.5,Mesic,8,0.0014479,0.001166,80.53042337177982,0.03288,0.0039339,0.00321,81.59841378784414,0.1807,0.0061181,0.006046,98.82152955983068,0.0008747
537,6.0,High,300,250,400,Citrate,200,Loam,0.5,Mesic,8,0.0014479,0.00107,73.90013122453209,0.03495,0.0039339,0.002702,68.68501995475229,0.1761,0.0061181,0.00599,97.9062127130972,0.001003
538,6.0,High,300,250,400,DTPA,50,Loam,0.5,Mesic,8,0.0014479,0.001197,82.67145521099522,0.03309,0.0039339,0.003278,83.3269783166832,0.1807,0.0061181,0.006062,99.08304865889738,0.0008591
539,6.0,High,300,250,400,DTPA,200,Loam,0.5,Mesic,8,0.0014479,0.001197,82.67145521099522,0.03562,0.0039339,0.002976,75.65011820330969,0.1767,0.0061181,0.006062,99.08304865889738,0.0009252
540,6.0,High,300,250,400,None,0,Loam,0.5,Wet,3,0.0014479,0.001224,84.53622487740866,0.05471,0.0039339,0.001687,42.88365235516917,0.1504,0.0061181,0.006075,99.29553292688907,0.001392
541,6.0,High,300,250,400,EDTA,50,Loam,0.5,Wet,3,0.0014479,0.001204,83.15491401339872,0.05569,0.0039339,0.001611,40.951727293525515,0.1487,0.0061181,0.006073,99.26284303950574,0.00144
542,6.0,High,300,250,400,EDTA,200,Loam,0.5,Wet,3,0.0014479,0.001139,78.6656537053664,0.0587,0.0039339,0.001392,35.3847327079997,0.1431,0.0061181,0.006066,99.14842843366407,0.001603
543,6.0,High,300,250,400,Citrate,50,Loam,0.5,Wet,3,0.0014479,0.00117,80.80668554458181,0.05485,0.0039339,0.001595,40.54500622791632,0.1493,0.0061181,0.006046,98.82152955983068,0.001454
544,6.0,High,300,250,400,Citrate,200,Loam,0.5,Wet,3,0.0014479,0.001013,69.96339526210373,0.05557,0.0039339,0.001327,33.73242837896236,0.1451,0.0061181,0.00595,97.25241496543046,0.001673
545,6.0,High,300,250,400,DTPA,50,Loam,0.5,Wet,3,0.0014479,0.001223,84.46715933420815,0.05604,0.0039339,0.001624,41.28218815933298,0.1485,0.0061181,0.006074,99.27918798319742,0.001427
546,6.0,High,300,250,400,DTPA,200,Loam,0.5,Wet,3,0.0014479,0.001221,84.32902824780717,0.06043,0.0039339,0.001439,36.5794758382267,0.1421,0.0061181,0.006072,99.24649809581408,0.001541
547,6.0,High,300,250,400,None,0,Clay,1.5,Dry,12,0.0014479,0.001198,82.74052075419573,0.09695,0.0039339,0.003378,85.86898497674065,0.5456,0.0061181,0.006062,99.08304865889738,0.002517
548,6.0,High,300,250,400,EDTA,50,Clay,1.5,Dry,12,0.0014479,0.001187,81.98079977899026,0.09914,0.0039339,0.003252,82.66605658506826,0.5417,0.0061181,0.006062,99.08304865889738,0.002596
549,6.0,High,300,250,400,EDTA,200,Clay,1.5,Dry,12,0.0014479,0.001154,79.70163685337386,0.1064,0.0039339,0.002874,73.0572714100511,0.529,0.0061181,0.006059,99.03401382782238,0.002867
550,6.0,High,300,250,400,Citrate,50,Clay,1.5,Dry,12,0.0014479,0.001166,80.53042337177982,0.0986,0.0039339,0.00321,81.59841378784414,0.5418,0.0061181,0.006046,98.82152955983068,0.002623
551,6.0,High,300,250,400,Citrate,200,Clay,1.5,Dry,12,0.0014479,0.00107,73.90013122453209,0.1048,0.0039339,0.002702,68.68501995475229,0.528,0.0061181,0.00599,97.9062127130972,0.003008
552,6.0,High,300,250,400,DTPA,50,Clay,1.5,Dry,12,0.0014479,0.001197,82.67145521099522,0.09922,0.0039339,0.003278,83.3269783166832,0.5419,0.0061181,0.006062,99.08304865889738,0.002576
553,6.0,High,300,250,400,DTPA,200,Clay,1.5,Dry,12,0.0014479,0.001197,82.67145521099522,0.1068,0.0039339,0.002976,75.65011820330969,0.5299,0.0061181,0.006062,99.08304865889738,0.002774
554,6.0,High,300,250,400,None,0,Clay,1.5,Mesic,8,0.0014479,0.001198,82.74052075419573,0.09695,0.0039339,0.003377,85.84356491014007,0.5456,0.0061181,0.006062,99.08304865889738,0.002517
555,6.0,High,300,250,400,EDTA,50,Clay,1.5,Mesic,8,0.0014479,0.001187,81.98079977899026,0.09914,0.0039339,0.003252,82.66605658506826,0.5417,0.0061181,0.006062,99.08304865889738,0.002596
556,6.0,High,300,250,400,EDTA,200,Clay,1.5,Mesic,8,0.0014479,0.001154,79.70163685337386,0.1064,0.0039339,0.002874,73.0572714100511,0.529,0.0061181,0.006059,99.03401382782238,0.002867
557,6.0,High,300,250,400,Citrate,50,Clay,1.5,Mesic,8,0.0014479,0.001166,80.53042337177982,0.0986,0.0039339,0.00321,81.59841378784414,0.5418,0.0061181,0.006046,98.82152955983068,0.002623
558,6.0,High,300,250,400,Citrate,200,Clay,1.5,Mesic,8,0.0014479,0.00107,73.90013122453209,0.1048,0.0039339,0.002702,68.68501995475229,0.528,0.0061181,0.00599,97.9062127130972,0.003008
559,6.0,High,300,250,400,DTPA,50,Clay,1.5,Mesic,8,0.0014479,0.001197,82.67145521099522,0.09922,0.0039339,0.003278,83.3269783166832,0.5419,0.0061181,0.006062,99.08304865889738,0.002576
560,6.0,High,300,250,400,DTPA,200,Clay,1.5,Mesic,8,0.0014479,0.001197,82.67145521099522,0.1068,0.0039339,0.002976,75.65011820330969,0.5299,0.0061181,0.006062,99.08304865889738,0.002774
561,6.0,High,300,250,400,None,0,Clay,1.5,Wet,3,0.0014479,0.001224,84.53622487740866,0.1641,0.0039339,0.001687,42.88365235516917,0.4511,0.0061181,0.006075,99.29553292688907,0.004175
562,6.0,High,300,250,400,EDTA,50,Clay,1.5,Wet,3,0.0014479,0.001204,83.15491401339872,0.167,0.0039339,0.001611,40.951727293525515,0.4458,0.0061181,0.006073,99.26284303950574,0.004319
563,6.0,High,300,250,400,EDTA,200,Clay,1.5,Wet,3,0.0014479,0.001139,78.6656537053664,0.176,0.0039339,0.001392,35.3847327079997,0.4292,0.0061181,0.006066,99.14842843366407,0.004808
564,6.0,High,300,250,400,Citrate,50,Clay,1.5,Wet,3,0.0014479,0.00117,80.80668554458181,0.1645,0.0039339,0.001595,40.54500622791632,0.4476,0.0061181,0.006046,98.82152955983068,0.004362
565,6.0,High,300,250,400,Citrate,200,Clay,1.5,Wet,3,0.0014479,0.001013,69.96339526210373,0.1666,0.0039339,0.001327,33.73242837896236,0.4352,0.0061181,0.00595,97.25241496543046,0.005018
566,6.0,High,300,250,400,DTPA,50,Clay,1.5,Wet,3,0.0014479,0.001223,84.46715933420815,0.1681,0.0039339,0.001624,41.28218815933298,0.4452,0.0061181,0.006074,99.27918798319742,0.004279
567,6.0,High,300,250,400,DTPA,200,Clay,1.5,Wet,3,0.0014479,0.001221,84.32902824780717,0.1812,0.0039339,0.001439,36.5794758382267,0.4261,0.0061181,0.006072,99.24649809581408,0.004621
568,6.5,Low,25,20,30,None,0,Sand,0.1,Dry,12,0.00012066,7.675e-05,63.60848665672136,0.006379,0.00031471,0.0002159,68.60284071049537,0.0358,0.00045886,0.0004484,97.72043760624155,0.0001911
569,6.5,Low,25,20,30,EDTA,50,Sand,0.1,Dry,12,0.00012066,6.513e-05,53.97812033814022,0.008928,0.00031471,0.0001137,36.1284992532808,0.03111,0.00045886,0.0004464,97.28457481584798,0.0003138
570,6.5,Low,25,20,30,EDTA,200,Sand,0.1,Dry,12,0.00012066,1.495e-06,1.2390187303165923,0.004936,0.00031471,7.907e-07,0.25124717994344,0.005209,0.00045886,0.0002014,43.891382992633915,0.00341
571,6.5,Low,25,20,30,Citrate,50,Sand,0.1,Dry,12,0.00012066,4.794e-05,39.73147687717553,0.007916,0.00031471,9.486e-05,30.142035524768833,0.03125,0.00045886,0.0004154,90.52870156474742,0.0003518
572,6.5,Low,25,20,30,Citrate,200,Sand,0.1,Dry,12,0.00012066,3.086e-06,2.557599867395989,0.00565,0.00031471,3.962e-06,1.2589367989577707,0.01447,0.00045886,0.0001068,23.27507300701739,0.001002
573,6.5,Low,25,20,30,DTPA,50,Sand,0.1,Dry,12,0.00012066,7.627e-05,63.21067462290735,0.00915,0.00031471,0.0001315,41.784500015887645,0.03148,0.00045886,0.0004476,97.5460924900841,0.0002754
574,6.5,Low,25,20,30,DTPA,200,Sand,0.1,Dry,12,0.00012066,4.999e-05,41.43046577158959,0.02937,0.00031471,9.596e-07,0.30491563661783866,0.001125,0.00045886,0.0002977,64.878176350085,0.0008971
575,6.5,Low,25,20,30,None,0,Sand,0.1,Mesic,8,0.00012066,7.675e-05,63.60848665672136,0.006379,0.00031471,0.0002159,68.60284071049537,0.0358,0.00045886,0.0004484,97.72043760624155,0.0001911
576,6.5,Low,25,20,30,EDTA,50,Sand,0.1,Mesic,8,0.00012066,6.513e-05,53.97812033814022,0.008928,0.00031471,0.0001137,36.1284992532808,0.03111,0.00045886,0.0004464,97.28457481584798,0.0003138
577,6.5,Low,25,20,30,EDTA,200,Sand,0.1,Mesic,8,0.00012066,1.495e-06,1.2390187303165923,0.004936,0.00031471,7.907e-07,0.25124717994344,0.005209,0.00045886,0.0002014,43.891382992633915,0.00341
578,6.5,Low,25,20,30,Citrate,50,Sand,0.1,Mesic,8,0.00012066,4.794e-05,39.73147687717553,0.007916,0.00031471,9.486e-05,30.142035524768833,0.03125,0.00045886,0.0004154,90.52870156474742,0.0003518
579,6.5,Low,25,20,30,Citrate,200,Sand,0.1,Mesic,8,0.00012066,3.086e-06,2.557599867395989,0.00565,0.00031471,3.962e-06,1.2589367989577707,0.01447,0.00045886,0.0001068,23.27507300701739,0.001002
580,6.5,Low,25,20,30,DTPA,50,Sand,0.1,Mesic,8,0.00012066,7.627e-05,63.21067462290735,0.00915,0.00031471,0.0001315,41.784500015887645,0.03148,0.00045886,0.0004476,97.5460924900841,0.0002754
581,6.5,Low,25,20,30,DTPA,200,Sand,0.1,Mesic,8,0.00012066,4.999e-05,41.43046577158959,0.02937,0.00031471,9.596e-07,0.30491563661783866,0.001125,0.00045886,0.0002977,64.878176350085,0.0008971
582,6.5,Low,25,20,30,None,0,Sand,0.1,Wet,3,0.00012066,7.598e-05,62.97032985247804,0.01356,0.00031471,7.074e-05,22.47783673858473,0.02518,0.00045886,0.0004482,97.6768513272022,0.0004102
583,6.5,Low,25,20,30,EDTA,50,Sand,0.1,Wet,3,0.00012066,5.37e-05,44.50522128294381,0.01451,0.00031471,4.036e-05,12.824505099933273,0.02176,0.00045886,0.0004436,96.67436690929695,0.0006148
584,6.5,Low,25,20,30,EDTA,200,Sand,0.1,Wet,3,0.00012066,1.464e-06,1.21332670313277,0.004887,0.00031471,7.679e-07,0.2440024149216739,0.005115,0.00045886,0.000199,43.36834764416162,0.003407
585,6.5,Low,25,20,30,Citrate,50,Sand,0.1,Wet,3,0.00012066,3.718e-05,30.813857119177857,0.01135,0.00031471,3.979e-05,12.643385974389117,0.02423,0.00045886,0.000393,85.64703831233928,0.0006152
586,6.5,Low,25,20,30,Citrate,200,Sand,0.1,Wet,3,0.00012066,2.983e-06,2.472236035140063,0.005681,0.00031471,3.682e-06,1.169966000444854,0.01399,0.00045886,0.0001039,22.643071960946695,0.001015
587,6.5,Low,25,20,30,DTPA,50,Sand,0.1,Wet,3,0.00012066,7.555e-05,62.613956572186304,0.01758,0.00031471,4.222e-05,13.415525404340503,0.0196,0.00045886,0.0004462,97.24098853680862,0.0005324
588,6.5,Low,25,20,30,DTPA,200,Sand,0.1,Wet,3,0.00012066,4.961e-05,41.11553124482016,0.02935,0.00031471,9.296e-07,0.29538305106288326,0.001097,0.00045886,0.0002954,64.37693414113238,0.0008965
589,6.5,Low,25,20,30,None,0,Loam,0.5,Dry,12,0.00012066,7.675e-05,63.60848665672136,0.03187,0.00031471,0.0002159,68.60284071049537,0.1789,0.00045886,0.0004484,97.72043760624155,0.0009547
590,6.5,Low,25,20,30,EDTA,50,Loam,0.5,Dry,12,0.00012066,6.513e-05,53.97812033814022,0.0446,0.00031471,0.0001137,36.1284992532808,0.1554,0.00045886,0.0004464,97.28457481584798,0.001568
591,6.5,Low,25,20,30,EDTA,200,Loam,0.5,Dry,12,0.00012066,1.495e-06,1.2390187303165923,0.02466,0.00031471,7.907e-07,0.25124717994344,0.02603,0.00045886,0.0002014,43.891382992633915,0.01704
592,6.5,Low,25,20,30,Citrate,50,Loam,0.5,Dry,12,0.00012066,4.794e-05,39.73147687717553,0.03955,0.00031471,9.486e-05,30.142035524768833,0.1561,0.00045886,0.0004154,90.52870156474742,0.001757
593,6.5,Low,25,20,30,Citrate,200,Loam,0.5,Dry,12,0.00012066,3.086e-06,2.557599867395989,0.02823,0.00031471,3.962e-06,1.2589367989577707,0.07232,0.00045886,0.0001068,23.27507300701739,0.005009
594,6.5,Low,25,20,30,DTPA,50,Loam,0.5,Dry,12,0.00012066,7.627e-05,63.21067462290735,0.04571,0.00031471,0.0001315,41.784500015887645,0.1573,0.00045886,0.0004476,97.5460924900841,0.001376
595,6.5,Low,25,20,30,DTPA,200,Loam,0.5,Dry,12,0.00012066,4.999e-05,41.43046577158959,0.1468,0.00031471,9.596e-07,0.30491563661783866,0.005621,0.00045886,0.0002977,64.878176350085,0.004483
596,6.5,Low,25,20,30,None,0,Loam,0.5,Mesic,8,0.00012066,7.675e-05,63.60848665672136,0.03187,0.00031471,0.0002159,68.60284071049537,0.1788,0.00045886,0.0004484,97.72043760624155,0.0009547
597,6.5,Low,25,20,30,EDTA,50,Loam,0.5,Mesic,8,0.00012066,6.513e-05,53.97812033814022,0.0446,0.00031471,0.0001137,36.1284992532808,0.1554,0.00045886,0.0004464,97.28457481584798,0.001568
598,6.5,Low,25,20,30,EDTA,200,Loam,0.5,Mesic,8,0.00012066,1.495e-06,1.2390187303165923,0.02466,0.00031471,7.907e-07,0.25124717994344,0.02603,0.00045886,0.0002014,43.891382992633915,0.01704
599,6.5,Low,25,20,30,Citrate,50,Loam,0.5,Mesic,8,0.00012066,4.794e-05,39.73147687717553,0.03955,0.00031471,9.486e-05,30.142035524768833,0.1561,0.00045886,0.0004154,90.52870156474742,0.001758
600,6.5,Low,25,20,30,Citrate,200,Loam,0.5,Mesic,8,0.00012066,3.086e-06,2.557599867395989,0.02823,0.00031471,3.962e-06,1.2589367989577707,0.07232,0.00045886,0.0001068,23.27507300701739,0.005009
601,6.5,Low,25,20,30,DTPA,50,Loam,0.5,Mesic,8,0.00012066,7.627e-05,63.21067462290735,0.04571,0.00031471,0.0001315,41.784500015887645,0.1573,0.00045886,0.0004476,97.5460924900841,0.001376
602,6.5,Low,25,20,30,DTPA,200,Loam,0.5,Mesic,8,0.00012066,4.999e-05,41.43046577158959,0.1468,0.00031471,9.596e-07,0.30491563661783866,0.005621,0.00045886,0.0002977,64.878176350085,0.004483
603,6.5,Low,25,20,30,None,0,Loam,0.5,Wet,3,0.00012066,7.598e-05,62.97032985247804,0.06774,0.00031471,7.074e-05,22.47783673858473,0.1258,0.00045886,0.0004482,97.6768513272022,0.002049
604,6.5,Low,25,20,30,EDTA,50,Loam,0.5,Wet,3,0.00012066,5.37e-05,44.50522128294381,0.0725,0.00031471,4.036e-05,12.824505099933273,0.1087,0.00045886,0.0004436,96.67436690929695,0.003072
605,6.5,Low,25,20,30,EDTA,200,Loam,0.5,Wet,3,0.00012066,1.464e-06,1.21332670313277,0.02442,0.00031471,7.679e-07,0.2440024149216739,0.02556,0.00045886,0.000199,43.36834764416162,0.01703
606,6.5,Low,25,20,30,Citrate,50,Loam,0.5,Wet,3,0.00012066,3.718e-05,30.813857119177857,0.0567,0.00031471,3.979e-05,12.643385974389117,0.1211,0.00045886,0.000393,85.64703831233928,0.003074
607,6.5,Low,25,20,30,Citrate,200,Loam,0.5,Wet,3,0.00012066,2.983e-06,2.472236035140063,0.02839,0.00031471,3.682e-06,1.169966000444854,0.06991,0.00045886,0.0001039,22.643071960946695,0.005071
608,6.5,Low,25,20,30,DTPA,50,Loam,0.5,Wet,3,0.00012066,7.555e-05,62.613956572186304,0.08783,0.00031471,4.222e-05,13.415525404340503,0.09792,0.00045886,0.0004462,97.24098853680862,0.00266
609,6.5,Low,25,20,30,DTPA,200,Loam,0.5,Wet,3,0.00012066,4.961e-05,41.11553124482016,0.1466,0.00031471,9.296e-07,0.29538305106288326,0.005483,0.00045886,0.0002954,64.37693414113238,0.004479
610,6.5,Low,25,20,30,None,0,Clay,1.5,Dry,12,0.00012066,7.675e-05,63.60848665672136,0.09558,0.00031471,0.0002159,68.60284071049537,0.5365,0.00045886,0.0004484,97.72043760624155,0.002864
611,6.5,Low,25,20,30,EDTA,50,Clay,1.5,Dry,12,0.00012066,6.513e-05,53.97812033814022,0.1338,0.00031471,0.0001137,36.1284992532808,0.4662,0.00045886,0.0004464,97.28457481584798,0.004703
612,6.5,Low,25,20,30,EDTA,200,Clay,1.5,Dry,12,0.00012066,1.495e-06,1.2390187303165923,0.07398,0.00031471,7.907e-07,0.25124717994344,0.07808,0.00045886,0.0002014,43.891382992633915,0.05112
613,6.5,Low,25,20,30,Citrate,50,Clay,1.5,Dry,12,0.00012066,4.794e-05,39.73147687717553,0.1186,0.00031471,9.486e-05,30.142035524768833,0.4684,0.00045886,0.0004154,90.52870156474742,0.005272
614,6.5,Low,25,20,30,Citrate,200,Clay,1.5,Dry,12,0.00012066,3.086e-06,2.557599867395989,0.08469,0.00031471,3.962e-06,1.2589367989577707,0.2169,0.00045886,0.0001068,23.27507300701739,0.01502
615,6.5,Low,25,20,30,DTPA,50,Clay,1.5,Dry,12,0.00012066,7.627e-05,63.21067462290735,0.1371,0.00031471,0.0001315,41.784500015887645,0.4718,0.00045886,0.0004476,97.5460924900841,0.004127
616,6.5,Low,25,20,30,DTPA,200,Clay,1.5,Dry,12,0.00012066,4.999e-05,41.43046577158959,0.4403,0.00031471,9.596e-07,0.30491563661783866,0.01686,0.00045886,0.0002977,64.878176350085,0.01345
617,6.5,Low,25,20,30,None,0,Clay,1.5,Mesic,8,0.00012066,7.675e-05,63.60848665672136,0.09558,0.00031471,0.0002159,68.60284071049537,0.5365,0.00045886,0.0004484,97.72043760624155,0.002864
618,6.5,Low,25,20,30,EDTA,50,Clay,1.5,Mesic,8,0.00012066,6.513e-05,53.97812033814022,0.1338,0.00031471,0.0001137,36.1284992532808,0.4662,0.00045886,0.0004464,97.28457481584798,0.004703
619,6.5,Low,25,20,30,EDTA,200,Clay,1.5,Mesic,8,0.00012066,1.495e-06,1.2390187303165923,0.07398,0.00031471,7.907e-07,0.25124717994344,0.07808,0.00045886,0.0002014,43.891382992633915,0.05112
620,6.5,Low,25,20,30,Citrate,50,Clay,1.5,Mesic,8,0.00012066,4.794e-05,39.73147687717553,0.1186,0.00031471,9.486e-05,30.142035524768833,0.4683,0.00045886,0.0004154,90.52870156474742,0.005272
621,6.5,Low,25,20,30,Citrate,200,Clay,1.5,Mesic,8,0.00012066,3.086e-06,2.557599867395989,0.08469,0.00031471,3.962e-06,1.2589367989577707,0.2169,0.00045886,0.0001068,23.27507300701739,0.01502
622,6.5,Low,25,20,30,DTPA,50,Clay,1.5,Mesic,8,0.00012066,7.627e-05,63.21067462290735,0.1371,0.00031471,0.0001315,41.784500015887645,0.4718,0.00045886,0.0004476,97.5460924900841,0.004127
623,6.5,Low,25,20,30,DTPA,200,Clay,1.5,Mesic,8,0.00012066,4.999e-05,41.43046577158959,0.4403,0.00031471,9.596e-07,0.30491563661783866,0.01686,0.00045886,0.0002977,64.878176350085,0.01345
624,6.5,Low,25,20,30,None,0,Clay,1.5,Wet,3,0.00012066,7.598e-05,62.97032985247804,0.2032,0.00031471,7.074e-05,22.47783673858473,0.3774,0.00045886,0.0004482,97.6768513272022,0.006147
625,6.5,Low,25,20,30,EDTA,50,Clay,1.5,Wet,3,0.00012066,5.37e-05,44.50522128294381,0.2175,0.00031471,4.036e-05,12.824505099933273,0.3261,0.00045886,0.0004436,96.67436690929695,0.009215
626,6.5,Low,25,20,30,EDTA,200,Clay,1.5,Wet,3,0.00012066,1.464e-06,1.21332670313277,0.07325,0.00031471,7.679e-07,0.2440024149216739,0.07667,0.00045886,0.000199,43.36834764416162,0.05107
627,6.5,Low,25,20,30,Citrate,50,Clay,1.5,Wet,3,0.00012066,3.718e-05,30.813857119177857,0.1701,0.00031471,3.979e-05,12.643385974389117,0.3632,0.00045886,0.000393,85.64703831233928,0.009221
628,6.5,Low,25,20,30,Citrate,200,Clay,1.5,Wet,3,0.00012066,2.983e-06,2.472236035140063,0.08516,0.00031471,3.682e-06,1.169966000444854,0.2097,0.00045886,0.0001039,22.643071960946695,0.01521
629,6.5,Low,25,20,30,DTPA,50,Clay,1.5,Wet,3,0.00012066,7.555e-05,62.613956572186304,0.2635,0.00031471,4.222e-05,13.415525404340503,0.2937,0.00045886,0.0004462,97.24098853680862,0.007979
630,6.5,Low,25,20,30,DTPA,200,Clay,1.5,Wet,3,0.00012066,4.961e-05,41.11553124482016,0.4399,0.00031471,9.296e-07,0.29538305106288326,0.01645,0.00045886,0.0002954,64.37693414113238,0.01344
631,6.5,Medium,100,80,120,None,0,Sand,0.1,Dry,12,0.00048263,0.0003319,68.76903632182002,0.007801,0.0012589,0.000804,63.865279212010485,0.0377,0.0018354,0.001802,98.18023319167483,0.0002171
632,6.5,Medium,100,80,120,EDTA,50,Sand,0.1,Dry,12,0.00048263,0.0003209,66.48985765493235,0.008303,0.0012589,0.000716,56.87504964651679,0.03697,0.0018354,0.0018,98.07126511932005,0.0002389
633,6.5,Medium,100,80,120,EDTA,200,Sand,0.1,Dry,12,0.00048263,0.0002754,57.06234589644241,0.01043,0.0012589,0.0004476,35.55484947176106,0.03381,0.0018354,0.001793,97.68987686607824,0.000348
634,6.5,Medium,100,80,120,Citrate,50,Sand,0.1,Dry,12,0.00048263,0.0003004,62.242297412096214,0.008096,0.0012589,0.0006898,54.79386766224481,0.03709,0.0018354,0.00178,96.98158439577203,0.0002459
635,6.5,Medium,100,80,120,Citrate,200,Sand,0.1,Dry,12,0.00048263,0.0001986,41.149534840353894,0.009415,0.0012589,0.0003616,28.723488760028594,0.03419,0.0018354,0.001667,90.82488830772584,0.0004052
636,6.5,Medium,100,80,120,DTPA,50,Sand,0.1,Dry,12,0.00048263,0.0003311,68.60327787331912,0.00836,0.0012589,0.0007338,58.28898244499165,0.03696,0.0018354,0.001801,98.12574915549745,0.0002332
637,6.5,Medium,100,80,120,DTPA,200,Sand,0.1,Dry,12,0.00048263,0.0003282,68.00240349750327,0.01085,0.0012589,0.0005115,40.630709349432045,0.03374,0.0018354,0.001798,97.96229704696523,0.0003049
638,6.5,Medium,100,80,120,None,0,Sand,0.1,Mesic,8,0.00048263,0.0003319,68.76903632182002,0.007801,0.0012589,0.000804,63.865279212010485,0.0377,0.0018354,0.001802,98.18023319167483,0.0002171
639,6.5,Medium,100,80,120,EDTA,50,Sand,0.1,Mesic,8,0.00048263,0.0003209,66.48985765493235,0.008304,0.0012589,0.000716,56.87504964651679,0.03697,0.0018354,0.0018,98.07126511932005,0.0002389
640,6.5,Medium,100,80,120,EDTA,200,Sand,0.1,Mesic,8,0.00048263,0.0002754,57.06234589644241,0.01043,0.0012589,0.0004476,35.55484947176106,0.03381,0.0018354,0.001793,97.68987686607824,0.000348
641,6.5,Medium,100,80,120,Citrate,50,Sand,0.1,Mesic,8,0.00048263,0.0003004,62.242297412096214,0.008096,0.0012589,0.0006898,54.79386766224481,0.03709,0.0018354,0.00178,96.98158439577203,0.0002459
642,6.5,Medium,100,80,120,Citrate,200,Sand,0.1,Mesic,8,0.00048263,0.0001986,41.149534840353894,0.009415,0.0012589,0.0003616,28.723488760028594,0.03419,0.0018354,0.001667,90.82488830772584,0.0004052
643,6.5,Medium,100,80,120,DTPA,50,Sand,0.1,Mesic,8,0.00048263,0.0003311,68.60327787331912,0.00836,0.0012589,0.0007338,58.28898244499165,0.03696,0.0018354,0.001801,98.12574915549745,0.0002332
644,6.5,Medium,100,80,120,DTPA,200,Sand,0.1,Mesic,8,0.00048263,0.0003282,68.00240349750327,0.01085,0.0012589,0.0005115,40.630709349432045,0.03374,0.0018354,0.001798,97.96229704696523,0.0003049
645,6.5,Medium,100,80,120,None,0,Sand,0.1,Wet,3,0.00048263,0.0003272,67.7952054368771,0.01424,0.0012589,0.0003411,27.09508300897609,0.02962,0.0018354,0.001802,98.18023319167483,0.0004021
646,6.5,Medium,100,80,120,EDTA,50,Sand,0.1,Wet,3,0.00048263,0.0003065,63.50620558191575,0.01476,0.0012589,0.0002993,23.77472396536659,0.02876,0.0018354,0.001799,98.01678108314263,0.0004443
647,6.5,Medium,100,80,120,EDTA,200,Sand,0.1,Wet,3,0.00048263,0.0002322,48.111389677392616,0.01624,0.0012589,0.0001856,14.743029629041226,0.02588,0.0018354,0.001784,97.19952054048163,0.0006395
648,6.5,Medium,100,80,120,Citrate,50,Sand,0.1,Wet,3,0.00048263,0.000277,57.39386279344425,0.01392,0.0012589,0.000294,23.353721502899354,0.02948,0.0018354,0.001762,96.00087174457883,0.0004543
649,6.5,Medium,100,80,120,Citrate,200,Sand,0.1,Wet,3,0.00048263,0.0001553,32.17785881524149,0.01305,0.0012589,0.0001696,13.472078798951465,0.02844,0.0018354,0.001584,86.30271330500162,0.0006825
650,6.5,Medium,100,80,120,DTPA,50,Sand,0.1,Wet,3,0.00048263,0.0003265,67.6501667944388,0.01524,0.0012589,0.0003047,24.203669870521882,0.02838,0.0018354,0.0018,98.07126511932005,0.000431
651,6.5,Medium,100,80,120,DTPA,200,Sand,0.1,Wet,3,0.00048263,0.0003237,67.07001222468558,0.0192,0.0012589,0.0001987,15.783620621177219,0.02351,0.0018354,0.001794,97.74436090225564,0.0005456
652,6.5,Medium,100,80,120,None,0,Loam,0.5,Dry,12,0.00048263,0.0003319,68.76903632182002,0.03895,0.0012589,0.000804,63.865279212010485,0.1883,0.0018354,0.001802,98.18023319167483,0.001084
653,6.5,Medium,100,80,120,EDTA,50,Loam,0.5,Dry,12,0.00048263,0.0003209,66.48985765493235,0.04146,0.0012589,0.000716,56.87504964651679,0.1846,0.0018354,0.0018,98.07126511932005,0.001193
654,6.5,Medium,100,80,120,EDTA,200,Loam,0.5,Dry,12,0.00048263,0.0002754,57.06234589644241,0.05207,0.0012589,0.0004476,35.55484947176106,0.1688,0.0018354,0.001793,97.68987686607824,0.001738
655,6.5,Medium,100,80,120,Citrate,50,Loam,0.5,Dry,12,0.00048263,0.0003004,62.242297412096214,0.04043,0.0012589,0.0006898,54.79386766224481,0.1852,0.0018354,0.00178,96.98158439577203,0.001228
656,6.5,Medium,100,80,120,Citrate,200,Loam,0.5,Dry,12,0.00048263,0.0001986,41.149534840353894,0.04702,0.0012589,0.0003616,28.723488760028594,0.1708,0.0018354,0.001667,90.82488830772584,0.002024
657,6.5,Medium,100,80,120,DTPA,50,Loam,0.5,Dry,12,0.00048263,0.0003311,68.60327787331912,0.04174,0.0012589,0.0007338,58.28898244499165,0.1846,0.0018354,0.001801,98.12574915549745,0.001164
658,6.5,Medium,100,80,120,DTPA,200,Loam,0.5,Dry,12,0.00048263,0.0003282,68.00240349750327,0.05417,0.0012589,0.0005115,40.630709349432045,0.1685,0.0018354,0.001798,97.96229704696523,0.001522
659,6.5,Medium,100,80,120,None,0,Loam,0.5,Mesic,8,0.00048263,0.0003319,68.76903632182002,0.03895,0.0012589,0.000804,63.865279212010485,0.1883,0.0018354,0.001802,98.18023319167483,0.001084
660,6.5,Medium,100,80,120,EDTA,50,Loam,0.5,Mesic,8,0.00048263,0.0003209,66.48985765493235,0.04146,0.0012589,0.000716,56.87504964651679,0.1846,0.0018354,0.0018,98.07126511932005,0.001193
661,6.5,Medium,100,80,120,EDTA,200,Loam,0.5,Mesic,8,0.00048263,0.0002754,57.06234589644241,0.05207,0.0012589,0.0004476,35.55484947176106,0.1688,0.0018354,0.001793,97.68987686607824,0.001738
662,6.5,Medium,100,80,120,Citrate,50,Loam,0.5,Mesic,8,0.00048263,0.0003004,62.242297412096214,0.04043,0.0012589,0.0006898,54.79386766224481,0.1852,0.0018354,0.00178,96.98158439577203,0.001228
663,6.5,Medium,100,80,120,Citrate,200,Loam,0.5,Mesic,8,0.00048263,0.0001986,41.149534840353894,0.04702,0.0012589,0.0003616,28.723488760028594,0.1708,0.0018354,0.001667,90.82488830772584,0.002024
664,6.5,Medium,100,80,120,DTPA,50,Loam,0.5,Mesic,8,0.00048263,0.0003311,68.60327787331912,0.04174,0.0012589,0.0007338,58.28898244499165,0.1846,0.0018354,0.001801,98.12574915549745,0.001164
665,6.5,Medium,100,80,120,DTPA,200,Loam,0.5,Mesic,8,0.00048263,0.0003282,68.00240349750327,0.05417,0.0012589,0.0005115,40.630709349432045,0.1685,0.0018354,0.001798,97.96229704696523,0.001522
666,6.5,Medium,100,80,120,None,0,Loam,0.5,Wet,3,0.00048263,0.0003272,67.7952054368771,0.07113,0.0012589,0.0003411,27.09508300897609,0.1479,0.0018354,0.001802,98.18023319167483,0.002008
667,6.5,Medium,100,80,120,EDTA,50,Loam,0.5,Wet,3,0.00048263,0.0003065,63.50620558191575,0.07373,0.0012589,0.0002993,23.77472396536659,0.1437,0.0018354,0.001799,98.01678108314263,0.002219
668,6.5,Medium,100,80,120,EDTA,200,Loam,0.5,Wet,3,0.00048263,0.0002322,48.111389677392616,0.08109,0.0012589,0.0001856,14.743029629041226,0.1293,0.0018354,0.001784,97.19952054048163,0.003194
669,6.5,Medium,100,80,120,Citrate,50,Loam,0.5,Wet,3,0.00048263,0.000277,57.39386279344425,0.06955,0.0012589,0.000294,23.353721502899354,0.1472,0.0018354,0.001762,96.00087174457883,0.002269
670,6.5,Medium,100,80,120,Citrate,200,Loam,0.5,Wet,3,0.00048263,0.0001553,32.17785881524149,0.06517,0.0012589,0.0001696,13.472078798951465,0.1421,0.0018354,0.001584,86.30271330500162,0.003409
671,6.5,Medium,100,80,120,DTPA,50,Loam,0.5,Wet,3,0.00048263,0.0003265,67.6501667944388,0.07611,0.0012589,0.0003047,24.203669870521882,0.1417,0.0018354,0.0018,98.07126511932005,0.002152
672,6.5,Medium,100,80,120,DTPA,200,Loam,0.5,Wet,3,0.00048263,0.0003237,67.07001222468558,0.09589,0.0012589,0.0001987,15.783620621177219,0.1174,0.0018354,0.001794,97.74436090225564,0.002725
673,6.5,Medium,100,80,120,None,0,Clay,1.5,Dry,12,0.00048263,0.0003319,68.76903632182002,0.1168,0.0012589,0.000804,63.865279212010485,0.5647,0.0018354,0.001802,98.18023319167483,0.003252
674,6.5,Medium,100,80,120,EDTA,50,Clay,1.5,Dry,12,0.00048263,0.0003209,66.48985765493235,0.1244,0.0012589,0.000716,56.87504964651679,0.5537,0.0018354,0.0018,98.07126511932005,0.003578
675,6.5,Medium,100,80,120,EDTA,200,Clay,1.5,Dry,12,0.00048263,0.0002754,57.06234589644241,0.1562,0.0012589,0.0004476,35.55484947176106,0.5064,0.0018354,0.001793,97.68987686607824,0.005213
676,6.5,Medium,100,80,120,Citrate,50,Clay,1.5,Dry,12,0.00048263,0.0003004,62.242297412096214,0.1213,0.0012589,0.0006898,54.79386766224481,0.5555,0.0018354,0.00178,96.98158439577203,0.003683
677,6.5,Medium,100,80,120,Citrate,200,Clay,1.5,Dry,12,0.00048263,0.0001986,41.149534840353894,0.141,0.0012589,0.0003616,28.723488760028594,0.5122,0.0018354,0.001667,90.82488830772584,0.00607
678,6.5,Medium,100,80,120,DTPA,50,Clay,1.5,Dry,12,0.00048263,0.0003311,68.60327787331912,0.1252,0.0012589,0.0007338,58.28898244499165,0.5536,0.0018354,0.001801,98.12574915549745,0.003492
679,6.5,Medium,100,80,120,DTPA,200,Clay,1.5,Dry,12,0.00048263,0.0003282,68.00240349750327,0.1625,0.0012589,0.0005115,40.630709349432045,0.5053,0.0018354,0.001798,97.96229704696523,0.004566
680,6.5,Medium,100,80,120,None,0,Clay,1.5,Mesic,8,0.00048263,0.0003319,68.76903632182002,0.1168,0.0012589,0.000804,63.865279212010485,0.5647,0.0018354,0.001802,98.18023319167483,0.003252
681,6.5,Medium,100,80,120,EDTA,50,Clay,1.5,Mesic,8,0.00048263,0.0003209,66.48985765493235,0.1244,0.0012589,0.000716,56.87504964651679,0.5537,0.0018354,0.0018,98.07126511932005,0.003578
682,6.5,Medium,100,80,120,EDTA,200,Clay,1.5,Mesic,8,0.00048263,0.0002754,57.06234589644241,0.1562,0.0012589,0.0004476,35.55484947176106,0.5064,0.0018354,0.001793,97.68987686607824,0.005213
683,6.5,Medium,100,80,120,Citrate,50,Clay,1.5,Mesic,8,0.00048263,0.0003004,62.242297412096214,0.1213,0.0012589,0.0006898,54.79386766224481,0.5555,0.0018354,0.00178,96.98158439577203,0.003683
684,6.5,Medium,100,80,120,Citrate,200,Clay,1.5,Mesic,8,0.00048263,0.0001986,41.149534840353894,0.141,0.0012589,0.0003616,28.723488760028594,0.5122,0.0018354,0.001667,90.82488830772584,0.00607
685,6.5,Medium,100,80,120,DTPA,50,Clay,1.5,Mesic,8,0.00048263,0.0003311,68.60327787331912,0.1252,0.0012589,0.0007338,58.28898244499165,0.5536,0.0018354,0.001801,98.12574915549745,0.003493
686,6.5,Medium,100,80,120,DTPA,200,Clay,1.5,Mesic,8,0.00048263,0.0003282,68.00240349750327,0.1625,0.0012589,0.0005115,40.630709349432045,0.5053,0.0018354,0.001798,97.96229704696523,0.004566
687,6.5,Medium,100,80,120,None,0,Clay,1.5,Wet,3,0.00048263,0.0003272,67.7952054368771,0.2133,0.0012589,0.0003411,27.09508300897609,0.4438,0.0018354,0.001802,98.18023319167483,0.006024
688,6.5,Medium,100,80,120,EDTA,50,Clay,1.5,Wet,3,0.00048263,0.0003065,63.50620558191575,0.2211,0.0012589,0.0002993,23.77472396536659,0.4309,0.0018354,0.001799,98.01678108314263,0.006656
689,6.5,Medium,100,80,120,EDTA,200,Clay,1.5,Wet,3,0.00048263,0.0002322,48.111389677392616,0.2432,0.0012589,0.0001856,14.743029629041226,0.3878,0.0018354,0.001784,97.19952054048163,0.009581
690,6.5,Medium,100,80,120,Citrate,50,Clay,1.5,Wet,3,0.00048263,0.000277,57.39386279344425,0.2086,0.0012589,0.000294,23.353721502899354,0.4416,0.0018354,0.001762,96.00087174457883,0.006805
691,6.5,Medium,100,80,120,Citrate,200,Clay,1.5,Wet,3,0.00048263,0.0001553,32.17785881524149,0.1955,0.0012589,0.0001696,13.472078798951465,0.4262,0.0018354,0.001584,86.30271330500162,0.01023
692,6.5,Medium,100,80,120,DTPA,50,Clay,1.5,Wet,3,0.00048263,0.0003265,67.6501667944388,0.2283,0.0012589,0.0003047,24.203669870521882,0.4251,0.0018354,0.0018,98.07126511932005,0.006456
693,6.5,Medium,100,80,120,DTPA,200,Clay,1.5,Wet,3,0.00048263,0.0003237,67.07001222468558,0.2876,0.0012589,0.0001987,15.783620621177219,0.3522,0.0018354,0.001794,97.74436090225564,0.008174
694,6.5,High,300,250,400,None,0,Sand,0.1,Dry,12,0.0014479,0.00109,75.28144208854202,0.009621,0.0039339,0.002118,53.839701060016786,0.03732,0.0061181,0.006041,98.73980484137233,0.0002736
695,6.5,High,300,250,400,EDTA,50,Sand,0.1,Dry,12,0.0014479,0.001076,74.31452448373506,0.009747,0.0039339,0.002056,52.26365693078117,0.03715,0.0061181,0.006039,98.70711495398899,0.0002805
696,6.5,High,300,250,400,EDTA,200,Sand,0.1,Dry,12,0.0014479,0.001034,71.41377166931417,0.01017,0.0039339,0.001865,47.40842421007143,0.03658,0.0061181,0.006034,98.62539023553066,0.0003042
697,6.5,High,300,250,400,Citrate,50,Sand,0.1,Dry,12,0.0014479,0.001052,72.65695144692313,0.009629,0.0039339,0.002039,51.831515798571395,0.03725,0.0061181,0.006017,98.34752619277228,0.0002826
698,6.5,High,300,250,400,Citrate,200,Sand,0.1,Dry,12,0.0014479,0.0009442,65.21168588990952,0.009762,0.0039339,0.001789,45.47649914842778,0.03691,0.0061181,0.00594,97.08896552851375,0.000315
699,6.5,High,300,250,400,DTPA,50,Sand,0.1,Dry,12,0.0014479,0.001089,75.21237654534151,0.009792,0.0039339,0.002068,52.56869772998806,0.03711,0.0061181,0.006041,98.73980484137233,0.0002786
700,6.5,High,300,250,400,DTPA,200,Sand,0.1,Dry,12,0.0014479,0.001087,75.07424545894054,0.01036,0.0039339,0.001914,48.65400747349958,0.03643,0.0061181,0.006039,98.70711495398899,0.0002954
701,6.5,High,300,250,400,None,0,Sand,0.1,Mesic,8,0.0014479,0.00109,75.28144208854202,0.009621,0.0039339,0.002118,53.839701060016786,0.03732,0.0061181,0.006041,98.73980484137233,0.0002736
702,6.5,High,300,250,400,EDTA,50,Sand,0.1,Mesic,8,0.0014479,0.001076,74.31452448373506,0.009747,0.0039339,0.002056,52.26365693078117,0.03715,0.0061181,0.006039,98.70711495398899,0.0002805
703,6.5,High,300,250,400,EDTA,200,Sand,0.1,Mesic,8,0.0014479,0.001034,71.41377166931417,0.01017,0.0039339,0.001865,47.40842421007143,0.03658,0.0061181,0.006034,98.62539023553066,0.0003042
704,6.5,High,300,250,400,Citrate,50,Sand,0.1,Mesic,8,0.0014479,0.001052,72.65695144692313,0.009629,0.0039339,0.002039,51.831515798571395,0.03725,0.0061181,0.006017,98.34752619277228,0.0002826
705,6.5,High,300,250,400,Citrate,200,Sand,0.1,Mesic,8,0.0014479,0.0009442,65.21168588990952,0.009762,0.0039339,0.001789,45.47649914842778,0.03691,0.0061181,0.00594,97.08896552851375,0.000315
706,6.5,High,300,250,400,DTPA,50,Sand,0.1,Mesic,8,0.0014479,0.001089,75.21237654534151,0.009793,0.0039339,0.002068,52.56869772998806,0.03711,0.0061181,0.006041,98.73980484137233,0.0002786
707,6.5,High,300,250,400,DTPA,200,Sand,0.1,Mesic,8,0.0014479,0.001087,75.07424545894054,0.01036,0.0039339,0.001914,48.65400747349958,0.03643,0.0061181,0.006039,98.70711495398899,0.0002954
708,6.5,High,300,250,400,None,0,Sand,0.1,Wet,3,0.0014479,0.001098,75.833966434146,0.01358,0.0039339,0.001328,33.75784844556293,0.03276,0.0061181,0.00605,98.88690933459735,0.0003837
709,6.5,High,300,250,400,EDTA,50,Sand,0.1,Wet,3,0.0014479,0.001078,74.45265557013606,0.01375,0.0039339,0.001278,32.48684511553421,0.03253,0.0061181,0.006047,98.83787450352234,0.0003956
710,6.5,High,300,250,400,EDTA,200,Sand,0.1,Wet,3,0.0014479,0.001013,69.96339526210373,0.01429,0.0039339,0.001129,28.699255192048607,0.03177,0.0061181,0.006039,98.70711495398899,0.0004367
711,6.5,High,300,250,400,Citrate,50,Sand,0.1,Wet,3,0.0014479,0.001045,72.17349264451964,0.01352,0.0039339,0.001269,32.25806451612903,0.03274,0.0061181,0.006016,98.3311812490806,0.000399
712,6.5,High,300,250,400,Citrate,200,Sand,0.1,Wet,3,0.0014479,0.000898,62.02085779404655,0.01345,0.0039339,0.001088,27.65703246142505,0.0325,0.0061181,0.005904,96.50054755561368,0.0004534
713,6.5,High,300,250,400,DTPA,50,Sand,0.1,Wet,3,0.0014479,0.001097,75.76490089094551,0.01386,0.0039339,0.001286,32.6902056483388,0.03243,0.0061181,0.006049,98.87056439090568,0.000392
714,6.5,High,300,250,400,DTPA,200,Sand,0.1,Wet,3,0.0014479,0.001093,75.48863871814352,0.01479,0.0039339,0.00116,29.487277256666417,0.03133,0.0061181,0.006046,98.82152955983068,0.0004196
715,6.5,High,300,250,400,None,0,Loam,0.5,Dry,12,0.0014479,0.00109,75.28144208854202,0.048,0.0039339,0.002118,53.839701060016786,0.1862,0.0061181,0.006041,98.73980484137233,0.001365
716,6.5,High,300,250,400,EDTA,50,Loam,0.5,Dry,12,0.0014479,0.001076,74.31452448373506,0.04863,0.0039339,0.002056,52.26365693078117,0.1853,0.0061181,0.006039,98.70711495398899,0.001399
717,6.5,High,300,250,400,EDTA,200,Loam,0.5,Dry,12,0.0014479,0.001034,71.41377166931417,0.05072,0.0039339,0.001865,47.40842421007143,0.1825,0.0061181,0.006034,98.62539023553066,0.001518
718,6.5,High,300,250,400,Citrate,50,Loam,0.5,Dry,12,0.0014479,0.001052,72.65695144692313,0.04804,0.0039339,0.002039,51.831515798571395,0.1859,0.0061181,0.006017,98.34752619277228,0.00141
719,6.5,High,300,250,400,Citrate,200,Loam,0.5,Dry,12,0.0014479,0.0009442,65.21168588990952,0.04871,0.0039339,0.001789,45.47649914842778,0.1842,0.0061181,0.00594,97.08896552851375,0.001571
720,6.5,High,300,250,400,DTPA,50,Loam,0.5,Dry,12,0.0014479,0.001089,75.21237654534151,0.04885,0.0039339,0.002068,52.56869772998806,0.1852,0.0061181,0.006041,98.73980484137233,0.00139
721,6.5,High,300,250,400,DTPA,200,Loam,0.5,Dry,12,0.0014479,0.001087,75.07424545894054,0.05171,0.0039339,0.001914,48.65400747349958,0.1817,0.0061181,0.006039,98.70711495398899,0.001474
722,6.5,High,300,250,400,None,0,Loam,0.5,Mesic,8,0.0014479,0.00109,75.28144208854202,0.048,0.0039339,0.002118,53.839701060016786,0.1862,0.0061181,0.006041,98.73980484137233,0.001365
723,6.5,High,300,250,400,EDTA,50,Loam,0.5,Mesic,8,0.0014479,0.001076,74.31452448373506,0.04863,0.0039339,0.002056,52.26365693078117,0.1853,0.0061181,0.006039,98.70711495398899,0.001399
724,6.5,High,300,250,400,EDTA,200,Loam,0.5,Mesic,8,0.0014479,0.001034,71.41377166931417,0.05072,0.0039339,0.001865,47.40842421007143,0.1825,0.0061181,0.006034,98.62539023553066,0.001518
725,6.5,High,300,250,400,Citrate,50,Loam,0.5,Mesic,8,0.0014479,0.001052,72.65695144692313,0.04804,0.0039339,0.002039,51.831515798571395,0.1859,0.0061181,0.006017,98.34752619277228,0.00141
726,6.5,High,300,250,400,Citrate,200,Loam,0.5,Mesic,8,0.0014479,0.0009442,65.21168588990952,0.04871,0.0039339,0.001789,45.47649914842778,0.1842,0.0061181,0.00594,97.08896552851375,0.001571
727,6.5,High,300,250,400,DTPA,50,Loam,0.5,Mesic,8,0.0014479,0.001089,75.21237654534151,0.04885,0.0039339,0.002068,52.56869772998806,0.1852,0.0061181,0.006041,98.73980484137233,0.00139
728,6.5,High,300,250,400,DTPA,200,Loam,0.5,Mesic,8,0.0014479,0.001087,75.07424545894054,0.05171,0.0039339,0.001914,48.65400747349958,0.1817,0.0061181,0.006039,98.70711495398899,0.001474
729,6.5,High,300,250,400,None,0,Loam,0.5,Wet,3,0.0014479,0.001098,75.833966434146,0.06776,0.0039339,0.001328,33.75784844556293,0.1635,0.0061181,0.00605,98.88690933459735,0.001915
730,6.5,High,300,250,400,EDTA,50,Loam,0.5,Wet,3,0.0014479,0.001078,74.45265557013606,0.06861,0.0039339,0.001278,32.48684511553421,0.1623,0.0061181,0.006047,98.83787450352234,0.001974
731,6.5,High,300,250,400,EDTA,200,Loam,0.5,Wet,3,0.0014479,0.001013,69.96339526210373,0.07129,0.0039339,0.001129,28.699255192048607,0.1585,0.0061181,0.006039,98.70711495398899,0.002179
732,6.5,High,300,250,400,Citrate,50,Loam,0.5,Wet,3,0.0014479,0.001045,72.17349264451964,0.06745,0.0039339,0.001269,32.25806451612903,0.1634,0.0061181,0.006016,98.3311812490806,0.001991
733,6.5,High,300,250,400,Citrate,200,Loam,0.5,Wet,3,0.0014479,0.000898,62.02085779404655,0.0671,0.0039339,0.001088,27.65703246142505,0.1622,0.0061181,0.005904,96.50054755561368,0.002263
734,6.5,High,300,250,400,DTPA,50,Loam,0.5,Wet,3,0.0014479,0.001097,75.76490089094551,0.06916,0.0039339,0.001286,32.6902056483388,0.1618,0.0061181,0.006049,98.87056439090568,0.001956
735,6.5,High,300,250,400,DTPA,200,Loam,0.5,Wet,3,0.0014479,0.001093,75.48863871814352,0.0738,0.0039339,0.00116,29.487277256666417,0.1564,0.0061181,0.006046,98.82152955983068,0.002094
736,6.5,High,300,250,400,None,0,Clay,1.5,Dry,12,0.0014479,0.00109,75.28144208854202,0.1439,0.0039339,0.002118,53.839701060016786,0.5584,0.0061181,0.006041,98.73980484137233,0.004093
737,6.5,High,300,250,400,EDTA,50,Clay,1.5,Dry,12,0.0014479,0.001076,74.31452448373506,0.1458,0.0039339,0.002056,52.26365693078117,0.5558,0.0061181,0.006039,98.70711495398899,0.004196
738,6.5,High,300,250,400,EDTA,200,Clay,1.5,Dry,12,0.0014479,0.001034,71.41377166931417,0.1521,0.0039339,0.001865,47.40842421007143,0.5473,0.0061181,0.006034,98.62539023553066,0.004552
739,6.5,High,300,250,400,Citrate,50,Clay,1.5,Dry,12,0.0014479,0.001052,72.65695144692313,0.1441,0.0039339,0.002039,51.831515798571395,0.5574,0.0061181,0.006017,98.34752619277228,0.004228
740,6.5,High,300,250,400,Citrate,200,Clay,1.5,Dry,12,0.0014479,0.0009442,65.21168588990952,0.1461,0.0039339,0.001789,45.47649914842778,0.5523,0.0061181,0.00594,97.08896552851375,0.004713
741,6.5,High,300,250,400,DTPA,50,Clay,1.5,Dry,12,0.0014479,0.001089,75.21237654534151,0.1465,0.0039339,0.002068,52.56869772998806,0.5553,0.0061181,0.006041,98.73980484137233,0.004168
742,6.5,High,300,250,400,DTPA,200,Clay,1.5,Dry,12,0.0014479,0.001087,75.07424545894054,0.1551,0.0039339,0.001914,48.65400747349958,0.545,0.0061181,0.006039,98.70711495398899,0.00442
743,6.5,High,300,250,400,None,0,Clay,1.5,Mesic,8,0.0014479,0.00109,75.28144208854202,0.1439,0.0039339,0.002118,53.839701060016786,0.5584,0.0061181,0.006041,98.73980484137233,0.004093
744,6.5,High,300,250,400,EDTA,50,Clay,1.5,Mesic,8,0.0014479,0.001076,74.31452448373506,0.1458,0.0039339,0.002056,52.26365693078117,0.5558,0.0061181,0.006039,98.70711495398899,0.004197
745,6.5,High,300,250,400,EDTA,200,Clay,1.5,Mesic,8,0.0014479,0.001034,71.41377166931417,0.1521,0.0039339,0.001865,47.40842421007143,0.5473,0.0061181,0.006034,98.62539023553066,0.004552
746,6.5,High,300,250,400,Citrate,50,Clay,1.5,Mesic,8,0.0014479,0.001052,72.65695144692313,0.1441,0.0039339,0.002039,51.831515798571395,0.5574,0.0061181,0.006017,98.34752619277228,0.004228
747,6.5,High,300,250,400,Citrate,200,Clay,1.5,Mesic,8,0.0014479,0.0009442,65.21168588990952,0.1461,0.0039339,0.001789,45.47649914842778,0.5523,0.0061181,0.00594,97.08896552851375,0.004713
748,6.5,High,300,250,400,DTPA,50,Clay,1.5,Mesic,8,0.0014479,0.001089,75.21237654534151,0.1465,0.0039339,0.002068,52.56869772998806,0.5553,0.0061181,0.006041,98.73980484137233,0.004168
749,6.5,High,300,250,400,DTPA,200,Clay,1.5,Mesic,8,0.0014479,0.001087,75.07424545894054,0.1551,0.0039339,0.001914,48.65400747349958,0.545,0.0061181,0.006039,98.70711495398899,0.00442
750,6.5,High,300,250,400,None,0,Clay,1.5,Wet,3,0.0014479,0.001098,75.833966434146,0.2032,0.0039339,0.001328,33.75784844556293,0.4903,0.0061181,0.00605,98.88690933459735,0.005742
751,6.5,High,300,250,400,EDTA,50,Clay,1.5,Wet,3,0.0014479,0.001078,74.45265557013606,0.2058,0.0039339,0.001278,32.48684511553421,0.4868,0.0061181,0.006047,98.83787450352234,0.005921
752,6.5,High,300,250,400,EDTA,200,Clay,1.5,Wet,3,0.0014479,0.001013,69.96339526210373,0.2138,0.0039339,0.001129,28.699255192048607,0.4754,0.0061181,0.006039,98.70711495398899,0.006535
753,6.5,High,300,250,400,Citrate,50,Clay,1.5,Wet,3,0.0014479,0.001045,72.17349264451964,0.2023,0.0039339,0.001269,32.25806451612903,0.4899,0.0061181,0.006016,98.3311812490806,0.005972
754,6.5,High,300,250,400,Citrate,200,Clay,1.5,Wet,3,0.0014479,0.000898,62.02085779404655,0.2012,0.0039339,0.001088,27.65703246142505,0.4865,0.0061181,0.005904,96.50054755561368,0.006786
755,6.5,High,300,250,400,DTPA,50,Clay,1.5,Wet,3,0.0014479,0.001097,75.76490089094551,0.2074,0.0039339,0.001286,32.6902056483388,0.4854,0.0061181,0.006049,98.87056439090568,0.005866
756,6.5,High,300,250,400,DTPA,200,Clay,1.5,Wet,3,0.0014479,0.001093,75.48863871814352,0.2213,0.0039339,0.00116,29.487277256666417,0.4689,0.0061181,0.006046,98.82152955983068,0.00628
757,7.0,Low,25,20,30,None,0,Sand,0.1,Dry,12,0.00012066,5.535e-05,45.872700149179515,0.009051,0.00031471,0.0001137,36.1284992532808,0.03709,0.00045886,0.0004413,96.17312470034433,0.0003701
758,7.0,Low,25,20,30,EDTA,50,Sand,0.1,Dry,12,0.00012066,4.46e-05,36.96336814188629,0.01179,0.00031471,6.296e-05,20.00571955133297,0.0332,0.00045886,0.0004375,95.34498539859652,0.000593
759,7.0,Low,25,20,30,EDTA,200,Sand,0.1,Dry,12,0.00012066,1.431e-06,1.1859771258080556,0.01068,0.00031471,7.611e-07,0.24184169552921736,0.01133,0.00045886,0.0001958,42.670967179531885,0.007494
760,7.0,Low,25,20,30,Citrate,50,Sand,0.1,Dry,12,0.00012066,3.326e-05,27.56505884303,0.01002,0.00031471,5.765e-05,18.318451908105875,0.03466,0.00045886,0.0003952,86.12648738177222,0.0006109
761,7.0,Low,25,20,30,Citrate,200,Sand,0.1,Dry,12,0.00012066,2.926e-06,2.4249958561246476,0.009544,0.00031471,3.772e-06,1.19856375710972,0.02455,0.00045886,0.0001035,22.555899402867976,0.001732
762,7.0,Low,25,20,30,DTPA,50,Sand,0.1,Dry,12,0.00012066,5.432e-05,45.01906182662025,0.01256,0.00031471,7.104e-05,22.57316259413428,0.03277,0.00045886,0.0004397,95.82443446802947,0.0005214
763,7.0,Low,25,20,30,DTPA,200,Sand,0.1,Dry,12,0.00012066,3.775e-05,31.28625890933201,0.03825,0.00031471,8.712e-07,0.2768262845159035,0.001762,0.00045886,0.0002848,62.066861352046374,0.00148
764,7.0,Low,25,20,30,None,0,Sand,0.1,Mesic,8,0.00012066,5.535e-05,45.872700149179515,0.009051,0.00031471,0.0001137,36.1284992532808,0.03709,0.00045886,0.0004413,96.17312470034433,0.0003701
765,7.0,Low,25,20,30,EDTA,50,Sand,0.1,Mesic,8,0.00012066,4.46e-05,36.96336814188629,0.01179,0.00031471,6.296e-05,20.00571955133297,0.0332,0.00045886,0.0004375,95.34498539859652,0.000593
766,7.0,Low,25,20,30,EDTA,200,Sand,0.1,Mesic,8,0.00012066,1.431e-06,1.1859771258080556,0.01068,0.00031471,7.611e-07,0.24184169552921736,0.01133,0.00045886,0.0001958,42.670967179531885,0.007494
767,7.0,Low,25,20,30,Citrate,50,Sand,0.1,Mesic,8,0.00012066,3.326e-05,27.56505884303,0.01002,0.00031471,5.765e-05,18.318451908105875,0.03466,0.00045886,0.0003952,86.12648738177222,0.0006109
768,7.0,Low,25,20,30,Citrate,200,Sand,0.1,Mesic,8,0.00012066,2.926e-06,2.4249958561246476,0.009544,0.00031471,3.772e-06,1.19856375710972,0.02455,0.00045886,0.0001035,22.555899402867976,0.001732
769,7.0,Low,25,20,30,DTPA,50,Sand,0.1,Mesic,8,0.00012066,5.432e-05,45.01906182662025,0.01256,0.00031471,7.104e-05,22.57316259413428,0.03277,0.00045886,0.0004397,95.82443446802947,0.0005214
770,7.0,Low,25,20,30,DTPA,200,Sand,0.1,Mesic,8,0.00012066,3.775e-05,31.28625890933201,0.03825,0.00031471,8.712e-07,0.2768262845159035,0.001762,0.00045886,0.0002848,62.066861352046374,0.00148
771,7.0,Low,25,20,30,None,0,Sand,0.1,Wet,3,0.00012066,5.38e-05,44.58809878998839,0.01478,0.00031471,5.494e-05,17.457341679641576,0.03011,0.00045886,0.0004407,96.04236586322625,0.0006208
772,7.0,Low,25,20,30,EDTA,50,Sand,0.1,Wet,3,0.00012066,3.865e-05,32.0321564727333,0.01653,0.00031471,3.156e-05,10.028280003813036,0.02694,0.00045886,0.0004346,94.71298435252582,0.0009534
773,7.0,Low,25,20,30,EDTA,200,Sand,0.1,Wet,3,0.00012066,1.403e-06,1.1627714238355709,0.01064,0.00031471,7.403e-07,0.235232436211115,0.0112,0.00045886,0.0001936,42.19151811009893,0.007529
774,7.0,Low,25,20,30,Citrate,50,Sand,0.1,Wet,3,0.00012066,2.834e-05,23.487485496436268,0.01326,0.00031471,3.215e-05,10.215754186393823,0.03002,0.00045886,0.0003781,82.39986052390707,0.0009076
775,7.0,Low,25,20,30,Citrate,200,Sand,0.1,Wet,3,0.00012066,2.838e-06,2.3520636499254106,0.009708,0.00031471,3.522e-06,1.1191255441517587,0.02404,0.00045886,0.000101,22.011070914875997,0.001772
776,7.0,Low,25,20,30,DTPA,50,Sand,0.1,Wet,3,0.00012066,5.317e-05,44.065970495607495,0.01953,0.00031471,3.336e-05,10.600235137110356,0.02445,0.00045886,0.000438,95.45395109619493,0.0008251
777,7.0,Low,25,20,30,DTPA,200,Sand,0.1,Wet,3,0.00012066,3.753e-05,31.10392839383391,0.03827,0.00031471,8.465e-07,0.26897778907565695,0.001722,0.00045886,0.0002827,61.60920542213311,0.001479
778,7.0,Low,25,20,30,None,0,Loam,0.5,Dry,12,0.00012066,5.535e-05,45.872700149179515,0.04523,0.00031471,0.0001137,36.1284992532808,0.1853,0.00045886,0.0004413,96.17312470034433,0.001849
779,7.0,Low,25,20,30,EDTA,50,Loam,0.5,Dry,12,0.00012066,4.46e-05,36.96336814188629,0.05889,0.00031471,6.296e-05,20.00571955133297,0.1659,0.00045886,0.0004375,95.34498539859652,0.002963
780,7.0,Low,25,20,30,EDTA,200,Loam,0.5,Dry,12,0.00012066,1.431e-06,1.1859771258080556,0.05337,0.00031471,7.611e-07,0.24184169552921736,0.05665,0.00045886,0.0001958,42.670967179531885,0.03745
781,7.0,Low,25,20,30,Citrate,50,Loam,0.5,Dry,12,0.00012066,3.326e-05,27.56505884303,0.05009,0.00031471,5.765e-05,18.318451908105875,0.1732,0.00045886,0.0003952,86.12648738177222,0.003053
782,7.0,Low,25,20,30,Citrate,200,Loam,0.5,Dry,12,0.00012066,2.926e-06,2.4249958561246476,0.0477,0.00031471,3.772e-06,1.19856375710972,0.1227,0.00045886,0.0001035,22.555899402867976,0.008656
783,7.0,Low,25,20,30,DTPA,50,Loam,0.5,Dry,12,0.00012066,5.432e-05,45.01906182662025,0.06275,0.00031471,7.104e-05,22.57316259413428,0.1637,0.00045886,0.0004397,95.82443446802947,0.002605
784,7.0,Low,25,20,30,DTPA,200,Loam,0.5,Dry,12,0.00012066,3.775e-05,31.28625890933201,0.1912,0.00031471,8.712e-07,0.2768262845159035,0.008803,0.00045886,0.0002848,62.066861352046374,0.007397
785,7.0,Low,25,20,30,None,0,Loam,0.5,Mesic,8,0.00012066,5.535e-05,45.872700149179515,0.04523,0.00031471,0.0001137,36.1284992532808,0.1853,0.00045886,0.0004413,96.17312470034433,0.001849
786,7.0,Low,25,20,30,EDTA,50,Loam,0.5,Mesic,8,0.00012066,4.46e-05,36.96336814188629,0.05889,0.00031471,6.296e-05,20.00571955133297,0.1659,0.00045886,0.0004375,95.34498539859652,0.002963
787,7.0,Low,25,20,30,EDTA,200,Loam,0.5,Mesic,8,0.00012066,1.431e-06,1.1859771258080556,0.05337,0.00031471,7.611e-07,0.24184169552921736,0.05665,0.00045886,0.0001958,42.670967179531885,0.03745
788,7.0,Low,25,20,30,Citrate,50,Loam,0.5,Mesic,8,0.00012066,3.326e-05,27.56505884303,0.05009,0.00031471,5.765e-05,18.318451908105875,0.1732,0.00045886,0.0003952,86.12648738177222,0.003053
789,7.0,Low,25,20,30,Citrate,200,Loam,0.5,Mesic,8,0.00012066,2.926e-06,2.4249958561246476,0.0477,0.00031471,3.772e-06,1.19856375710972,0.1227,0.00045886,0.0001035,22.555899402867976,0.008656
790,7.0,Low,25,20,30,DTPA,50,Loam,0.5,Mesic,8,0.00012066,5.432e-05,45.01906182662025,0.06275,0.00031471,7.104e-05,22.57316259413428,0.1637,0.00045886,0.0004397,95.82443446802947,0.002605
791,7.0,Low,25,20,30,DTPA,200,Loam,0.5,Mesic,8,0.00012066,3.775e-05,31.28625890933201,0.1912,0.00031471,8.712e-07,0.2768262845159035,0.008803,0.00045886,0.0002848,62.066861352046374,0.007397
792,7.0,Low,25,20,30,None,0,Loam,0.5,Wet,3,0.00012066,5.38e-05,44.58809878998839,0.07385,0.00031471,5.494e-05,17.457341679641576,0.1505,0.00045886,0.0004407,96.04236586322625,0.003102
793,7.0,Low,25,20,30,EDTA,50,Loam,0.5,Wet,3,0.00012066,3.865e-05,32.0321564727333,0.08262,0.00031471,3.156e-05,10.028280003813036,0.1346,0.00045886,0.0004346,94.71298435252582,0.004765
794,7.0,Low,25,20,30,EDTA,200,Loam,0.5,Wet,3,0.00012066,1.403e-06,1.1627714238355709,0.05318,0.00031471,7.403e-07,0.235232436211115,0.05599,0.00045886,0.0001936,42.19151811009893,0.03763
795,7.0,Low,25,20,30,Citrate,50,Loam,0.5,Wet,3,0.00012066,2.834e-05,23.487485496436268,0.06628,0.00031471,3.215e-05,10.215754186393823,0.15,0.00045886,0.0003781,82.39986052390707,0.004535
796,7.0,Low,25,20,30,Citrate,200,Loam,0.5,Wet,3,0.00012066,2.838e-06,2.3520636499254106,0.04852,0.00031471,3.522e-06,1.1191255441517587,0.1202,0.00045886,0.000101,22.011070914875997,0.008856
797,7.0,Low,25,20,30,DTPA,50,Loam,0.5,Wet,3,0.00012066,5.317e-05,44.065970495607495,0.09759,0.00031471,3.336e-05,10.600235137110356,0.1222,0.00045886,0.000438,95.45395109619493,0.004123
798,7.0,Low,25,20,30,DTPA,200,Loam,0.5,Wet,3,0.00012066,3.753e-05,31.10392839383391,0.1912,0.00031471,8.465e-07,0.26897778907565695,0.008608,0.00045886,0.0002827,61.60920542213311,0.00739
799,7.0,Low,25,20,30,None,0,Clay,1.5,Dry,12,0.00012066,5.535e-05,45.872700149179515,0.1357,0.00031471,0.0001137,36.1284992532808,0.5559,0.00045886,0.0004413,96.17312470034433,0.005547
800,7.0,Low,25,20,30,EDTA,50,Clay,1.5,Dry,12,0.00012066,4.46e-05,36.96336814188629,0.1767,0.00031471,6.296e-05,20.00571955133297,0.4976,0.00045886,0.0004375,95.34498539859652,0.008888
801,7.0,Low,25,20,30,EDTA,200,Clay,1.5,Dry,12,0.00012066,1.431e-06,1.1859771258080556,0.1601,0.00031471,7.611e-07,0.24184169552921736,0.1699,0.00045886,0.0001958,42.670967179531885,0.1124
802,7.0,Low,25,20,30,Citrate,50,Clay,1.5,Dry,12,0.00012066,3.326e-05,27.56505884303,0.1503,0.00031471,5.765e-05,18.318451908105875,0.5196,0.00045886,0.0003952,86.12648738177222,0.009157
803,7.0,Low,25,20,30,Citrate,200,Clay,1.5,Dry,12,0.00012066,2.926e-06,2.4249958561246476,0.1431,0.00031471,3.772e-06,1.19856375710972,0.368,0.00045886,0.0001035,22.555899402867976,0.02597
804,7.0,Low,25,20,30,DTPA,50,Clay,1.5,Dry,12,0.00012066,5.432e-05,45.01906182662025,0.1882,0.00031471,7.104e-05,22.57316259413428,0.4912,0.00045886,0.0004397,95.82443446802947,0.007815
805,7.0,Low,25,20,30,DTPA,200,Clay,1.5,Dry,12,0.00012066,3.775e-05,31.28625890933201,0.5734,0.00031471,8.712e-07,0.2768262845159035,0.02641,0.00045886,0.0002848,62.066861352046374,0.02219
806,7.0,Low,25,20,30,None,0,Clay,1.5,Mesic,8,0.00012066,5.535e-05,45.872700149179515,0.1357,0.00031471,0.0001137,36.1284992532808,0.5559,0.00045886,0.0004413,96.17312470034433,0.005547
807,7.0,Low,25,20,30,EDTA,50,Clay,1.5,Mesic,8,0.00012066,4.46e-05,36.96336814188629,0.1767,0.00031471,6.296e-05,20.00571955133297,0.4976,0.00045886,0.0004375,95.34498539859652,0.008889
808,7.0,Low,25,20,30,EDTA,200,Clay,1.5,Mesic,8,0.00012066,1.431e-06,1.1859771258080556,0.1601,0.00031471,7.611e-07,0.24184169552921736,0.1699,0.00045886,0.0001958,42.670967179531885,0.1124
809,7.0,Low,25,20,30,Citrate,50,Clay,1.5,Mesic,8,0.00012066,3.326e-05,27.56505884303,0.1503,0.00031471,5.765e-05,18.318451908105875,0.5196,0.00045886,0.0003952,86.12648738177222,0.009157
810,7.0,Low,25,20,30,Citrate,200,Clay,1.5,Mesic,8,0.00012066,2.926e-06,2.4249958561246476,0.1431,0.00031471,3.772e-06,1.19856375710972,0.368,0.00045886,0.0001035,22.555899402867976,0.02597
811,7.0,Low,25,20,30,DTPA,50,Clay,1.5,Mesic,8,0.00012066,5.432e-05,45.01906182662025,0.1882,0.00031471,7.104e-05,22.57316259413428,0.4912,0.00045886,0.0004397,95.82443446802947,0.007815
812,7.0,Low,25,20,30,DTPA,200,Clay,1.5,Mesic,8,0.00012066,3.775e-05,31.28625890933201,0.5734,0.00031471,8.712e-07,0.2768262845159035,0.02641,0.00045886,0.0002848,62.066861352046374,0.02219
813,7.0,Low,25,20,30,None,0,Clay,1.5,Wet,3,0.00012066,5.38e-05,44.58809878998839,0.2215,0.00031471,5.494e-05,17.457341679641576,0.4513,0.00045886,0.0004407,96.04236586322625,0.009306
814,7.0,Low,25,20,30,EDTA,50,Clay,1.5,Wet,3,0.00012066,3.865e-05,32.0321564727333,0.2478,0.00031471,3.156e-05,10.028280003813036,0.4038,0.00045886,0.0004346,94.71298435252582,0.01429
815,7.0,Low,25,20,30,EDTA,200,Clay,1.5,Wet,3,0.00012066,1.403e-06,1.1627714238355709,0.1595,0.00031471,7.403e-07,0.235232436211115,0.168,0.00045886,0.0001936,42.19151811009893,0.1129
816,7.0,Low,25,20,30,Citrate,50,Clay,1.5,Wet,3,0.00012066,2.834e-05,23.487485496436268,0.1988,0.00031471,3.215e-05,10.215754186393823,0.4501,0.00045886,0.0003781,82.39986052390707,0.01361
817,7.0,Low,25,20,30,Citrate,200,Clay,1.5,Wet,3,0.00012066,2.838e-06,2.3520636499254106,0.1456,0.00031471,3.522e-06,1.1191255441517587,0.3605,0.00045886,0.000101,22.011070914875997,0.02657
818,7.0,Low,25,20,30,DTPA,50,Clay,1.5,Wet,3,0.00012066,5.317e-05,44.065970495607495,0.2928,0.00031471,3.336e-05,10.600235137110356,0.3665,0.00045886,0.000438,95.45395109619493,0.01237
819,7.0,Low,25,20,30,DTPA,200,Clay,1.5,Wet,3,0.00012066,3.753e-05,31.10392839383391,0.5737,0.00031471,8.465e-07,0.26897778907565695,0.02582,0.00045886,0.0002827,61.60920542213311,0.02217
820,7.0,Medium,100,80,120,None,0,Sand,0.1,Dry,12,0.00048263,0.0002605,53.97509479311273,0.01203,0.0012589,0.0003868,30.72523631741997,0.03565,0.0018354,0.001783,97.14503650430424,0.0004222
821,7.0,Medium,100,80,120,EDTA,50,Sand,0.1,Dry,12,0.00048263,0.0002472,51.2193605867849,0.01238,0.0012589,0.000352,27.960918261974737,0.03518,0.0018354,0.001779,96.92710035959463,0.0004571
822,7.0,Medium,100,80,120,EDTA,200,Sand,0.1,Dry,12,0.00048263,0.0002003,41.50177154341835,0.01388,0.0012589,0.0002396,19.032488680594167,0.03314,0.0018354,0.001766,96.21880788928844,0.0006278
823,7.0,Medium,100,80,120,Citrate,50,Sand,0.1,Dry,12,0.00048263,0.0002276,47.15827859851232,0.0118,0.0012589,0.0003452,27.42076415918659,0.03572,0.0018354,0.001745,95.07464312956304,0.0004642
824,7.0,Medium,100,80,120,Citrate,200,Sand,0.1,Dry,12,0.00048263,0.0001425,29.525723639226737,0.01173,0.0012589,0.0002134,16.951306696322185,0.03506,0.0018354,0.001588,86.52064944971123,0.0006705
825,7.0,Medium,100,80,120,DTPA,50,Sand,0.1,Dry,12,0.00048263,0.0002592,53.70573731429874,0.01267,0.0012589,0.0003582,28.45341170863452,0.03493,0.0018354,0.001781,97.03606843194945,0.0004464
826,7.0,Medium,100,80,120,DTPA,200,Sand,0.1,Dry,12,0.00048263,0.0002542,52.66974701116798,0.0154,0.0012589,0.0002635,20.93097148304075,0.03185,0.0018354,0.001776,96.76364825106243,0.0005517
827,7.0,Medium,100,80,120,None,0,Sand,0.1,Mesic,8,0.00048263,0.0002605,53.97509479311273,0.01203,0.0012589,0.0003868,30.72523631741997,0.03565,0.0018354,0.001783,97.14503650430424,0.0004222
828,7.0,Medium,100,80,120,EDTA,50,Sand,0.1,Mesic,8,0.00048263,0.0002472,51.2193605867849,0.01238,0.0012589,0.000352,27.960918261974737,0.03518,0.0018354,0.001779,96.92710035959463,0.0004571
829,7.0,Medium,100,80,120,EDTA,200,Sand,0.1,Mesic,8,0.00048263,0.0002003,41.50177154341835,0.01388,0.0012589,0.0002396,19.032488680594167,0.03314,0.0018354,0.001766,96.21880788928844,0.0006278
830,7.0,Medium,100,80,120,Citrate,50,Sand,0.1,Mesic,8,0.00048263,0.0002276,47.15827859851232,0.0118,0.0012589,0.0003452,27.42076415918659,0.03572,0.0018354,0.001745,95.07464312956304,0.0004642
831,7.0,Medium,100,80,120,Citrate,200,Sand,0.1,Mesic,8,0.00048263,0.0001425,29.525723639226737,0.01173,0.0012589,0.0002134,16.951306696322185,0.03506,0.0018354,0.001588,86.52064944971123,0.0006705
832,7.0,Medium,100,80,120,DTPA,50,Sand,0.1,Mesic,8,0.00048263,0.0002592,53.70573731429874,0.01267,0.0012589,0.0003582,28.45341170863452,0.03493,0.0018354,0.001781,97.03606843194945,0.0004464
833,7.0,Medium,100,80,120,DTPA,200,Sand,0.1,Mesic,8,0.00048263,0.0002542,52.66974701116798,0.0154,0.0012589,0.0002635,20.93097148304075,0.03185,0.0018354,0.001776,96.76364825106243,0.0005517
834,7.0,Medium,100,80,120,None,0,Sand,0.1,Wet,3,0.00048263,0.0002525,52.31751030810352,0.01635,0.0012589,0.0002384,18.937167368337434,0.03081,0.0018354,0.001781,97.03606843194945,0.0005916
835,7.0,Medium,100,80,120,EDTA,50,Sand,0.1,Wet,3,0.00048263,0.0002345,48.58794521683277,0.01669,0.0012589,0.0002133,16.943363253634125,0.0303,0.0018354,0.001776,96.76364825106243,0.0006485
836,7.0,Medium,100,80,120,EDTA,200,Sand,0.1,Wet,3,0.00048263,0.0001753,36.32182002776454,0.01787,0.0012589,0.0001395,11.081102549845102,0.02837,0.0018354,0.001756,95.67396752751444,0.0009179
837,7.0,Medium,100,80,120,Citrate,50,Sand,0.1,Wet,3,0.00048263,0.0002124,44.0088680769948,0.01573,0.0012589,0.0002112,16.776550957184845,0.03121,0.0018354,0.001731,94.31186662307944,0.0006575
838,7.0,Medium,100,80,120,Citrate,200,Sand,0.1,Wet,3,0.00048263,0.0001213,25.133124753952302,0.01448,0.0012589,0.0001325,10.525061561680833,0.03154,0.0018354,0.001525,83.08815517053503,0.0009337
839,7.0,Medium,100,80,120,DTPA,50,Sand,0.1,Wet,3,0.00048263,0.0002512,52.04815282928952,0.01729,0.0012589,0.0002165,17.197553419652074,0.02975,0.0018354,0.001779,96.92710035959463,0.0006282
840,7.0,Medium,100,80,120,DTPA,200,Sand,0.1,Wet,3,0.00048263,0.0002465,51.07432194434659,0.02113,0.0012589,0.0001489,11.827786162522836,0.02546,0.0018354,0.00177,96.43674403399804,0.0007783
841,7.0,Medium,100,80,120,None,0,Loam,0.5,Dry,12,0.00048263,0.0002605,53.97509479311273,0.0601,0.0012589,0.0003868,30.72523631741997,0.178,0.0018354,0.001783,97.14503650430424,0.002109
842,7.0,Medium,100,80,120,EDTA,50,Loam,0.5,Dry,12,0.00048263,0.0002472,51.2193605867849,0.06185,0.0012589,0.000352,27.960918261974737,0.1757,0.0018354,0.001779,96.92710035959463,0.002283
843,7.0,Medium,100,80,120,EDTA,200,Loam,0.5,Dry,12,0.00048263,0.0002003,41.50177154341835,0.06935,0.0012589,0.0002396,19.032488680594167,0.1655,0.0018354,0.001766,96.21880788928844,0.003136
844,7.0,Medium,100,80,120,Citrate,50,Loam,0.5,Dry,12,0.00048263,0.0002276,47.15827859851232,0.05896,0.0012589,0.0003452,27.42076415918659,0.1784,0.0018354,0.001745,95.07464312956304,0.002319
845,7.0,Medium,100,80,120,Citrate,200,Loam,0.5,Dry,12,0.00048263,0.0001425,29.525723639226737,0.0586,0.0012589,0.0002134,16.951306696322185,0.1751,0.0018354,0.001588,86.52064944971123,0.00335
846,7.0,Medium,100,80,120,DTPA,50,Loam,0.5,Dry,12,0.00048263,0.0002592,53.70573731429874,0.06327,0.0012589,0.0003582,28.45341170863452,0.1745,0.0018354,0.001781,97.03606843194945,0.00223
847,7.0,Medium,100,80,120,DTPA,200,Loam,0.5,Dry,12,0.00048263,0.0002542,52.66974701116798,0.0769,0.0012589,0.0002635,20.93097148304075,0.1591,0.0018354,0.001776,96.76364825106243,0.002756
848,7.0,Medium,100,80,120,None,0,Loam,0.5,Mesic,8,0.00048263,0.0002605,53.97509479311273,0.0601,0.0012589,0.0003868,30.72523631741997,0.178,0.0018354,0.001783,97.14503650430424,0.002109
849,7.0,Medium,100,80,120,EDTA,50,Loam,0.5,Mesic,8,0.00048263,0.0002472,51.2193605867849,0.06185,0.0012589,0.000352,27.960918261974737,0.1757,0.0018354,0.001779,96.92710035959463,0.002283
850,7.0,Medium,100,80,120,EDTA,200,Loam,0.5,Mesic,8,0.00048263,0.0002003,41.50177154341835,0.06935,0.0012589,0.0002396,19.032488680594167,0.1655,0.0018354,0.001766,96.21880788928844,0.003136
851,7.0,Medium,100,80,120,Citrate,50,Loam,0.5,Mesic,8,0.00048263,0.0002276,47.15827859851232,0.05896,0.0012589,0.0003452,27.42076415918659,0.1784,0.0018354,0.001745,95.07464312956304,0.002319
852,7.0,Medium,100,80,120,Citrate,200,Loam,0.5,Mesic,8,0.00048263,0.0001425,29.525723639226737,0.05861,0.0012589,0.0002134,16.951306696322185,0.1751,0.0018354,0.001588,86.52064944971123,0.00335
853,7.0,Medium,100,80,120,DTPA,50,Loam,0.5,Mesic,8,0.00048263,0.0002592,53.70573731429874,0.06327,0.0012589,0.0003582,28.45341170863452,0.1745,0.0018354,0.001781,97.03606843194945,0.00223
854,7.0,Medium,100,80,120,DTPA,200,Loam,0.5,Mesic,8,0.00048263,0.0002542,52.66974701116798,0.0769,0.0012589,0.0002635,20.93097148304075,0.1591,0.0018354,0.001776,96.76364825106243,0.002756
855,7.0,Medium,100,80,120,None,0,Loam,0.5,Wet,3,0.00048263,0.0002525,52.31751030810352,0.08168,0.0012589,0.0002384,18.937167368337434,0.1539,0.0018354,0.001781,97.03606843194945,0.002955
856,7.0,Medium,100,80,120,EDTA,50,Loam,0.5,Wet,3,0.00048263,0.0002345,48.58794521683277,0.08339,0.0012589,0.0002133,16.943363253634125,0.1513,0.0018354,0.001776,96.76364825106243,0.00324
857,7.0,Medium,100,80,120,EDTA,200,Loam,0.5,Wet,3,0.00048263,0.0001753,36.32182002776454,0.08926,0.0012589,0.0001395,11.081102549845102,0.1417,0.0018354,0.001756,95.67396752751444,0.004586
858,7.0,Medium,100,80,120,Citrate,50,Loam,0.5,Wet,3,0.00048263,0.0002124,44.0088680769948,0.0786,0.0012589,0.0002112,16.776550957184845,0.1559,0.0018354,0.001731,94.31186662307944,0.003284
859,7.0,Medium,100,80,120,Citrate,200,Loam,0.5,Wet,3,0.00048263,0.0001213,25.133124753952302,0.07232,0.0012589,0.0001325,10.525061561680833,0.1576,0.0018354,0.001525,83.08815517053503,0.004665
860,7.0,Medium,100,80,120,DTPA,50,Loam,0.5,Wet,3,0.00048263,0.0002512,52.04815282928952,0.08639,0.0012589,0.0002165,17.197553419652074,0.1486,0.0018354,0.001779,96.92710035959463,0.003138
861,7.0,Medium,100,80,120,DTPA,200,Loam,0.5,Wet,3,0.00048263,0.0002465,51.07432194434659,0.1056,0.0012589,0.0001489,11.827786162522836,0.1272,0.0018354,0.00177,96.43674403399804,0.003888
862,7.0,Medium,100,80,120,None,0,Clay,1.5,Dry,12,0.00048263,0.0002605,53.97509479311273,0.1803,0.0012589,0.0003868,30.72523631741997,0.534,0.0018354,0.001783,97.14503650430424,0.006326
863,7.0,Medium,100,80,120,EDTA,50,Clay,1.5,Dry,12,0.00048263,0.0002472,51.2193605867849,0.1855,0.0012589,0.000352,27.960918261974737,0.527,0.0018354,0.001779,96.92710035959463,0.006849
864,7.0,Medium,100,80,120,EDTA,200,Clay,1.5,Dry,12,0.00048263,0.0002003,41.50177154341835,0.208,0.0012589,0.0002396,19.032488680594167,0.4966,0.0018354,0.001766,96.21880788928844,0.009406
865,7.0,Medium,100,80,120,Citrate,50,Clay,1.5,Dry,12,0.00048263,0.0002276,47.15827859851232,0.1768,0.0012589,0.0003452,27.42076415918659,0.5352,0.0018354,0.001745,95.07464312956304,0.006955
866,7.0,Medium,100,80,120,Citrate,200,Clay,1.5,Dry,12,0.00048263,0.0001425,29.525723639226737,0.1758,0.0012589,0.0002134,16.951306696322185,0.5254,0.0018354,0.001588,86.52064944971123,0.01005
867,7.0,Medium,100,80,120,DTPA,50,Clay,1.5,Dry,12,0.00048263,0.0002592,53.70573731429874,0.1898,0.0012589,0.0003582,28.45341170863452,0.5233,0.0018354,0.001781,97.03606843194945,0.006688
868,7.0,Medium,100,80,120,DTPA,200,Clay,1.5,Dry,12,0.00048263,0.0002542,52.66974701116798,0.2307,0.0012589,0.0002635,20.93097148304075,0.4771,0.0018354,0.001776,96.76364825106243,0.008265
869,7.0,Medium,100,80,120,None,0,Clay,1.5,Mesic,8,0.00048263,0.0002605,53.97509479311273,0.1803,0.0012589,0.0003868,30.72523631741997,0.534,0.0018354,0.001783,97.14503650430424,0.006326
870,7.0,Medium,100,80,120,EDTA,50,Clay,1.5,Mesic,8,0.00048263,0.0002472,51.2193605867849,0.1855,0.0012589,0.000352,27.960918261974737,0.527,0.0018354,0.001779,96.92710035959463,0.006849
871,7.0,Medium,100,80,120,EDTA,200,Clay,1.5,Mesic,8,0.00048263,0.0002003,41.50177154341835,0.208,0.0012589,0.0002396,19.032488680594167,0.4966,0.0018354,0.001766,96.21880788928844,0.009406
872,7.0,Medium,100,80,120,Citrate,50,Clay,1.5,Mesic,8,0.00048263,0.0002276,47.15827859851232,0.1768,0.0012589,0.0003452,27.42076415918659,0.5352,0.0018354,0.001745,95.07464312956304,0.006955
873,7.0,Medium,100,80,120,Citrate,200,Clay,1.5,Mesic,8,0.00048263,0.0001425,29.525723639226737,0.1758,0.0012589,0.0002134,16.951306696322185,0.5254,0.0018354,0.001588,86.52064944971123,0.01005
874,7.0,Medium,100,80,120,DTPA,50,Clay,1.5,Mesic,8,0.00048263,0.0002592,53.70573731429874,0.1898,0.0012589,0.0003582,28.45341170863452,0.5233,0.0018354,0.001781,97.03606843194945,0.006689
875,7.0,Medium,100,80,120,DTPA,200,Clay,1.5,Mesic,8,0.00048263,0.0002542,52.66974701116798,0.2307,0.0012589,0.0002635,20.93097148304075,0.4771,0.0018354,0.001776,96.76364825106243,0.008265
876,7.0,Medium,100,80,120,None,0,Clay,1.5,Wet,3,0.00048263,0.0002525,52.31751030810352,0.245,0.0012589,0.0002384,18.937167368337434,0.4616,0.0018354,0.001781,97.03606843194945,0.008864
877,7.0,Medium,100,80,120,EDTA,50,Clay,1.5,Wet,3,0.00048263,0.0002345,48.58794521683277,0.2501,0.0012589,0.0002133,16.943363253634125,0.454,0.0018354,0.001776,96.76364825106243,0.009718
878,7.0,Medium,100,80,120,EDTA,200,Clay,1.5,Wet,3,0.00048263,0.0001753,36.32182002776454,0.2677,0.0012589,0.0001395,11.081102549845102,0.4251,0.0018354,0.001756,95.67396752751444,0.01375
879,7.0,Medium,100,80,120,Citrate,50,Clay,1.5,Wet,3,0.00048263,0.0002124,44.0088680769948,0.2358,0.0012589,0.0002112,16.776550957184845,0.4676,0.0018354,0.001731,94.31186662307944,0.009852
880,7.0,Medium,100,80,120,Citrate,200,Clay,1.5,Wet,3,0.00048263,0.0001213,25.133124753952302,0.2169,0.0012589,0.0001325,10.525061561680833,0.4727,0.0018354,0.001525,83.08815517053503,0.01399
881,7.0,Medium,100,80,120,DTPA,50,Clay,1.5,Wet,3,0.00048263,0.0002512,52.04815282928952,0.2591,0.0012589,0.0002165,17.197553419652074,0.4458,0.0018354,0.001779,96.92710035959463,0.009413
882,7.0,Medium,100,80,120,DTPA,200,Clay,1.5,Wet,3,0.00048263,0.0002465,51.07432194434659,0.3167,0.0012589,0.0001489,11.827786162522836,0.3815,0.0018354,0.00177,96.43674403399804,0.01166
883,7.0,High,300,250,400,None,0,Sand,0.1,Dry,12,0.0014479,0.0007605,52.524345603978176,0.01441,0.0039339,0.000893,22.700119474313023,0.03376,0.0061181,0.005996,98.00428237524721,0.0005826
884,7.0,High,300,250,400,EDTA,50,Sand,0.1,Dry,12,0.0014479,0.0007509,51.861316389253396,0.01451,0.0039339,0.0008727,22.184092122321363,0.03363,0.0061181,0.005993,97.95524754417222,0.0005937
885,7.0,High,300,250,400,EDTA,200,Sand,0.1,Dry,12,0.0014479,0.0007202,49.741004212998135,0.01482,0.0039339,0.0008098,20.585169933145224,0.03324,0.0061181,0.005982,97.77545316356387,0.0006311
886,7.0,High,300,250,400,Citrate,50,Sand,0.1,Dry,12,0.0014479,0.0007369,50.89439878444644,0.01434,0.0039339,0.0008702,22.120541955819924,0.03379,0.0061181,0.005951,97.26875990912211,0.000594
887,7.0,High,300,250,400,Citrate,200,Sand,0.1,Dry,12,0.0014479,0.0006653,45.949305891290834,0.01417,0.0039339,0.0007971,20.262335087317933,0.03387,0.0061181,0.005813,95.01315767967179,0.0006348
888,7.0,High,300,250,400,DTPA,50,Sand,0.1,Dry,12,0.0014479,0.0007594,52.448373506457635,0.01458,0.0039339,0.0008759,22.2654363354432,0.03356,0.0061181,0.005995,97.98793743155557,0.0005904
889,7.0,High,300,250,400,DTPA,200,Sand,0.1,Dry,12,0.0014479,0.0007558,52.19973755093584,0.01516,0.0039339,0.0008227,20.913088792292637,0.03292,0.0061181,0.005991,97.92255765678888,0.0006163
890,7.0,High,300,250,400,None,0,Sand,0.1,Mesic,8,0.0014479,0.0007605,52.524345603978176,0.01441,0.0039339,0.000893,22.700119474313023,0.03376,0.0061181,0.005996,98.00428237524721,0.0005826
891,7.0,High,300,250,400,EDTA,50,Sand,0.1,Mesic,8,0.0014479,0.0007509,51.861316389253396,0.01451,0.0039339,0.0008727,22.184092122321363,0.03363,0.0061181,0.005993,97.95524754417222,0.0005937
892,7.0,High,300,250,400,EDTA,200,Sand,0.1,Mesic,8,0.0014479,0.0007202,49.741004212998135,0.01482,0.0039339,0.0008098,20.585169933145224,0.03324,0.0061181,0.005982,97.77545316356387,0.0006311
893,7.0,High,300,250,400,Citrate,50,Sand,0.1,Mesic,8,0.0014479,0.0007369,50.89439878444644,0.01434,0.0039339,0.0008702,22.120541955819924,0.03379,0.0061181,0.005951,97.26875990912211,0.000594
894,7.0,High,300,250,400,Citrate,200,Sand,0.1,Mesic,8,0.0014479,0.0006653,45.949305891290834,0.01417,0.0039339,0.0007971,20.262335087317933,0.03387,0.0061181,0.005813,95.01315767967179,0.0006348
895,7.0,High,300,250,400,DTPA,50,Sand,0.1,Mesic,8,0.0014479,0.0007594,52.448373506457635,0.01458,0.0039339,0.0008759,22.2654363354432,0.03356,0.0061181,0.005995,97.98793743155557,0.0005904
896,7.0,High,300,250,400,DTPA,200,Sand,0.1,Mesic,8,0.0014479,0.0007558,52.19973755093584,0.01516,0.0039339,0.0008226,20.91054678563258,0.03292,0.0061181,0.005991,97.92255765678888,0.0006163
897,7.0,High,300,250,400,None,0,Sand,0.1,Wet,3,0.0014479,0.0007627,52.67628979901927,0.01675,0.0039339,0.0007123,18.106713439589214,0.03122,0.0061181,0.006002,98.10235203739724,0.0006761
898,7.0,High,300,250,400,EDTA,50,Sand,0.1,Wet,3,0.0014479,0.0007509,51.861316389253396,0.01687,0.0039339,0.0006932,17.621190167518243,0.03107,0.0061181,0.005998,98.03697226263056,0.000691
899,7.0,High,300,250,400,EDTA,200,Sand,0.1,Wet,3,0.0014479,0.0007129,49.236825747634505,0.01723,0.0039339,0.0006347,16.13411627138463,0.0306,0.0061181,0.005984,97.8081430509472,0.0007416
900,7.0,High,300,250,400,Citrate,50,Sand,0.1,Wet,3,0.0014479,0.0007353,50.78389391532565,0.01666,0.0039339,0.0006917,17.583060067617375,0.03127,0.0061181,0.005951,97.26875990912211,0.0006915
901,7.0,High,300,250,400,Citrate,200,Sand,0.1,Wet,3,0.0014479,0.0006515,44.99620139512397,0.01638,0.0039339,0.0006265,15.925671725259921,0.03143,0.0061181,0.00579,94.63722397476342,0.0007465
902,7.0,High,300,250,400,DTPA,50,Sand,0.1,Wet,3,0.0014479,0.0007614,52.58650459285862,0.01698,0.0039339,0.0006959,17.689824347339787,0.03097,0.0061181,0.006,98.0696621500139,0.0006863
903,7.0,High,300,250,400,DTPA,200,Sand,0.1,Wet,3,0.0014479,0.0007571,52.289522757096485,0.01773,0.0039339,0.000645,16.39594295737055,0.03014,0.0061181,0.005995,97.98793743155557,0.00072
904,7.0,High,300,250,400,None,0,Loam,0.5,Dry,12,0.0014479,0.0007605,52.524345603978176,0.07192,0.0039339,0.000893,22.700119474313023,0.1685,0.0061181,0.005996,98.00428237524721,0.002908
905,7.0,High,300,250,400,EDTA,50,Loam,0.5,Dry,12,0.0014479,0.0007509,51.861316389253396,0.0724,0.0039339,0.0008727,22.184092122321363,0.1679,0.0061181,0.005993,97.95524754417222,0.002963
906,7.0,High,300,250,400,EDTA,200,Loam,0.5,Dry,12,0.0014479,0.0007202,49.741004212998135,0.07395,0.0039339,0.0008098,20.585169933145224,0.1659,0.0061181,0.005982,97.77545316356387,0.00315
907,7.0,High,300,250,400,Citrate,50,Loam,0.5,Dry,12,0.0014479,0.0007369,50.89439878444644,0.07159,0.0039339,0.0008702,22.120541955819924,0.1687,0.0061181,0.005951,97.26875990912211,0.002965
908,7.0,High,300,250,400,Citrate,200,Loam,0.5,Dry,12,0.0014479,0.0006653,45.949305891290834,0.07072,0.0039339,0.0007971,20.262335087317933,0.1691,0.0061181,0.005813,95.01315767967179,0.003169
909,7.0,High,300,250,400,DTPA,50,Loam,0.5,Dry,12,0.0014479,0.0007594,52.448373506457635,0.07279,0.0039339,0.0008759,22.2654363354432,0.1675,0.0061181,0.005995,97.98793743155557,0.002947
910,7.0,High,300,250,400,DTPA,200,Loam,0.5,Dry,12,0.0014479,0.0007558,52.19973755093584,0.07566,0.0039339,0.0008227,20.913088792292637,0.1643,0.0061181,0.005991,97.92255765678888,0.003076
911,7.0,High,300,250,400,None,0,Loam,0.5,Mesic,8,0.0014479,0.0007605,52.524345603978176,0.07192,0.0039339,0.000893,22.700119474313023,0.1685,0.0061181,0.005996,98.00428237524721,0.002908
912,7.0,High,300,250,400,EDTA,50,Loam,0.5,Mesic,8,0.0014479,0.0007509,51.861316389253396,0.0724,0.0039339,0.0008727,22.184092122321363,0.1679,0.0061181,0.005993,97.95524754417222,0.002963
913,7.0,High,300,250,400,EDTA,200,Loam,0.5,Mesic,8,0.0014479,0.0007202,49.741004212998135,0.07395,0.0039339,0.0008098,20.585169933145224,0.1659,0.0061181,0.005982,97.77545316356387,0.00315
914,7.0,High,300,250,400,Citrate,50,Loam,0.5,Mesic,8,0.0014479,0.0007369,50.89439878444644,0.07159,0.0039339,0.0008702,22.120541955819924,0.1687,0.0061181,0.005951,97.26875990912211,0.002965
915,7.0,High,300,250,400,Citrate,200,Loam,0.5,Mesic,8,0.0014479,0.0006653,45.949305891290834,0.07072,0.0039339,0.0007971,20.262335087317933,0.1691,0.0061181,0.005813,95.01315767967179,0.003169
916,7.0,High,300,250,400,DTPA,50,Loam,0.5,Mesic,8,0.0014479,0.0007594,52.448373506457635,0.07279,0.0039339,0.0008759,22.2654363354432,0.1675,0.0061181,0.005995,97.98793743155557,0.002947
917,7.0,High,300,250,400,DTPA,200,Loam,0.5,Mesic,8,0.0014479,0.0007558,52.19973755093584,0.07566,0.0039339,0.0008226,20.91054678563258,0.1643,0.0061181,0.005991,97.92255765678888,0.003076
918,7.0,High,300,250,400,None,0,Loam,0.5,Wet,3,0.0014479,0.0007627,52.67628979901927,0.08363,0.0039339,0.0007123,18.106713439589214,0.1558,0.0061181,0.006002,98.10235203739724,0.003375
919,7.0,High,300,250,400,EDTA,50,Loam,0.5,Wet,3,0.0014479,0.0007509,51.861316389253396,0.08421,0.0039339,0.0006932,17.621190167518243,0.1551,0.0061181,0.005998,98.03697226263056,0.003449
920,7.0,High,300,250,400,EDTA,200,Loam,0.5,Wet,3,0.0014479,0.0007129,49.236825747634505,0.086,0.0039339,0.0006347,16.13411627138463,0.1528,0.0061181,0.005984,97.8081430509472,0.003702
921,7.0,High,300,250,400,Citrate,50,Loam,0.5,Wet,3,0.0014479,0.0007353,50.78389391532565,0.08317,0.0039339,0.0006917,17.583060067617375,0.1561,0.0061181,0.005951,97.26875990912211,0.003452
922,7.0,High,300,250,400,Citrate,200,Loam,0.5,Wet,3,0.0014479,0.0006515,44.99620139512397,0.08176,0.0039339,0.0006265,15.925671725259921,0.1569,0.0061181,0.00579,94.63722397476342,0.003727
923,7.0,High,300,250,400,DTPA,50,Loam,0.5,Wet,3,0.0014479,0.0007614,52.58650459285862,0.08477,0.0039339,0.0006959,17.689824347339787,0.1546,0.0061181,0.006,98.0696621500139,0.003426
924,7.0,High,300,250,400,DTPA,200,Loam,0.5,Wet,3,0.0014479,0.0007571,52.289522757096485,0.08851,0.0039339,0.000645,16.39594295737055,0.1504,0.0061181,0.005995,97.98793743155557,0.003594
925,7.0,High,300,250,400,None,0,Clay,1.5,Dry,12,0.0014479,0.0007605,52.524345603978176,0.2157,0.0039339,0.000893,22.700119474313023,0.5053,0.0061181,0.005996,98.00428237524721,0.008721
926,7.0,High,300,250,400,EDTA,50,Clay,1.5,Dry,12,0.0014479,0.0007509,51.861316389253396,0.2171,0.0039339,0.0008727,22.184092122321363,0.5035,0.0061181,0.005993,97.95524754417222,0.008887
927,7.0,High,300,250,400,EDTA,200,Clay,1.5,Dry,12,0.0014479,0.0007202,49.741004212998135,0.2218,0.0039339,0.0008098,20.585169933145224,0.4976,0.0061181,0.005982,97.77545316356387,0.009447
928,7.0,High,300,250,400,Citrate,50,Clay,1.5,Dry,12,0.0014479,0.0007369,50.89439878444644,0.2147,0.0039339,0.0008702,22.120541955819924,0.5059,0.0061181,0.005951,97.26875990912211,0.008893
929,7.0,High,300,250,400,Citrate,200,Clay,1.5,Dry,12,0.0014479,0.0006653,45.949305891290834,0.2121,0.0039339,0.0007971,20.262335087317933,0.507,0.0061181,0.005813,95.01315767967179,0.009504
930,7.0,High,300,250,400,DTPA,50,Clay,1.5,Dry,12,0.0014479,0.0007594,52.448373506457635,0.2183,0.0039339,0.0008759,22.2654363354432,0.5024,0.0061181,0.005995,97.98793743155557,0.008838
931,7.0,High,300,250,400,DTPA,200,Clay,1.5,Dry,12,0.0014479,0.0007558,52.19973755093584,0.2269,0.0039339,0.0008227,20.913088792292637,0.4928,0.0061181,0.005991,97.92255765678888,0.009225
932,7.0,High,300,250,400,None,0,Clay,1.5,Mesic,8,0.0014479,0.0007605,52.524345603978176,0.2157,0.0039339,0.000893,22.700119474313023,0.5053,0.0061181,0.005996,98.00428237524721,0.008721
933,7.0,High,300,250,400,EDTA,50,Clay,1.5,Mesic,8,0.0014479,0.0007509,51.861316389253396,0.2171,0.0039339,0.0008727,22.184092122321363,0.5035,0.0061181,0.005993,97.95524754417222,0.008887
934,7.0,High,300,250,400,EDTA,200,Clay,1.5,Mesic,8,0.0014479,0.0007202,49.741004212998135,0.2218,0.0039339,0.0008098,20.585169933145224,0.4976,0.0061181,0.005982,97.77545316356387,0.009447
935,7.0,High,300,250,400,Citrate,50,Clay,1.5,Mesic,8,0.0014479,0.0007369,50.89439878444644,0.2147,0.0039339,0.0008702,22.120541955819924,0.5059,0.0061181,0.005951,97.26875990912211,0.008893
936,7.0,High,300,250,400,Citrate,200,Clay,1.5,Mesic,8,0.0014479,0.0006653,45.949305891290834,0.2121,0.0039339,0.0007971,20.262335087317933,0.507,0.0061181,0.005813,95.01315767967179,0.009504
937,7.0,High,300,250,400,DTPA,50,Clay,1.5,Mesic,8,0.0014479,0.0007594,52.448373506457635,0.2183,0.0039339,0.0008759,22.2654363354432,0.5024,0.0061181,0.005995,97.98793743155557,0.008838
938,7.0,High,300,250,400,DTPA,200,Clay,1.5,Mesic,8,0.0014479,0.0007558,52.19973755093584,0.2269,0.0039339,0.0008226,20.91054678563258,0.4928,0.0061181,0.005991,97.92255765678888,0.009225
939,7.0,High,300,250,400,None,0,Clay,1.5,Wet,3,0.0014479,0.0007627,52.67628979901927,0.2508,0.0039339,0.0007123,18.106713439589214,0.4674,0.0061181,0.006002,98.10235203739724,0.01012
940,7.0,High,300,250,400,EDTA,50,Clay,1.5,Wet,3,0.0014479,0.0007509,51.861316389253396,0.2526,0.0039339,0.0006932,17.621190167518243,0.4652,0.0061181,0.005998,98.03697226263056,0.01035
941,7.0,High,300,250,400,EDTA,200,Clay,1.5,Wet,3,0.0014479,0.0007129,49.236825747634505,0.2579,0.0039339,0.0006347,16.13411627138463,0.4582,0.0061181,0.005984,97.8081430509472,0.0111
942,7.0,High,300,250,400,Citrate,50,Clay,1.5,Wet,3,0.0014479,0.0007353,50.78389391532565,0.2495,0.0039339,0.0006917,17.583060067617375,0.4682,0.0061181,0.005951,97.26875990912211,0.01035
943,7.0,High,300,250,400,Citrate,200,Clay,1.5,Wet,3,0.0014479,0.0006515,44.99620139512397,0.2452,0.0039339,0.0006265,15.925671725259921,0.4705,0.0061181,0.00579,94.63722397476342,0.01118
944,7.0,High,300,250,400,DTPA,50,Clay,1.5,Wet,3,0.0014479,0.0007614,52.58650459285862,0.2542,0.0039339,0.0006959,17.689824347339787,0.4636,0.0061181,0.006,98.0696621500139,0.01028
945,7.0,High,300,250,400,DTPA,200,Clay,1.5,Wet,3,0.0014479,0.0007571,52.289522757096485,0.2655,0.0039339,0.000645,16.39594295737055,0.4512,0.0061181,0.005995,97.98793743155557,0.01078
946,7.5,Low,25,20,30,None,0,Sand,0.1,Dry,12,0.00012066,3.101e-05,25.700314934526773,0.01221,0.00031471,4.483e-05,14.244860347621621,0.03521,0.00045886,0.0004234,92.27215272632175,0.0008548
947,7.5,Low,25,20,30,EDTA,50,Sand,0.1,Dry,12,0.00012066,2.349e-05,19.467926404773745,0.01439,0.00031471,2.629e-05,8.353722474659211,0.03214,0.00045886,0.0004154,90.52870156474742,0.001305
948,7.5,Low,25,20,30,EDTA,200,Sand,0.1,Dry,12,0.00012066,1.277e-06,1.0583457649593901,0.0146,0.00031471,6.88e-07,0.2186139620603095,0.01569,0.00045886,0.0001818,39.619927646776794,0.01066
949,7.5,Low,25,20,30,Citrate,50,Sand,0.1,Dry,12,0.00012066,1.871e-05,15.506381568042432,0.01191,0.00031471,2.733e-05,8.68418544056433,0.03473,0.00045886,0.0003552,77.40923157390054,0.00116
950,7.5,Low,25,20,30,Citrate,200,Sand,0.1,Dry,12,0.00012066,2.611e-06,2.163931708934195,0.01174,0.00031471,3.379e-06,1.073686886339805,0.03031,0.00045886,9.709e-05,21.158959159656536,0.002239
951,7.5,Low,25,20,30,DTPA,50,Sand,0.1,Dry,12,0.00012066,3.001e-05,24.871539864080887,0.01608,0.00031471,2.874e-05,9.132216961647229,0.03074,0.00045886,0.0004198,91.4875997036133,0.001154
952,7.5,Low,25,20,30,DTPA,200,Sand,0.1,Dry,12,0.00012066,2.255e-05,18.688877838554614,0.04112,0.00031471,7.348e-07,0.23348479552603987,0.002674,0.00045886,0.0002605,56.77112844876433,0.002437
953,7.5,Low,25,20,30,None,0,Sand,0.1,Mesic,8,0.00012066,3.101e-05,25.700314934526773,0.01221,0.00031471,4.483e-05,14.244860347621621,0.03521,0.00045886,0.0004234,92.27215272632175,0.0008548
954,7.5,Low,25,20,30,EDTA,50,Sand,0.1,Mesic,8,0.00012066,2.349e-05,19.467926404773745,0.01439,0.00031471,2.629e-05,8.353722474659211,0.03214,0.00045886,0.0004154,90.52870156474742,0.001305
955,7.5,Low,25,20,30,EDTA,200,Sand,0.1,Mesic,8,0.00012066,1.277e-06,1.0583457649593901,0.0146,0.00031471,6.88e-07,0.2186139620603095,0.01569,0.00045886,0.0001818,39.619927646776794,0.01066
956,7.5,Low,25,20,30,Citrate,50,Sand,0.1,Mesic,8,0.00012066,1.871e-05,15.506381568042432,0.01191,0.00031471,2.733e-05,8.68418544056433,0.03473,0.00045886,0.0003552,77.40923157390054,0.00116
957,7.5,Low,25,20,30,Citrate,200,Sand,0.1,Mesic,8,0.00012066,2.611e-06,2.163931708934195,0.01174,0.00031471,3.379e-06,1.073686886339805,0.03031,0.00045886,9.709e-05,21.158959159656536,0.002239
958,7.5,Low,25,20,30,DTPA,50,Sand,0.1,Mesic,8,0.00012066,3.001e-05,24.871539864080887,0.01608,0.00031471,2.874e-05,9.132216961647229,0.03074,0.00045886,0.0004198,91.4875997036133,0.001154
959,7.5,Low,25,20,30,DTPA,200,Sand,0.1,Mesic,8,0.00012066,2.255e-05,18.688877838554614,0.04112,0.00031471,7.348e-07,0.23348479552603987,0.002674,0.00045886,0.0002605,56.77112844876433,0.002437
960,7.5,Low,25,20,30,None,0,Sand,0.1,Wet,3,0.00012066,3.011e-05,24.95441737112548,0.01515,0.00031471,3.17e-05,10.072765403069491,0.03181,0.00045886,0.0004225,92.07601447064464,0.00109
961,7.5,Low,25,20,30,EDTA,50,Sand,0.1,Wet,3,0.00012066,2.169e-05,17.97613127797116,0.01684,0.00031471,1.876e-05,5.961043500365416,0.02908,0.00045886,0.0004127,89.94028679771607,0.001644
962,7.5,Low,25,20,30,EDTA,200,Sand,0.1,Wet,3,0.00012066,1.256e-06,1.0409414884800265,0.01459,0.00031471,6.715e-07,0.21337104000508406,0.01557,0.00045886,0.00018,39.22765113542257,0.01073
963,7.5,Low,25,20,30,Citrate,50,Sand,0.1,Wet,3,0.00012066,1.744e-05,14.453837228576164,0.01383,0.00031471,2.042e-05,6.488513234406279,0.03231,0.00045886,0.0003457,75.338883319531,0.001406
964,7.5,Low,25,20,30,Citrate,200,Sand,0.1,Wet,3,0.00012066,2.549e-06,2.1125476545665505,0.01198,0.00031471,3.188e-06,1.0129960916399223,0.02989,0.00045886,9.513e-05,20.731813625070828,0.002293
965,7.5,Low,25,20,30,DTPA,50,Sand,0.1,Wet,3,0.00012066,2.935e-05,24.324548317586604,0.01968,0.00031471,1.989e-05,6.3201042229354005,0.02662,0.00045886,0.000418,91.09532319225909,0.001437
966,7.5,Low,25,20,30,DTPA,200,Sand,0.1,Wet,3,0.00012066,2.247e-05,18.622575832918944,0.04117,0.00031471,7.172e-07,0.22789234533379937,0.002622,0.00045886,0.0002588,56.40064507692978,0.002432
967,7.5,Low,25,20,30,None,0,Loam,0.5,Dry,12,0.00012066,3.101e-05,25.700314934526773,0.06101,0.00031471,4.483e-05,14.244860347621621,0.176,0.00045886,0.0004234,92.27215272632175,0.004272
968,7.5,Low,25,20,30,EDTA,50,Loam,0.5,Dry,12,0.00012066,2.349e-05,19.467926404773745,0.07193,0.00031471,2.629e-05,8.353722474659211,0.1606,0.00045886,0.0004154,90.52870156474742,0.006522
969,7.5,Low,25,20,30,EDTA,200,Loam,0.5,Dry,12,0.00012066,1.277e-06,1.0583457649593901,0.07298,0.00031471,6.88e-07,0.2186139620603095,0.07845,0.00045886,0.0001818,39.619927646776794,0.05329
970,7.5,Low,25,20,30,Citrate,50,Loam,0.5,Dry,12,0.00012066,1.871e-05,15.506381568042432,0.05955,0.00031471,2.733e-05,8.68418544056433,0.1736,0.00045886,0.0003552,77.40923157390054,0.005798
971,7.5,Low,25,20,30,Citrate,200,Loam,0.5,Dry,12,0.00012066,2.611e-06,2.163931708934195,0.05868,0.00031471,3.379e-06,1.073686886339805,0.1515,0.00045886,9.709e-05,21.158959159656536,0.01119
972,7.5,Low,25,20,30,DTPA,50,Loam,0.5,Dry,12,0.00012066,3.001e-05,24.871539864080887,0.08038,0.00031471,2.874e-05,9.132216961647229,0.1536,0.00045886,0.0004198,91.4875997036133,0.005766
973,7.5,Low,25,20,30,DTPA,200,Loam,0.5,Dry,12,0.00012066,2.255e-05,18.688877838554614,0.2055,0.00031471,7.348e-07,0.23348479552603987,0.01336,0.00045886,0.0002605,56.77112844876433,0.01218
974,7.5,Low,25,20,30,None,0,Loam,0.5,Mesic,8,0.00012066,3.101e-05,25.700314934526773,0.06101,0.00031471,4.483e-05,14.244860347621621,0.176,0.00045886,0.0004234,92.27215272632175,0.004272
975,7.5,Low,25,20,30,EDTA,50,Loam,0.5,Mesic,8,0.00012066,2.349e-05,19.467926404773745,0.07193,0.00031471,2.629e-05,8.353722474659211,0.1606,0.00045886,0.0004154,90.52870156474742,0.006522
976,7.5,Low,25,20,30,EDTA,200,Loam,0.5,Mesic,8,0.00012066,1.277e-06,1.0583457649593901,0.07298,0.00031471,6.88e-07,0.2186139620603095,0.07845,0.00045886,0.0001818,39.619927646776794,0.05329
977,7.5,Low,25,20,30,Citrate,50,Loam,0.5,Mesic,8,0.00012066,1.871e-05,15.506381568042432,0.05955,0.00031471,2.733e-05,8.68418544056433,0.1736,0.00045886,0.0003552,77.40923157390054,0.005798
978,7.5,Low,25,20,30,Citrate,200,Loam,0.5,Mesic,8,0.00012066,2.611e-06,2.163931708934195,0.05868,0.00031471,3.379e-06,1.073686886339805,0.1515,0.00045886,9.709e-05,21.158959159656536,0.01119
979,7.5,Low,25,20,30,DTPA,50,Loam,0.5,Mesic,8,0.00012066,3.001e-05,24.871539864080887,0.08038,0.00031471,2.874e-05,9.132216961647229,0.1536,0.00045886,0.0004198,91.4875997036133,0.005766
980,7.5,Low,25,20,30,DTPA,200,Loam,0.5,Mesic,8,0.00012066,2.255e-05,18.688877838554614,0.2055,0.00031471,7.348e-07,0.23348479552603987,0.01336,0.00045886,0.0002605,56.77112844876433,0.01218
981,7.5,Low,25,20,30,None,0,Loam,0.5,Wet,3,0.00012066,3.011e-05,24.95441737112548,0.07569,0.00031471,3.17e-05,10.072765403069491,0.159,0.00045886,0.0004225,92.07601447064464,0.005445
982,7.5,Low,25,20,30,EDTA,50,Loam,0.5,Wet,3,0.00012066,2.169e-05,17.97613127797116,0.08418,0.00031471,1.876e-05,5.961043500365416,0.1453,0.00045886,0.0004127,89.94028679771607,0.008215
983,7.5,Low,25,20,30,EDTA,200,Loam,0.5,Wet,3,0.00012066,1.256e-06,1.0409414884800265,0.07293,0.00031471,6.715e-07,0.21337104000508406,0.07781,0.00045886,0.00018,39.22765113542257,0.05362
984,7.5,Low,25,20,30,Citrate,50,Loam,0.5,Wet,3,0.00012066,1.744e-05,14.453837228576164,0.06913,0.00031471,2.042e-05,6.488513234406279,0.1615,0.00045886,0.0003457,75.338883319531,0.007027
985,7.5,Low,25,20,30,Citrate,200,Loam,0.5,Wet,3,0.00012066,2.549e-06,2.1125476545665505,0.05988,0.00031471,3.188e-06,1.0129960916399223,0.1494,0.00045886,9.513e-05,20.731813625070828,0.01146
986,7.5,Low,25,20,30,DTPA,50,Loam,0.5,Wet,3,0.00012066,2.935e-05,24.324548317586604,0.09836,0.00031471,1.989e-05,6.3201042229354005,0.133,0.00045886,0.000418,91.09532319225909,0.007183
987,7.5,Low,25,20,30,DTPA,200,Loam,0.5,Wet,3,0.00012066,2.247e-05,18.622575832918944,0.2058,0.00031471,7.172e-07,0.22789234533379937,0.01311,0.00045886,0.0002588,56.40064507692978,0.01216
988,7.5,Low,25,20,30,None,0,Clay,1.5,Dry,12,0.00012066,3.101e-05,25.700314934526773,0.183,0.00031471,4.483e-05,14.244860347621621,0.5279,0.00045886,0.0004234,92.27215272632175,0.01281
989,7.5,Low,25,20,30,EDTA,50,Clay,1.5,Dry,12,0.00012066,2.349e-05,19.467926404773745,0.2158,0.00031471,2.629e-05,8.353722474659211,0.4818,0.00045886,0.0004154,90.52870156474742,0.01957
990,7.5,Low,25,20,30,EDTA,200,Clay,1.5,Dry,12,0.00012066,1.277e-06,1.0583457649593901,0.2189,0.00031471,6.88e-07,0.2186139620603095,0.2353,0.00045886,0.0001818,39.619927646776794,0.1599
991,7.5,Low,25,20,30,Citrate,50,Clay,1.5,Dry,12,0.00012066,1.871e-05,15.506381568042432,0.1786,0.00031471,2.733e-05,8.68418544056433,0.5206,0.00045886,0.0003552,77.40923157390054,0.01739
992,7.5,Low,25,20,30,Citrate,200,Clay,1.5,Dry,12,0.00012066,2.611e-06,2.163931708934195,0.176,0.00031471,3.379e-06,1.073686886339805,0.4545,0.00045886,9.709e-05,21.158959159656536,0.03357
993,7.5,Low,25,20,30,DTPA,50,Clay,1.5,Dry,12,0.00012066,3.001e-05,24.871539864080887,0.2411,0.00031471,2.874e-05,9.132216961647229,0.4608,0.00045886,0.0004198,91.4875997036133,0.0173
994,7.5,Low,25,20,30,DTPA,200,Clay,1.5,Dry,12,0.00012066,2.255e-05,18.688877838554614,0.6166,0.00031471,7.348e-07,0.23348479552603987,0.04009,0.00045886,0.0002605,56.77112844876433,0.03653
995,7.5,Low,25,20,30,None,0,Clay,1.5,Mesic,8,0.00012066,3.101e-05,25.700314934526773,0.183,0.00031471,4.483e-05,14.244860347621621,0.5279,0.00045886,0.0004234,92.27215272632175,0.01281
996,7.5,Low,25,20,30,EDTA,50,Clay,1.5,Mesic,8,0.00012066,2.349e-05,19.467926404773745,0.2158,0.00031471,2.629e-05,8.353722474659211,0.4818,0.00045886,0.0004154,90.52870156474742,0.01957
997,7.5,Low,25,20,30,EDTA,200,Clay,1.5,Mesic,8,0.00012066,1.277e-06,1.0583457649593901,0.2189,0.00031471,6.88e-07,0.2186139620603095,0.2353,0.00045886,0.0001818,39.619927646776794,0.1599
998,7.5,Low,25,20,30,Citrate,50,Clay,1.5,Mesic,8,0.00012066,1.871e-05,15.506381568042432,0.1786,0.00031471,2.733e-05,8.68418544056433,0.5206,0.00045886,0.0003552,77.40923157390054,0.01739
999,7.5,Low,25,20,30,Citrate,200,Clay,1.5,Mesic,8,0.00012066,2.611e-06,2.163931708934195,0.176,0.00031471,3.379e-06,1.073686886339805,0.4545,0.00045886,9.709e-05,21.158959159656536,0.03357
1000,7.5,Low,25,20,30,DTPA,50,Clay,1.5,Mesic,8,0.00012066,3.001e-05,24.871539864080887,0.2411,0.00031471,2.874e-05,9.132216961647229,0.4608,0.00045886,0.0004198,91.4875997036133,0.0173
1001,7.5,Low,25,20,30,DTPA,200,Clay,1.5,Mesic,8,0.00012066,2.255e-05,18.688877838554614,0.6166,0.00031471,7.348e-07,0.23348479552603987,0.04009,0.00045886,0.0002605,56.77112844876433,0.03653
1002,7.5,Low,25,20,30,None,0,Clay,1.5,Wet,3,0.00012066,3.011e-05,24.95441737112548,0.227,0.00031471,3.17e-05,10.072765403069491,0.4769,0.00045886,0.0004225,92.07601447064464,0.01634
1003,7.5,Low,25,20,30,EDTA,50,Clay,1.5,Wet,3,0.00012066,2.169e-05,17.97613127797116,0.2525,0.00031471,1.876e-05,5.961043500365416,0.4359,0.00045886,0.0004127,89.94028679771607,0.02464
1004,7.5,Low,25,20,30,EDTA,200,Clay,1.5,Wet,3,0.00012066,1.256e-06,1.0409414884800265,0.2188,0.00031471,6.715e-07,0.21337104000508406,0.2334,0.00045886,0.00018,39.22765113542257,0.1609
1005,7.5,Low,25,20,30,Citrate,50,Clay,1.5,Wet,3,0.00012066,1.744e-05,14.453837228576164,0.2074,0.00031471,2.042e-05,6.488513234406279,0.4844,0.00045886,0.0003457,75.338883319531,0.02108
1006,7.5,Low,25,20,30,Citrate,200,Clay,1.5,Wet,3,0.00012066,2.549e-06,2.1125476545665505,0.1796,0.00031471,3.188e-06,1.0129960916399223,0.4483,0.00045886,9.513e-05,20.731813625070828,0.03438
1007,7.5,Low,25,20,30,DTPA,50,Clay,1.5,Wet,3,0.00012066,2.935e-05,24.324548317586604,0.295,0.00031471,1.989e-05,6.3201042229354005,0.399,0.00045886,0.000418,91.09532319225909,0.02155
1008,7.5,Low,25,20,30,DTPA,200,Clay,1.5,Wet,3,0.00012066,2.247e-05,18.622575832918944,0.6173,0.00031471,7.172e-07,0.22789234533379937,0.03932,0.00045886,0.0002588,56.40064507692978,0.03647
1009,7.5,Medium,100,80,120,None,0,Sand,0.1,Dry,12,0.00048263,0.0001525,31.597704245488263,0.0167,0.0012589,0.0001438,11.422670585431725,0.03142,0.0018354,0.00173,94.25738258690204,0.0009717
1010,7.5,Medium,100,80,120,EDTA,50,Sand,0.1,Dry,12,0.00048263,0.0001431,29.65004247560243,0.01683,0.0012589,0.0001329,10.556835332433076,0.03119,0.0018354,0.001724,93.93047836983763,0.001039
1011,7.5,Medium,100,80,120,EDTA,200,Sand,0.1,Dry,12,0.00048263,0.0001115,23.10258375981601,0.01737,0.0012589,9.713e-05,7.715465882913654,0.03017,0.0018354,0.001696,92.40492535687044,0.001354
1012,7.5,Medium,100,80,120,Citrate,50,Sand,0.1,Dry,12,0.00048263,0.0001329,27.53662225721567,0.01603,0.0012589,0.000133,10.564778775121137,0.03199,0.0018354,0.001663,90.60695216301623,0.001028
1013,7.5,Medium,100,80,120,Citrate,200,Sand,0.1,Dry,12,0.00048263,8.337e-05,17.274102314402338,0.01437,0.0012589,9.656e-05,7.670188259591707,0.03321,0.0018354,0.001427,77.74871962514983,0.001262
1014,7.5,Medium,100,80,120,DTPA,50,Sand,0.1,Dry,12,0.00048263,0.0001516,31.411225990924724,0.01736,0.0012589,0.0001344,10.67598697275399,0.03069,0.0018354,0.001727,94.09393047836984,0.001014
1015,7.5,Medium,100,80,120,DTPA,200,Sand,0.1,Dry,12,0.00048263,0.0001482,30.706752584795804,0.02004,0.0012589,0.0001028,8.165859083326714,0.02773,0.0018354,0.001715,93.44012204424104,0.00119
1016,7.5,Medium,100,80,120,None,0,Sand,0.1,Mesic,8,0.00048263,0.0001525,31.597704245488263,0.0167,0.0012589,0.0001438,11.422670585431725,0.03142,0.0018354,0.00173,94.25738258690204,0.0009717
1017,7.5,Medium,100,80,120,EDTA,50,Sand,0.1,Mesic,8,0.00048263,0.0001431,29.65004247560243,0.01683,0.0012589,0.0001329,10.556835332433076,0.03119,0.0018354,0.001724,93.93047836983763,0.001039
1018,7.5,Medium,100,80,120,EDTA,200,Sand,0.1,Mesic,8,0.00048263,0.0001115,23.10258375981601,0.01737,0.0012589,9.712e-05,7.714671538644849,0.03017,0.0018354,0.001696,92.40492535687044,0.001354
1019,7.5,Medium,100,80,120,Citrate,50,Sand,0.1,Mesic,8,0.00048263,0.0001329,27.53662225721567,0.01603,0.0012589,0.000133,10.564778775121137,0.03199,0.0018354,0.001663,90.60695216301623,0.001028
1020,7.5,Medium,100,80,120,Citrate,200,Sand,0.1,Mesic,8,0.00048263,8.337e-05,17.274102314402338,0.01437,0.0012589,9.656e-05,7.670188259591707,0.03321,0.0018354,0.001427,77.74871962514983,0.001262
1021,7.5,Medium,100,80,120,DTPA,50,Sand,0.1,Mesic,8,0.00048263,0.0001516,31.411225990924724,0.01736,0.0012589,0.0001344,10.67598697275399,0.03069,0.0018354,0.001727,94.09393047836984,0.001014
1022,7.5,Medium,100,80,120,DTPA,200,Sand,0.1,Mesic,8,0.00048263,0.0001482,30.706752584795804,0.02004,0.0012589,0.0001028,8.165859083326714,0.02773,0.0018354,0.001715,93.44012204424104,0.00119
1023,7.5,Medium,100,80,120,None,0,Sand,0.1,Wet,3,0.00048263,0.0001496,30.99682986967242,0.01867,0.0012589,0.0001175,9.333545158471681,0.02925,0.0018354,0.001728,94.14841451454723,0.001106
1024,7.5,Medium,100,80,120,EDTA,50,Sand,0.1,Wet,3,0.00048263,0.0001389,28.779810620972583,0.01876,0.0012589,0.0001078,8.563031217729764,0.02903,0.0018354,0.001721,93.76702626130545,0.001191
1025,7.5,Medium,100,80,120,EDTA,200,Sand,0.1,Wet,3,0.00048263,0.0001041,21.56931811118248,0.0191,0.0012589,7.681e-05,6.101358328699658,0.02811,0.0018354,0.001687,91.91456903127383,0.001587
1026,7.5,Medium,100,80,120,Citrate,50,Sand,0.1,Wet,3,0.00048263,0.0001286,26.645670596523217,0.01784,0.0012589,0.0001082,8.594804988482007,0.02995,0.0018354,0.001654,90.11659583741964,0.001177
1027,7.5,Medium,100,80,120,Citrate,200,Sand,0.1,Wet,3,0.00048263,7.78e-05,16.120009116714666,0.01574,0.0012589,7.821e-05,6.2125665263325125,0.03157,0.0018354,0.001395,76.00523046747303,0.001447
1028,7.5,Medium,100,80,120,DTPA,50,Sand,0.1,Wet,3,0.00048263,0.0001487,30.810351615108882,0.01944,0.0012589,0.0001088,8.642465644610374,0.0284,0.0018354,0.001725,93.98496240601504,0.001157
1029,7.5,Medium,100,80,120,DTPA,200,Sand,0.1,Wet,3,0.00048263,0.0001452,30.08515840291735,0.02258,0.0012589,8.042e-05,6.388116609738661,0.02495,0.0018354,0.00171,93.16770186335404,0.001364
1030,7.5,Medium,100,80,120,None,0,Loam,0.5,Dry,12,0.00048263,0.0001525,31.597704245488263,0.08343,0.0012589,0.0001438,11.422670585431725,0.157,0.0018354,0.00173,94.25738258690204,0.004854
1031,7.5,Medium,100,80,120,EDTA,50,Loam,0.5,Dry,12,0.00048263,0.0001431,29.65004247560243,0.08407,0.0012589,0.0001329,10.556835332433076,0.1558,0.0018354,0.001724,93.93047836983763,0.005192
1032,7.5,Medium,100,80,120,EDTA,200,Loam,0.5,Dry,12,0.00048263,0.0001115,23.10258375981601,0.08678,0.0012589,9.713e-05,7.715465882913654,0.1508,0.0018354,0.001696,92.40492535687044,0.006765
1033,7.5,Medium,100,80,120,Citrate,50,Loam,0.5,Dry,12,0.00048263,0.0001329,27.53662225721567,0.08008,0.0012589,0.000133,10.564778775121137,0.1598,0.0018354,0.001663,90.60695216301623,0.005138
1034,7.5,Medium,100,80,120,Citrate,200,Loam,0.5,Dry,12,0.00048263,8.337e-05,17.274102314402338,0.07181,0.0012589,9.656e-05,7.670188259591707,0.1659,0.0018354,0.001427,77.74871962514983,0.006305
1035,7.5,Medium,100,80,120,DTPA,50,Loam,0.5,Dry,12,0.00048263,0.0001516,31.411225990924724,0.08671,0.0012589,0.0001344,10.67598697275399,0.1533,0.0018354,0.001727,94.09393047836984,0.005067
1036,7.5,Medium,100,80,120,DTPA,200,Loam,0.5,Dry,12,0.00048263,0.0001482,30.706752584795804,0.1001,0.0012589,0.0001028,8.165859083326714,0.1386,0.0018354,0.001715,93.44012204424104,0.005946
1037,7.5,Medium,100,80,120,None,0,Loam,0.5,Mesic,8,0.00048263,0.0001525,31.597704245488263,0.08343,0.0012589,0.0001438,11.422670585431725,0.157,0.0018354,0.00173,94.25738258690204,0.004854
1038,7.5,Medium,100,80,120,EDTA,50,Loam,0.5,Mesic,8,0.00048263,0.0001431,29.65004247560243,0.08407,0.0012589,0.0001329,10.556835332433076,0.1558,0.0018354,0.001724,93.93047836983763,0.005192
1039,7.5,Medium,100,80,120,EDTA,200,Loam,0.5,Mesic,8,0.00048263,0.0001115,23.10258375981601,0.08678,0.0012589,9.712e-05,7.714671538644849,0.1508,0.0018354,0.001696,92.40492535687044,0.006765
1040,7.5,Medium,100,80,120,Citrate,50,Loam,0.5,Mesic,8,0.00048263,0.0001329,27.53662225721567,0.08008,0.0012589,0.000133,10.564778775121137,0.1598,0.0018354,0.001663,90.60695216301623,0.005138
1041,7.5,Medium,100,80,120,Citrate,200,Loam,0.5,Mesic,8,0.00048263,8.337e-05,17.274102314402338,0.07181,0.0012589,9.656e-05,7.670188259591707,0.1659,0.0018354,0.001427,77.74871962514983,0.006305
1042,7.5,Medium,100,80,120,DTPA,50,Loam,0.5,Mesic,8,0.00048263,0.0001516,31.411225990924724,0.08671,0.0012589,0.0001344,10.67598697275399,0.1533,0.0018354,0.001727,94.09393047836984,0.005067
1043,7.5,Medium,100,80,120,DTPA,200,Loam,0.5,Mesic,8,0.00048263,0.0001482,30.706752584795804,0.1001,0.0012589,0.0001028,8.165859083326714,0.1386,0.0018354,0.001715,93.44012204424104,0.005946
1044,7.5,Medium,100,80,120,None,0,Loam,0.5,Wet,3,0.00048263,0.0001496,30.99682986967242,0.09326,0.0012589,0.0001175,9.333545158471681,0.1462,0.0018354,0.001728,94.14841451454723,0.005526
1045,7.5,Medium,100,80,120,EDTA,50,Loam,0.5,Wet,3,0.00048263,0.0001389,28.779810620972583,0.09372,0.0012589,0.0001078,8.563031217729764,0.1451,0.0018354,0.001721,93.76702626130545,0.005952
1046,7.5,Medium,100,80,120,EDTA,200,Loam,0.5,Wet,3,0.00048263,0.0001041,21.56931811118248,0.09543,0.0012589,7.681e-05,6.101358328699658,0.1405,0.0018354,0.001687,91.91456903127383,0.00793
1047,7.5,Medium,100,80,120,Citrate,50,Loam,0.5,Wet,3,0.00048263,0.0001286,26.645670596523217,0.08914,0.0012589,0.0001082,8.594804988482007,0.1496,0.0018354,0.001654,90.11659583741964,0.005878
1048,7.5,Medium,100,80,120,Citrate,200,Loam,0.5,Wet,3,0.00048263,7.78e-05,16.120009116714666,0.07863,0.0012589,7.821e-05,6.2125665263325125,0.1577,0.0018354,0.001395,76.00523046747303,0.007229
1049,7.5,Medium,100,80,120,DTPA,50,Loam,0.5,Wet,3,0.00048263,0.0001487,30.810351615108882,0.09714,0.0012589,0.0001088,8.642465644610374,0.1419,0.0018354,0.001725,93.98496240601504,0.005781
1050,7.5,Medium,100,80,120,DTPA,200,Loam,0.5,Wet,3,0.00048263,0.0001452,30.08515840291735,0.1128,0.0012589,8.042e-05,6.388116609738661,0.1247,0.0018354,0.00171,93.16770186335404,0.006813
1051,7.5,Medium,100,80,120,None,0,Clay,1.5,Dry,12,0.00048263,0.0001525,31.597704245488263,0.2503,0.0012589,0.0001438,11.422670585431725,0.4708,0.0018354,0.00173,94.25738258690204,0.01456
1052,7.5,Medium,100,80,120,EDTA,50,Clay,1.5,Dry,12,0.00048263,0.0001431,29.65004247560243,0.2522,0.0012589,0.0001329,10.556835332433076,0.4674,0.0018354,0.001724,93.93047836983763,0.01557
1053,7.5,Medium,100,80,120,EDTA,200,Clay,1.5,Dry,12,0.00048263,0.0001115,23.10258375981601,0.2603,0.0012589,9.713e-05,7.715465882913654,0.4522,0.0018354,0.001696,92.40492535687044,0.02029
1054,7.5,Medium,100,80,120,Citrate,50,Clay,1.5,Dry,12,0.00048263,0.0001329,27.53662225721567,0.2402,0.0012589,0.000133,10.564778775121137,0.4793,0.0018354,0.001663,90.60695216301623,0.01541
1055,7.5,Medium,100,80,120,Citrate,200,Clay,1.5,Dry,12,0.00048263,8.337e-05,17.274102314402338,0.2154,0.0012589,9.656e-05,7.670188259591707,0.4978,0.0018354,0.001427,77.74871962514983,0.01891
1056,7.5,Medium,100,80,120,DTPA,50,Clay,1.5,Dry,12,0.00048263,0.0001516,31.411225990924724,0.2601,0.0012589,0.0001344,10.67598697275399,0.46,0.0018354,0.001727,94.09393047836984,0.0152
1057,7.5,Medium,100,80,120,DTPA,200,Clay,1.5,Dry,12,0.00048263,0.0001482,30.706752584795804,0.3004,0.0012589,0.0001028,8.165859083326714,0.4156,0.0018354,0.001715,93.44012204424104,0.01784
1058,7.5,Medium,100,80,120,None,0,Clay,1.5,Mesic,8,0.00048263,0.0001525,31.597704245488263,0.2503,0.0012589,0.0001438,11.422670585431725,0.4708,0.0018354,0.00173,94.25738258690204,0.01456
1059,7.5,Medium,100,80,120,EDTA,50,Clay,1.5,Mesic,8,0.00048263,0.0001431,29.65004247560243,0.2522,0.0012589,0.0001329,10.556835332433076,0.4674,0.0018354,0.001724,93.93047836983763,0.01557
1060,7.5,Medium,100,80,120,EDTA,200,Clay,1.5,Mesic,8,0.00048263,0.0001115,23.10258375981601,0.2603,0.0012589,9.712e-05,7.714671538644849,0.4522,0.0018354,0.001696,92.40492535687044,0.02029
1061,7.5,Medium,100,80,120,Citrate,50,Clay,1.5,Mesic,8,0.00048263,0.0001329,27.53662225721567,0.2402,0.0012589,0.000133,10.564778775121137,0.4793,0.0018354,0.001663,90.60695216301623,0.01541
1062,7.5,Medium,100,80,120,Citrate,200,Clay,1.5,Mesic,8,0.00048263,8.337e-05,17.274102314402338,0.2154,0.0012589,9.656e-05,7.670188259591707,0.4978,0.0018354,0.001427,77.74871962514983,0.01891
1063,7.5,Medium,100,80,120,DTPA,50,Clay,1.5,Mesic,8,0.00048263,0.0001516,31.411225990924724,0.2601,0.0012589,0.0001344,10.67598697275399,0.46,0.0018354,0.001727,94.09393047836984,0.0152
1064,7.5,Medium,100,80,120,DTPA,200,Clay,1.5,Mesic,8,0.00048263,0.0001482,30.706752584795804,0.3004,0.0012589,0.0001028,8.165859083326714,0.4156,0.0018354,0.001715,93.44012204424104,0.01784
1065,7.5,Medium,100,80,120,None,0,Clay,1.5,Wet,3,0.00048263,0.0001496,30.99682986967242,0.2797,0.0012589,0.0001175,9.333545158471681,0.4384,0.0018354,0.001728,94.14841451454723,0.01658
1066,7.5,Medium,100,80,120,EDTA,50,Clay,1.5,Wet,3,0.00048263,0.0001389,28.779810620972583,0.2811,0.0012589,0.0001078,8.563031217729764,0.4351,0.0018354,0.001721,93.76702626130545,0.01785
1067,7.5,Medium,100,80,120,EDTA,200,Clay,1.5,Wet,3,0.00048263,0.0001041,21.56931811118248,0.2863,0.0012589,7.681e-05,6.101358328699658,0.4213,0.0018354,0.001687,91.91456903127383,0.02379
1068,7.5,Medium,100,80,120,Citrate,50,Clay,1.5,Wet,3,0.00048263,0.0001286,26.645670596523217,0.2674,0.0012589,0.0001082,8.594804988482007,0.4489,0.0018354,0.001654,90.11659583741964,0.01763
1069,7.5,Medium,100,80,120,Citrate,200,Clay,1.5,Wet,3,0.00048263,7.78e-05,16.120009116714666,0.2359,0.0012589,7.821e-05,6.2125665263325125,0.4731,0.0018354,0.001395,76.00523046747303,0.02169
1070,7.5,Medium,100,80,120,DTPA,50,Clay,1.5,Wet,3,0.00048263,0.0001487,30.810351615108882,0.2914,0.0012589,0.0001088,8.642465644610374,0.4256,0.0018354,0.001725,93.98496240601504,0.01734
1071,7.5,Medium,100,80,120,DTPA,200,Clay,1.5,Wet,3,0.00048263,0.0001452,30.08515840291735,0.3383,0.0012589,8.042e-05,6.388116609738661,0.3739,0.0018354,0.00171,93.16770186335404,0.02044
1072,7.5,High,300,250,400,None,0,Sand,0.1,Dry,12,0.0014479,0.0003111,21.486290489674705,0.01599,0.0039339,0.0003105,7.892930679478381,0.03184,0.0061181,0.005858,95.74868014579691,0.001544
1073,7.5,High,300,250,400,EDTA,50,Sand,0.1,Dry,12,0.0014479,0.0003084,21.299813523033357,0.0161,0.0039339,0.0003044,7.737868273214878,0.0317,0.0061181,0.005849,95.60157565257188,0.001566
1074,7.5,High,300,250,400,EDTA,200,Sand,0.1,Dry,12,0.0014479,0.0002996,20.692036742868982,0.01644,0.0039339,0.0002855,7.257429014464019,0.03126,0.0061181,0.005823,95.17660711658849,0.001639
1075,7.5,High,300,250,400,Citrate,50,Sand,0.1,Dry,12,0.0014479,0.0003062,21.147869327992268,0.016,0.0039339,0.0003051,7.755662319835278,0.03182,0.0061181,0.005768,94.2776352135467,0.001546
1076,7.5,High,300,250,400,Citrate,200,Sand,0.1,Dry,12,0.0014479,0.0002903,20.049727191104356,0.01605,0.0039339,0.0002876,7.310811154325226,0.03174,0.0061181,0.005505,89.97891502263776,0.001561
1077,7.5,High,300,250,400,DTPA,50,Sand,0.1,Dry,12,0.0014479,0.0003105,21.444851163754404,0.01614,0.0039339,0.0003052,7.758204326495336,0.03166,0.0061181,0.005854,95.68330037103023,0.001561
1078,7.5,High,300,250,400,DTPA,200,Sand,0.1,Dry,12,0.0014479,0.0003087,21.320533185993508,0.01666,0.0039339,0.0002886,7.3362312209258,0.03108,0.0061181,0.005843,95.50350599042187,0.001617
1079,7.5,High,300,250,400,None,0,Sand,0.1,Mesic,8,0.0014479,0.0003111,21.486290489674705,0.01599,0.0039339,0.0003105,7.892930679478381,0.03184,0.0061181,0.005858,95.74868014579691,0.001544
1080,7.5,High,300,250,400,EDTA,50,Sand,0.1,Mesic,8,0.0014479,0.0003084,21.299813523033357,0.0161,0.0039339,0.0003044,7.737868273214878,0.0317,0.0061181,0.005849,95.60157565257188,0.001566
1081,7.5,High,300,250,400,EDTA,200,Sand,0.1,Mesic,8,0.0014479,0.0002996,20.692036742868982,0.01644,0.0039339,0.0002855,7.257429014464019,0.03126,0.0061181,0.005823,95.17660711658849,0.001639
1082,7.5,High,300,250,400,Citrate,50,Sand,0.1,Mesic,8,0.0014479,0.0003062,21.147869327992268,0.016,0.0039339,0.0003051,7.755662319835278,0.03182,0.0061181,0.005768,94.2776352135467,0.001546
1083,7.5,High,300,250,400,Citrate,200,Sand,0.1,Mesic,8,0.0014479,0.0002903,20.049727191104356,0.01605,0.0039339,0.0002876,7.310811154325226,0.03174,0.0061181,0.005505,89.97891502263776,0.001561
1084,7.5,High,300,250,400,DTPA,50,Sand,0.1,Mesic,8,0.0014479,0.0003105,21.444851163754404,0.01614,0.0039339,0.0003052,7.758204326495336,0.03166,0.0061181,0.005854,95.68330037103023,0.001561
1085,7.5,High,300,250,400,DTPA,200,Sand,0.1,Mesic,8,0.0014479,0.0003087,21.320533185993508,0.01666,0.0039339,0.0002886,7.3362312209258,0.03108,0.0061181,0.005843,95.50350599042187,0.001617
1086,7.5,High,300,250,400,None,0,Sand,0.1,Wet,3,0.0014479,0.0003117,21.527729815595,0.01698,0.0039339,0.0002827,7.186252827982409,0.03074,0.0061181,0.005861,95.7977149768719,0.001637
1087,7.5,High,300,250,400,EDTA,50,Sand,0.1,Wet,3,0.0014479,0.0003087,21.320533185993508,0.0171,0.0039339,0.0002768,7.0362744350390205,0.03059,0.0061181,0.005851,95.63426553995522,0.001662
1088,7.5,High,300,250,400,EDTA,200,Sand,0.1,Wet,3,0.0014479,0.0002991,20.657503971268735,0.01747,0.0039339,0.0002585,6.5710872162485074,0.03011,0.0061181,0.005822,95.16026217289681,0.001744
1089,7.5,High,300,250,400,Citrate,50,Sand,0.1,Wet,3,0.0014479,0.0003064,21.161682436632365,0.01699,0.0039339,0.0002775,7.054068481659423,0.03071,0.0061181,0.005767,94.26129026985504,0.00164
1090,7.5,High,300,250,400,Citrate,200,Sand,0.1,Wet,3,0.0014479,0.0002895,19.99447475654396,0.01703,0.0039339,0.000261,6.634637382749943,0.03063,0.0061181,0.005492,89.76643075464607,0.001657
1091,7.5,High,300,250,400,DTPA,50,Sand,0.1,Wet,3,0.0014479,0.000311,21.479383935354655,0.01715,0.0039339,0.0002775,7.054068481659423,0.03054,0.0061181,0.005857,95.73233520210523,0.001656
1092,7.5,High,300,250,400,DTPA,200,Sand,0.1,Wet,3,0.0014479,0.0003091,21.348159403273705,0.01772,0.0039339,0.0002613,6.642263402730116,0.02989,0.0061181,0.005844,95.51985093411353,0.001718
1093,7.5,High,300,250,400,None,0,Loam,0.5,Dry,12,0.0014479,0.0003111,21.486290489674705,0.07984,0.0039339,0.0003105,7.892930679478381,0.159,0.0061181,0.005858,95.74868014579691,0.007709
1094,7.5,High,300,250,400,EDTA,50,Loam,0.5,Dry,12,0.0014479,0.0003084,21.299813523033357,0.08038,0.0039339,0.0003044,7.737868273214878,0.1583,0.0061181,0.005849,95.60157565257188,0.007819
1095,7.5,High,300,250,400,EDTA,200,Loam,0.5,Dry,12,0.0014479,0.0002996,20.692036742868982,0.08211,0.0039339,0.0002855,7.257429014464019,0.1561,0.0061181,0.005823,95.17660711658849,0.008183
1096,7.5,High,300,250,400,Citrate,50,Loam,0.5,Dry,12,0.0014479,0.0003062,21.147869327992268,0.07992,0.0039339,0.0003051,7.755662319835278,0.1589,0.0061181,0.005768,94.2776352135467,0.007721
1097,7.5,High,300,250,400,Citrate,200,Loam,0.5,Dry,12,0.0014479,0.0002903,20.049727191104356,0.08015,0.0039339,0.0002876,7.310811154325226,0.1585,0.0061181,0.005505,89.97891502263776,0.007795
1098,7.5,High,300,250,400,DTPA,50,Loam,0.5,Dry,12,0.0014479,0.0003105,21.444851163754404,0.08062,0.0039339,0.0003052,7.758204326495336,0.1581,0.0061181,0.005854,95.68330037103023,0.007795
1099,7.5,High,300,250,400,DTPA,200,Loam,0.5,Dry,12,0.0014479,0.0003087,21.320533185993508,0.08317,0.0039339,0.0002886,7.3362312209258,0.1552,0.0061181,0.005843,95.50350599042187,0.008075
1100,7.5,High,300,250,400,None,0,Loam,0.5,Mesic,8,0.0014479,0.0003111,21.486290489674705,0.07984,0.0039339,0.0003105,7.892930679478381,0.159,0.0061181,0.005858,95.74868014579691,0.007709
1101,7.5,High,300,250,400,EDTA,50,Loam,0.5,Mesic,8,0.0014479,0.0003084,21.299813523033357,0.08038,0.0039339,0.0003044,7.737868273214878,0.1583,0.0061181,0.005849,95.60157565257188,0.007819
1102,7.5,High,300,250,400,EDTA,200,Loam,0.5,Mesic,8,0.0014479,0.0002996,20.692036742868982,0.08211,0.0039339,0.0002855,7.257429014464019,0.1561,0.0061181,0.005823,95.17660711658849,0.008183
1103,7.5,High,300,250,400,Citrate,50,Loam,0.5,Mesic,8,0.0014479,0.0003062,21.147869327992268,0.07992,0.0039339,0.0003051,7.755662319835278,0.1589,0.0061181,0.005768,94.2776352135467,0.007721
1104,7.5,High,300,250,400,Citrate,200,Loam,0.5,Mesic,8,0.0014479,0.0002903,20.049727191104356,0.08015,0.0039339,0.0002876,7.310811154325226,0.1585,0.0061181,0.005505,89.97891502263776,0.007795
1105,7.5,High,300,250,400,DTPA,50,Loam,0.5,Mesic,8,0.0014479,0.0003105,21.444851163754404,0.08062,0.0039339,0.0003052,7.758204326495336,0.1581,0.0061181,0.005854,95.68330037103023,0.007795
1106,7.5,High,300,250,400,DTPA,200,Loam,0.5,Mesic,8,0.0014479,0.0003087,21.320533185993508,0.08317,0.0039339,0.0002886,7.3362312209258,0.1552,0.0061181,0.005843,95.50350599042187,0.008075
1107,7.5,High,300,250,400,None,0,Loam,0.5,Wet,3,0.0014479,0.0003117,21.527729815595,0.08479,0.0039339,0.0002827,7.186252827982409,0.1535,0.0061181,0.005861,95.7977149768719,0.008177
1108,7.5,High,300,250,400,EDTA,50,Loam,0.5,Wet,3,0.0014479,0.0003087,21.320533185993508,0.08537,0.0039339,0.0002768,7.0362744350390205,0.1527,0.0061181,0.005851,95.63426553995522,0.0083
1109,7.5,High,300,250,400,EDTA,200,Loam,0.5,Wet,3,0.0014479,0.0002991,20.657503971268735,0.08722,0.0039339,0.0002585,6.5710872162485074,0.1504,0.0061181,0.005822,95.16026217289681,0.008707
1110,7.5,High,300,250,400,Citrate,50,Loam,0.5,Wet,3,0.0014479,0.0003064,21.161682436632365,0.08486,0.0039339,0.0002775,7.054068481659423,0.1534,0.0061181,0.005767,94.26129026985504,0.008192
1111,7.5,High,300,250,400,Citrate,200,Loam,0.5,Wet,3,0.0014479,0.0002895,19.99447475654396,0.08506,0.0039339,0.000261,6.634637382749943,0.153,0.0061181,0.005492,89.76643075464607,0.008275
1112,7.5,High,300,250,400,DTPA,50,Loam,0.5,Wet,3,0.0014479,0.000311,21.479383935354655,0.08565,0.0039339,0.0002775,7.054068481659423,0.1525,0.0061181,0.005857,95.73233520210523,0.008272
1113,7.5,High,300,250,400,DTPA,200,Loam,0.5,Wet,3,0.0014479,0.0003091,21.348159403273705,0.08848,0.0039339,0.0002613,6.642263402730116,0.1493,0.0061181,0.005844,95.51985093411353,0.008581
1114,7.5,High,300,250,400,None,0,Clay,1.5,Dry,12,0.0014479,0.0003111,21.486290489674705,0.2395,0.0039339,0.0003105,7.892930679478381,0.4769,0.0061181,0.005858,95.74868014579691,0.02312
1115,7.5,High,300,250,400,EDTA,50,Clay,1.5,Dry,12,0.0014479,0.0003084,21.299813523033357,0.2411,0.0039339,0.0003044,7.737868273214878,0.4748,0.0061181,0.005849,95.60157565257188,0.02345
1116,7.5,High,300,250,400,EDTA,200,Clay,1.5,Dry,12,0.0014479,0.0002996,20.692036742868982,0.2463,0.0039339,0.0002855,7.257429014464019,0.4682,0.0061181,0.005823,95.17660711658849,0.02454
1117,7.5,High,300,250,400,Citrate,50,Clay,1.5,Dry,12,0.0014479,0.0003062,21.147869327992268,0.2397,0.0039339,0.0003051,7.755662319835278,0.4765,0.0061181,0.005768,94.2776352135467,0.02316
1118,7.5,High,300,250,400,Citrate,200,Clay,1.5,Dry,12,0.0014479,0.0002903,20.049727191104356,0.2404,0.0039339,0.0002876,7.310811154325226,0.4753,0.0061181,0.005505,89.97891502263776,0.02338
1119,7.5,High,300,250,400,DTPA,50,Clay,1.5,Dry,12,0.0014479,0.0003105,21.444851163754404,0.2418,0.0039339,0.0003052,7.758204326495336,0.4742,0.0061181,0.005854,95.68330037103023,0.02338
1120,7.5,High,300,250,400,DTPA,200,Clay,1.5,Dry,12,0.0014479,0.0003087,21.320533185993508,0.2495,0.0039339,0.0002886,7.3362312209258,0.4654,0.0061181,0.005843,95.50350599042187,0.02422
1121,7.5,High,300,250,400,None,0,Clay,1.5,Mesic,8,0.0014479,0.0003111,21.486290489674705,0.2395,0.0039339,0.0003105,7.892930679478381,0.4769,0.0061181,0.005858,95.74868014579691,0.02312
1122,7.5,High,300,250,400,EDTA,50,Clay,1.5,Mesic,8,0.0014479,0.0003084,21.299813523033357,0.2411,0.0039339,0.0003044,7.737868273214878,0.4748,0.0061181,0.005849,95.60157565257188,0.02345
1123,7.5,High,300,250,400,EDTA,200,Clay,1.5,Mesic,8,0.0014479,0.0002996,20.692036742868982,0.2463,0.0039339,0.0002855,7.257429014464019,0.4682,0.0061181,0.005823,95.17660711658849,0.02454
1124,7.5,High,300,250,400,Citrate,50,Clay,1.5,Mesic,8,0.0014479,0.0003062,21.147869327992268,0.2397,0.0039339,0.0003051,7.755662319835278,0.4765,0.0061181,0.005768,94.2776352135467,0.02316
1125,7.5,High,300,250,400,Citrate,200,Clay,1.5,Mesic,8,0.0014479,0.0002903,20.049727191104356,0.2404,0.0039339,0.0002876,7.310811154325226,0.4753,0.0061181,0.005505,89.97891502263776,0.02338
1126,7.5,High,300,250,400,DTPA,50,Clay,1.5,Mesic,8,0.0014479,0.0003105,21.444851163754404,0.2418,0.0039339,0.0003052,7.758204326495336,0.4742,0.0061181,0.005854,95.68330037103023,0.02338
1127,7.5,High,300,250,400,DTPA,200,Clay,1.5,Mesic,8,0.0014479,0.0003087,21.320533185993508,0.2495,0.0039339,0.0002886,7.3362312209258,0.4654,0.0061181,0.005843,95.50350599042187,0.02422
1128,7.5,High,300,250,400,None,0,Clay,1.5,Wet,3,0.0014479,0.0003117,21.527729815595,0.2543,0.0039339,0.0002827,7.186252827982409,0.4603,0.0061181,0.005861,95.7977149768719,0.02453
1129,7.5,High,300,250,400,EDTA,50,Clay,1.5,Wet,3,0.0014479,0.0003087,21.320533185993508,0.2561,0.0039339,0.0002768,7.0362744350390205,0.4581,0.0061181,0.005851,95.63426553995522,0.02489
1130,7.5,High,300,250,400,EDTA,200,Clay,1.5,Wet,3,0.0014479,0.0002991,20.657503971268735,0.2616,0.0039339,0.0002585,6.5710872162485074,0.451,0.0061181,0.005822,95.16026217289681,0.02611
1131,7.5,High,300,250,400,Citrate,50,Clay,1.5,Wet,3,0.0014479,0.0003064,21.161682436632365,0.2545,0.0039339,0.0002775,7.054068481659423,0.46,0.0061181,0.005767,94.26129026985504,0.02457
1132,7.5,High,300,250,400,Citrate,200,Clay,1.5,Wet,3,0.0014479,0.0002895,19.99447475654396,0.2551,0.0039339,0.000261,6.634637382749943,0.4589,0.0061181,0.005492,89.76643075464607,0.02482
1133,7.5,High,300,250,400,DTPA,50,Clay,1.5,Wet,3,0.0014479,0.000311,21.479383935354655,0.2569,0.0039339,0.0002775,7.054068481659423,0.4574,0.0061181,0.005857,95.73233520210523,0.02481
1134,7.5,High,300,250,400,DTPA,200,Clay,1.5,Wet,3,0.0014479,0.0003091,21.348159403273705,0.2654,0.0039339,0.0002613,6.642263402730116,0.4477,0.0061181,0.005844,95.51985093411353,0.02574
