scenario_id,ph,metal_level,pb_mg_L,cu_mg_L,zn_mg_L,chelator,dose_mg_L,texture,texture_sites,moisture,pe,pb_total_mol,pb_free_mol,pb_percent_free,pb_sorbed_mol,cu_total_mol,cu_free_mol,cu_percent_free,cu_sorbed_mol,zn_total_mol,zn_free_mol,zn_percent_free,zn_sorbed_mol
1,5.0,Low,25,20,30,None,0,Sand,0.1,Dry,12,0.00012066,0.0001071,88.76181004475386,0.0006562,0.00031471,0.0003119,99.10711448635251,0.003813,0.00045886,0.0004554,99.2459573726191,1.431e-05
2,5.0,Low,25,20,30,EDTA,10,Sand,0.1,Dry,12,0.00012066,0.000105,87.0213823968175,0.0006557,0.00031471,0.0002804,89.09789965364938,0.003494,0.00045886,0.0004552,99.20237109357974,1.458e-05
3,5.0,Low,25,20,30,EDTA,50,Sand,0.1,Dry,12,0.00012066,9.183e-05,76.10641471904525,0.0006203,0.00031471,0.0001607,51.062883289377524,0.002166,0.00045886,0.0004541,98.96264655886327,1.573e-05
4,5.0,Low,25,20,30,EDTA,150,Sand,0.1,Dry,12,0.00012066,7.284e-06,6.036797613127797,5.695e-05,0.00031471,3.972e-06,1.2621143274760893,6.196e-05,0.00045886,0.000366,79.76289064202588,1.468e-05
5,5.0,Low,25,20,30,Citrate,10,Sand,0.1,Dry,12,0.00012066,0.0001005,83.29189457981104,0.0006323,0.00031471,0.0002711,86.14279813161322,0.003404,0.00045886,0.0004522,98.54857690798936,1.46e-05
6,5.0,Low,25,20,30,Citrate,50,Sand,0.1,Dry,12,0.00012066,6.708e-05,55.5942317255097,0.0004691,0.00031471,0.0001308,41.56207301960536,0.001825,0.00045886,0.0004283,93.34001656278603,1.536e-05
7,5.0,Low,25,20,30,Citrate,150,Sand,0.1,Dry,12,0.00012066,9.934e-06,8.233051549809382,7.848e-05,0.00031471,1.296e-05,4.118076959740714,0.0002042,0.00045886,0.0002237,48.75125310552238,9.063e-06
8,5.0,Low,25,20,30,None,0,Sand,0.1,Mesic,8,0.00012066,0.0001071,88.76181004475386,0.0006562,0.00031471,0.0003119,99.10711448635251,0.003813,0.00045886,0.0004554,99.2459573726191,1.431e-05
9,5.0,Low,25,20,30,EDTA,10,Sand,0.1,Mesic,8,0.00012066,0.000105,87.0213823968175,0.0006557,0.00031471,0.0002804,89.09789965364938,0.003494,0.00045886,0.0004552,99.20237109357974,1.458e-05
10,5.0,Low,25,20,30,EDTA,50,Sand,0.1,Mesic,8,0.00012066,9.183e-05,76.10641471904525,0.0006203,0.00031471,0.0001607,51.062883289377524,0.002166,0.00045886,0.0004541,98.96264655886327,1.573e-05
11,5.0,Low,25,20,30,EDTA,150,Sand,0.1,Mesic,8,0.00012066,7.284e-06,6.036797613127797,5.695e-05,0.00031471,3.972e-06,1.2621143274760893,6.196e-05,0.00045886,0.000366,79.76289064202588,1.468e-05
12,5.0,Low,25,20,30,Citrate,10,Sand,0.1,Mesic,8,0.00012066,0.0001005,83.29189457981104,0.0006323,0.00031471,0.0002711,86.14279813161322,0.003404,0.00045886,0.0004522,98.54857690798936,1.46e-05
13,5.0,Low,25,20,30,Citrate,50,Sand,0.1,Mesic,8,0.00012066,6.708e-05,55.5942317255097,0.0004691,0.00031471,0.0001308,41.56207301960536,0.001825,0.00045886,0.0004283,93.34001656278603,1.536e-05
14,5.0,Low,25,20,30,Citrate,150,Sand,0.1,Mesic,8,0.00012066,9.934e-06,8.233051549809382,7.848e-05,0.00031471,1.296e-05,4.118076959740714,0.0002042,0.00045886,0.0002237,48.75125310552238,9.063e-06
15,5.0,Low,25,20,30,None,0,Sand,0.1,Wet,3,0.00012066,0.0001077,89.25907508702139,0.0007725,0.00031471,7.834e-05,24.89275841250675,0.001121,0.00045886,0.0004556,99.28954365165846,1.676e-05
16,5.0,Low,25,20,30,EDTA,10,Sand,0.1,Wet,3,0.00012066,0.0001011,83.78915962207857,0.0007299,0.00031471,7.141e-05,22.690731149312064,0.001029,0.00045886,0.000455,99.15878481454038,1.685e-05
17,5.0,Low,25,20,30,EDTA,50,Sand,0.1,Wet,3,0.00012066,7.201e-05,59.680092822807886,0.0005342,0.00031471,4.546e-05,14.445044644275685,0.0006729,0.00045886,0.0004516,98.4178180708713,1.718e-05
18,5.0,Low,25,20,30,EDTA,150,Sand,0.1,Wet,3,0.00012066,6.47e-06,5.362174705784851,5.065e-05,0.00031471,3.382e-06,1.0746401448953005,5.282e-05,0.00045886,0.0003565,77.69254238765636,1.431e-05
19,5.0,Low,25,20,30,Citrate,10,Sand,0.1,Wet,3,0.00012066,9.278e-05,76.89375103596883,0.0006728,0.00031471,7.137e-05,22.678021035238793,0.001033,0.00045886,0.000448,97.63326504816283,1.666e-05
20,5.0,Low,25,20,30,Citrate,50,Sand,0.1,Wet,3,0.00012066,4.854e-05,40.22874191944306,0.0003658,0.00031471,4.519e-05,14.359251374281085,0.0006795,0.00045886,0.0004038,88.00069738046463,1.56e-05
21,5.0,Low,25,20,30,Citrate,150,Sand,0.1,Wet,3,0.00012066,8.941e-06,7.410077904856621,7.091e-05,0.00031471,1.037e-05,3.295097073496235,0.0001641,0.00045886,0.0002106,45.8963518284444,8.564e-06
22,5.0,Low,25,20,30,None,0,Loam,0.5,Dry,12,0.00012066,0.0001071,88.76181004475386,0.003269,0.00031471,0.0003119,99.10711448635251,0.01899,0.00045886,0.0004554,99.2459573726191,7.127e-05
23,5.0,Low,25,20,30,EDTA,10,Loam,0.5,Dry,12,0.00012066,0.000105,87.0213823968175,0.003266,0.00031471,0.0002804,89.09789965364938,0.0174,0.00045886,0.0004552,99.20237109357974,7.26e-05
24,5.0,Low,25,20,30,EDTA,50,Loam,0.5,Dry,12,0.00012066,9.183e-05,76.10641471904525,0.003089,0.00031471,0.0001607,51.062883289377524,0.01079,0.00045886,0.0004541,98.96264655886327,7.834e-05
25,5.0,Low,25,20,30,EDTA,150,Loam,0.5,Dry,12,0.00012066,7.284e-06,6.036797613127797,0.0002836,0.00031471,3.972e-06,1.2621143274760893,0.0003086,0.00045886,0.000366,79.76289064202588,7.308e-05
26,5.0,Low,25,20,30,Citrate,10,Loam,0.5,Dry,12,0.00012066,0.0001005,83.29189457981104,0.003149,0.00031471,0.0002711,86.14279813161322,0.01695,0.00045886,0.0004522,98.54857690798936,7.27e-05
27,5.0,Low,25,20,30,Citrate,50,Loam,0.5,Dry,12,0.00012066,6.708e-05,55.5942317255097,0.002336,0.00031471,0.0001308,41.56207301960536,0.009088,0.00045886,0.0004283,93.34001656278603,7.65e-05
28,5.0,Low,25,20,30,Citrate,150,Loam,0.5,Dry,12,0.00012066,9.934e-06,8.233051549809382,0.0003909,0.00031471,1.296e-05,4.118076959740714,0.001017,0.00045886,0.0002237,48.75125310552238,4.514e-05
29,5.0,Low,25,20,30,None,0,Loam,0.5,Mesic,8,0.00012066,0.0001071,88.76181004475386,0.003269,0.00031471,0.0003119,99.10711448635251,0.01899,0.00045886,0.0004554,99.2459573726191,7.127e-05
30,5.0,Low,25,20,30,EDTA,10,Loam,0.5,Mesic,8,0.00012066,0.000105,87.0213823968175,0.003266,0.00031471,0.0002804,89.09789965364938,0.0174,0.00045886,0.0004552,99.20237109357974,7.26e-05
31,5.0,Low,25,20,30,EDTA,50,Loam,0.5,Mesic,8,0.00012066,9.183e-05,76.10641471904525,0.003089,0.00031471,0.0001607,51.062883289377524,0.01079,0.00045886,0.0004541,98.96264655886327,7.834e-05
32,5.0,Low,25,20,30,EDTA,150,Loam,0.5,Mesic,8,0.00012066,7.284e-06,6.036797613127797,0.0002836,0.00031471,3.972e-06,1.2621143274760893,0.0003086,0.00045886,0.000366,79.76289064202588,7.308e-05
33,5.0,Low,25,20,30,Citrate,10,Loam,0.5,Mesic,8,0.00012066,0.0001005,83.29189457981104,0.003149,0.00031471,0.0002711,86.14279813161322,0.01695,0.00045886,0.0004522,98.54857690798936,7.27e-05
34,5.0,Low,25,20,30,Citrate,50,Loam,0.5,Mesic,8,0.00012066,6.708e-05,55.5942317255097,0.002336,0.00031471,0.0001308,41.56207301960536,0.009088,0.00045886,0.0004283,93.34001656278603,7.651e-05
35,5.0,Low,25,20,30,Citrate,150,Loam,0.5,Mesic,8,0.00012066,9.934e-06,8.233051549809382,0.0003909,0.00031471,1.296e-05,4.118076959740714,0.001017,0.00045886,0.0002237,48.75125310552238,4.514e-05
36,5.0,Low,25,20,30,None,0,Loam,0.5,Wet,3,0.00012066,0.0001077,89.25907508702139,0.003847,0.00031471,7.834e-05,24.89275841250675,0.005584,0.00045886,0.0004556,99.28954365165846,8.347e-05
37,5.0,Low,25,20,30,EDTA,10,Loam,0.5,Wet,3,0.00012066,0.0001011,83.78915962207857,0.003635,0.00031471,7.141e-05,22.690731149312064,0.005124,0.00045886,0.000455,99.15878481454038,8.392e-05
38,5.0,Low,25,20,30,EDTA,50,Loam,0.5,Wet,3,0.00012066,7.201e-05,59.680092822807886,0.002661,0.00031471,4.546e-05,14.445044644275685,0.003351,0.00045886,0.0004516,98.4178180708713,8.556e-05
39,5.0,Low,25,20,30,EDTA,150,Loam,0.5,Wet,3,0.00012066,6.47e-06,5.362174705784851,0.0002522,0.00031471,3.382e-06,1.0746401448953005,0.000263,0.00045886,0.0003565,77.69254238765636,7.128e-05
40,5.0,Low,25,20,30,Citrate,10,Loam,0.5,Wet,3,0.00012066,9.278e-05,76.89375103596883,0.003351,0.00031471,7.137e-05,22.678021035238793,0.005143,0.00045886,0.000448,97.63326504816283,8.298e-05
41,5.0,Low,25,20,30,Citrate,50,Loam,0.5,Wet,3,0.00012066,4.854e-05,40.22874191944306,0.001822,0.00031471,4.519e-05,14.359251374281085,0.003384,0.00045886,0.0004038,88.00069738046463,7.772e-05
42,5.0,Low,25,20,30,Citrate,150,Loam,0.5,Wet,3,0.00012066,8.941e-06,7.410077904856621,0.0003532,0.00031471,1.037e-05,3.295097073496235,0.0008172,0.00045886,0.0002106,45.8963518284444,4.266e-05
43,5.0,Low,25,20,30,None,0,Clay,1.5,Dry,12,0.00012066,0.0001071,88.76181004475386,0.009799,0.00031471,0.0003119,99.10711448635251,0.05693,0.00045886,0.0004554,99.2459573726191,0.0002137
44,5.0,Low,25,20,30,EDTA,10,Clay,1.5,Dry,12,0.00012066,0.000105,87.0213823968175,0.009791,0.00031471,0.0002804,89.09789965364938,0.05217,0.00045886,0.0004552,99.20237109357974,0.0002177
45,5.0,Low,25,20,30,EDTA,50,Clay,1.5,Dry,12,0.00012066,9.183e-05,76.10641471904525,0.009262,0.00031471,0.0001607,51.062883289377524,0.03234,0.00045886,0.0004541,98.96264655886327,0.0002349
46,5.0,Low,25,20,30,EDTA,150,Clay,1.5,Dry,12,0.00012066,7.284e-06,6.036797613127797,0.0008502,0.00031471,3.972e-06,1.2621143274760893,0.000925,0.00045886,0.000366,79.76289064202588,0.0002191
47,5.0,Low,25,20,30,Citrate,10,Clay,1.5,Dry,12,0.00012066,0.0001005,83.29189457981104,0.009441,0.00031471,0.0002711,86.14279813161322,0.05083,0.00045886,0.0004522,98.54857690798936,0.000218
48,5.0,Low,25,20,30,Citrate,50,Clay,1.5,Dry,12,0.00012066,6.708e-05,55.5942317255097,0.007004,0.00031471,0.0001308,41.56207301960536,0.02725,0.00045886,0.0004283,93.34001656278603,0.0002294
49,5.0,Low,25,20,30,Citrate,150,Clay,1.5,Dry,12,0.00012066,9.934e-06,8.233051549809382,0.001172,0.00031471,1.296e-05,4.118076959740714,0.00305,0.00045886,0.0002237,48.75125310552238,0.0001353
50,5.0,Low,25,20,30,None,0,Clay,1.5,Mesic,8,0.00012066,0.0001071,88.76181004475386,0.009799,0.00031471,0.0003119,99.10711448635251,0.05693,0.00045886,0.0004554,99.2459573726191,0.0002137
51,5.0,Low,25,20,30,EDTA,10,Clay,1.5,Mesic,8,0.00012066,0.000105,87.0213823968175,0.009792,0.00031471,0.0002804,89.09789965364938,0.05217,0.00045886,0.0004552,99.20237109357974,0.0002177
52,5.0,Low,25,20,30,EDTA,50,Clay,1.5,Mesic,8,0.00012066,9.183e-05,76.10641471904525,0.009262,0.00031471,0.0001607,51.062883289377524,0.03234,0.00045886,0.0004541,98.96264655886327,0.0002349
53,5.0,Low,25,20,30,EDTA,150,Clay,1.5,Mesic,8,0.00012066,7.284e-06,6.036797613127797,0.0008502,0.00031471,3.972e-06,1.2621143274760893,0.000925,0.00045886,0.000366,79.76289064202588,0.0002191
54,5.0,Low,25,20,30,Citrate,10,Clay,1.5,Mesic,8,0.00012066,0.0001005,83.29189457981104,0.009441,0.00031471,0.0002711,86.14279813161322,0.05083,0.00045886,0.0004522,98.54857690798936,0.000218
55,5.0,Low,25,20,30,Citrate,50,Clay,1.5,Mesic,8,0.00012066,6.708e-05,55.5942317255097,0.007004,0.00031471,0.0001308,41.56207301960536,0.02724,0.00045886,0.0004283,93.34001656278603,0.0002294
56,5.0,Low,25,20,30,Citrate,150,Clay,1.5,Mesic,8,0.00012066,9.934e-06,8.233051549809382,0.001172,0.00031471,1.296e-05,4.118076959740714,0.00305,0.00045886,0.0002237,48.75125310552238,0.0001353
57,5.0,Low,25,20,30,None,0,Clay,1.5,Wet,3,0.00012066,0.0001077,89.25907508702139,0.01153,0.00031471,7.834e-05,24.89275841250675,0.01674,0.00045886,0.0004556,99.28954365165846,0.0002502
58,5.0,Low,25,20,30,EDTA,10,Clay,1.5,Wet,3,0.00012066,0.0001011,83.78915962207857,0.0109,0.00031471,7.141e-05,22.690731149312064,0.01536,0.00045886,0.000455,99.15878481454038,0.0002516
59,5.0,Low,25,20,30,EDTA,50,Clay,1.5,Wet,3,0.00012066,7.201e-05,59.680092822807886,0.007976,0.00031471,4.546e-05,14.445044644275685,0.01005,0.00045886,0.0004516,98.4178180708713,0.0002565
60,5.0,Low,25,20,30,EDTA,150,Clay,1.5,Wet,3,0.00012066,6.47e-06,5.362174705784851,0.0007561,0.00031471,3.382e-06,1.0746401448953005,0.0007886,0.00045886,0.0003565,77.69254238765636,0.0002137
61,5.0,Low,25,20,30,Citrate,10,Clay,1.5,Wet,3,0.00012066,9.278e-05,76.89375103596883,0.01005,0.00031471,7.137e-05,22.678021035238793,0.01542,0.00045886,0.000448,97.63326504816283,0.0002488
62,5.0,Low,25,20,30,Citrate,50,Clay,1.5,Wet,3,0.00012066,4.854e-05,40.22874191944306,0.005462,0.00031471,4.519e-05,14.359251374281085,0.01015,0.00045886,0.0004038,88.00069738046463,0.000233
63,5.0,Low,25,20,30,Citrate,150,Clay,1.5,Wet,3,0.00012066,8.941e-06,7.410077904856621,0.001059,0.00031471,1.037e-05,3.295097073496235,0.00245,0.00045886,0.0002106,45.8963518284444,0.0001279
64,5.0,Medium,100,80,120,None,0,Sand,0.1,Dry,12,0.00048263,0.0004323,89.57172160868573,0.001614,0.0012589,0.001248,99.13416474700134,0.0093,0.0018354,0.001823,99.32439795140023,3.491e-05
65,5.0,Medium,100,80,120,EDTA,10,Sand,0.1,Dry,12,0.00048263,0.0004303,89.15732548743344,0.001622,0.0012589,0.001217,96.67169751370243,0.009152,0.0018354,0.001823,99.32439795140023,3.525e-05
66,5.0,Medium,100,80,120,EDTA,50,Sand,0.1,Dry,12,0.00048263,0.0004215,87.33398255392329,0.001653,0.0012589,0.001092,86.74239415362618,0.008543,0.0018354,0.001822,99.26991391522284,3.666e-05
67,5.0,Medium,100,80,120,EDTA,150,Sand,0.1,Dry,12,0.00048263,0.0003914,81.0973209290761,0.00171,0.0012589,0.0007881,62.60227182460878,0.00687,0.0018354,0.00182,99.16094584286805,4.078e-05
68,5.0,Medium,100,80,120,Citrate,10,Sand,0.1,Dry,12,0.00048263,0.0004257,88.20421440855314,0.001612,0.0012589,0.001206,95.79791881801573,0.009114,0.0018354,0.00182,99.16094584286805,3.535e-05
69,5.0,Medium,100,80,120,Citrate,50,Sand,0.1,Dry,12,0.00048263,0.0003979,82.44410832314611,0.001597,0.0012589,0.001042,82.77067280959567,0.00834,0.0018354,0.001807,98.45265337256184,3.719e-05
70,5.0,Medium,100,80,120,Citrate,150,Sand,0.1,Dry,12,0.00048263,0.0003165,65.57818618817728,0.001487,0.0012589,0.0006624,52.61736436571609,0.00621,0.0018354,0.001756,95.67396752751444,4.232e-05
71,5.0,Medium,100,80,120,None,0,Sand,0.1,Mesic,8,0.00048263,0.0004323,89.57172160868573,0.001614,0.0012589,0.001248,99.13416474700134,0.0093,0.0018354,0.001823,99.32439795140023,3.491e-05
72,5.0,Medium,100,80,120,EDTA,10,Sand,0.1,Mesic,8,0.00048263,0.0004303,89.15732548743344,0.001622,0.0012589,0.001217,96.67169751370243,0.009152,0.0018354,0.001823,99.32439795140023,3.525e-05
73,5.0,Medium,100,80,120,EDTA,50,Sand,0.1,Mesic,8,0.00048263,0.0004215,87.33398255392329,0.001653,0.0012589,0.001091,86.66295972674556,0.008543,0.0018354,0.001822,99.26991391522284,3.666e-05
74,5.0,Medium,100,80,120,EDTA,150,Sand,0.1,Mesic,8,0.00048263,0.0003914,81.0973209290761,0.00171,0.0012589,0.0007881,62.60227182460878,0.00687,0.0018354,0.00182,99.16094584286805,4.078e-05
75,5.0,Medium,100,80,120,Citrate,10,Sand,0.1,Mesic,8,0.00048263,0.0004257,88.20421440855314,0.001612,0.0012589,0.001206,95.79791881801573,0.009114,0.0018354,0.00182,99.16094584286805,3.535e-05
76,5.0,Medium,100,80,120,Citrate,50,Sand,0.1,Mesic,8,0.00048263,0.0003979,82.44410832314611,0.001597,0.0012589,0.001042,82.77067280959567,0.008339,0.0018354,0.001807,98.45265337256184,3.719e-05
77,5.0,Medium,100,80,120,Citrate,150,Sand,0.1,Mesic,8,0.00048263,0.0003164,65.55746638211465,0.001487,0.0012589,0.0006623,52.60942092302804,0.00621,0.0018354,0.001756,95.67396752751444,4.232e-05
78,5.0,Medium,100,80,120,None,0,Sand,0.1,Wet,3,0.00048263,0.0004402,91.20858628763236,0.002276,0.0012589,0.0003968,31.51958058622607,0.004094,0.0018354,0.001826,99.48785005993244,4.841e-05
79,5.0,Medium,100,80,120,EDTA,10,Sand,0.1,Wet,3,0.00048263,0.0004344,90.00683753600066,0.002259,0.0012589,0.0003865,30.701405989355784,0.00401,0.0018354,0.001825,99.43336602375504,4.867e-05
80,5.0,Medium,100,80,120,EDTA,50,Sand,0.1,Wet,3,0.00048263,0.0004103,85.01336427491039,0.002183,0.0012589,0.0003464,27.516085471443326,0.003677,0.0018354,0.001823,99.32439795140023,4.974e-05
81,5.0,Medium,100,80,120,EDTA,150,Sand,0.1,Wet,3,0.00048263,0.000342,70.86173673414417,0.001929,0.0012589,0.0002546,20.22400508380332,0.002866,0.0018354,0.001816,98.94300969815843,5.255e-05
82,5.0,Medium,100,80,120,Citrate,10,Sand,0.1,Wet,3,0.00048263,0.0004253,88.12133518430268,0.002219,0.0012589,0.0003854,30.61402811978711,0.004012,0.0018354,0.001819,99.10646180669063,4.868e-05
83,5.0,Medium,100,80,120,Citrate,50,Sand,0.1,Wet,3,0.00048263,0.0003687,76.39392495286245,0.001995,0.0012589,0.0003406,27.055365795535778,0.003677,0.0018354,0.00179,97.52642475754604,4.967e-05
84,5.0,Medium,100,80,120,Citrate,150,Sand,0.1,Wet,3,0.00048263,0.0002472,51.2193605867849,0.001461,0.0012589,0.0002387,18.96099769640162,0.002815,0.0018354,0.00169,92.07802113980604,5.124e-05
85,5.0,Medium,100,80,120,None,0,Loam,0.5,Dry,12,0.00048263,0.0004323,89.57172160868573,0.008034,0.0012589,0.001248,99.13416474700134,0.04629,0.0018354,0.001823,99.32439795140023,0.0001738
86,5.0,Medium,100,80,120,EDTA,10,Loam,0.5,Dry,12,0.00048263,0.0004303,89.15732548743344,0.008074,0.0012589,0.001217,96.67169751370243,0.04556,0.0018354,0.001823,99.32439795140023,0.0001754
87,5.0,Medium,100,80,120,EDTA,50,Loam,0.5,Dry,12,0.00048263,0.0004215,87.33398255392329,0.008229,0.0012589,0.001092,86.74239415362618,0.04252,0.0018354,0.001822,99.26991391522284,0.0001825
88,5.0,Medium,100,80,120,EDTA,150,Loam,0.5,Dry,12,0.00048263,0.0003914,81.0973209290761,0.008513,0.0012589,0.0007881,62.60227182460878,0.0342,0.0018354,0.00182,99.16094584286805,0.000203
89,5.0,Medium,100,80,120,Citrate,10,Loam,0.5,Dry,12,0.00048263,0.0004257,88.20421440855314,0.008023,0.0012589,0.001206,95.79791881801573,0.04537,0.0018354,0.00182,99.16094584286805,0.0001759
90,5.0,Medium,100,80,120,Citrate,50,Loam,0.5,Dry,12,0.00048263,0.0003979,82.44410832314611,0.007948,0.0012589,0.001042,82.77067280959567,0.04151,0.0018354,0.001807,98.45265337256184,0.0001851
91,5.0,Medium,100,80,120,Citrate,150,Loam,0.5,Dry,12,0.00048263,0.0003165,65.57818618817728,0.007402,0.0012589,0.0006624,52.61736436571609,0.03091,0.0018354,0.001756,95.67396752751444,0.0002107
92,5.0,Medium,100,80,120,None,0,Loam,0.5,Mesic,8,0.00048263,0.0004323,89.57172160868573,0.008034,0.0012589,0.001248,99.13416474700134,0.04629,0.0018354,0.001823,99.32439795140023,0.0001738
93,5.0,Medium,100,80,120,EDTA,10,Loam,0.5,Mesic,8,0.00048263,0.0004303,89.15732548743344,0.008074,0.0012589,0.001217,96.67169751370243,0.04556,0.0018354,0.001823,99.32439795140023,0.0001754
94,5.0,Medium,100,80,120,EDTA,50,Loam,0.5,Mesic,8,0.00048263,0.0004215,87.33398255392329,0.008229,0.0012589,0.001091,86.66295972674556,0.04252,0.0018354,0.001822,99.26991391522284,0.0001825
95,5.0,Medium,100,80,120,EDTA,150,Loam,0.5,Mesic,8,0.00048263,0.0003914,81.0973209290761,0.008513,0.0012589,0.0007881,62.60227182460878,0.03419,0.0018354,0.00182,99.16094584286805,0.000203
96,5.0,Medium,100,80,120,Citrate,10,Loam,0.5,Mesic,8,0.00048263,0.0004257,88.20421440855314,0.008023,0.0012589,0.001206,95.79791881801573,0.04536,0.0018354,0.00182,99.16094584286805,0.000176
97,5.0,Medium,100,80,120,Citrate,50,Loam,0.5,Mesic,8,0.00048263,0.0003979,82.44410832314611,0.007949,0.0012589,0.001042,82.77067280959567,0.04151,0.0018354,0.001807,98.45265337256184,0.0001851
98,5.0,Medium,100,80,120,Citrate,150,Loam,0.5,Mesic,8,0.00048263,0.0003164,65.55746638211465,0.007402,0.0012589,0.0006623,52.60942092302804,0.03091,0.0018354,0.001756,95.67396752751444,0.0002107
99,5.0,Medium,100,80,120,None,0,Loam,0.5,Wet,3,0.00048263,0.0004402,91.20858628763236,0.01133,0.0012589,0.0003968,31.51958058622607,0.02038,0.0018354,0.001826,99.48785005993244,0.000241
100,5.0,Medium,100,80,120,EDTA,10,Loam,0.5,Wet,3,0.00048263,0.0004344,90.00683753600066,0.01125,0.0012589,0.0003865,30.701405989355784,0.01996,0.0018354,0.001825,99.43336602375504,0.0002423
101,5.0,Medium,100,80,120,EDTA,50,Loam,0.5,Wet,3,0.00048263,0.0004103,85.01336427491039,0.01087,0.0012589,0.0003464,27.516085471443326,0.0183,0.0018354,0.001823,99.32439795140023,0.0002476
102,5.0,Medium,100,80,120,EDTA,150,Loam,0.5,Wet,3,0.00048263,0.000342,70.86173673414417,0.009604,0.0012589,0.0002546,20.22400508380332,0.01427,0.0018354,0.001816,98.94300969815843,0.0002616
103,5.0,Medium,100,80,120,Citrate,10,Loam,0.5,Wet,3,0.00048263,0.0004253,88.12133518430268,0.01105,0.0012589,0.0003854,30.61402811978711,0.01997,0.0018354,0.001819,99.10646180669063,0.0002423
104,5.0,Medium,100,80,120,Citrate,50,Loam,0.5,Wet,3,0.00048263,0.0003687,76.39392495286245,0.009931,0.0012589,0.0003406,27.055365795535778,0.01831,0.0018354,0.00179,97.52642475754604,0.0002473
105,5.0,Medium,100,80,120,Citrate,150,Loam,0.5,Wet,3,0.00048263,0.0002472,51.2193605867849,0.007274,0.0012589,0.0002387,18.96099769640162,0.01401,0.0018354,0.00169,92.07802113980604,0.0002551
106,5.0,Medium,100,80,120,None,0,Clay,1.5,Dry,12,0.00048263,0.0004323,89.57172160868573,0.02408,0.0012589,0.001248,99.13416474700134,0.1388,0.0018354,0.001823,99.32439795140023,0.0005209
107,5.0,Medium,100,80,120,EDTA,10,Clay,1.5,Dry,12,0.00048263,0.0004303,89.15732548743344,0.0242,0.0012589,0.001217,96.67169751370243,0.1366,0.0018354,0.001823,99.32439795140023,0.0005259
108,5.0,Medium,100,80,120,EDTA,50,Clay,1.5,Dry,12,0.00048263,0.0004215,87.33398255392329,0.02467,0.0012589,0.001092,86.74239415362618,0.1275,0.0018354,0.001822,99.26991391522284,0.000547
109,5.0,Medium,100,80,120,EDTA,150,Clay,1.5,Dry,12,0.00048263,0.0003914,81.0973209290761,0.02552,0.0012589,0.0007881,62.60227182460878,0.1025,0.0018354,0.00182,99.16094584286805,0.0006085
110,5.0,Medium,100,80,120,Citrate,10,Clay,1.5,Dry,12,0.00048263,0.0004257,88.20421440855314,0.02405,0.0012589,0.001206,95.79791881801573,0.136,0.0018354,0.00182,99.16094584286805,0.0005274
111,5.0,Medium,100,80,120,Citrate,50,Clay,1.5,Dry,12,0.00048263,0.0003979,82.44410832314611,0.02383,0.0012589,0.001042,82.77067280959567,0.1244,0.0018354,0.001807,98.45265337256184,0.0005549
112,5.0,Medium,100,80,120,Citrate,150,Clay,1.5,Dry,12,0.00048263,0.0003165,65.57818618817728,0.02219,0.0012589,0.0006624,52.61736436571609,0.09267,0.0018354,0.001756,95.67396752751444,0.0006315
113,5.0,Medium,100,80,120,None,0,Clay,1.5,Mesic,8,0.00048263,0.0004323,89.57172160868573,0.02408,0.0012589,0.001248,99.13416474700134,0.1388,0.0018354,0.001823,99.32439795140023,0.0005209
114,5.0,Medium,100,80,120,EDTA,10,Clay,1.5,Mesic,8,0.00048263,0.0004303,89.15732548743344,0.0242,0.0012589,0.001217,96.67169751370243,0.1366,0.0018354,0.001823,99.32439795140023,0.0005259
115,5.0,Medium,100,80,120,EDTA,50,Clay,1.5,Mesic,8,0.00048263,0.0004215,87.33398255392329,0.02467,0.0012589,0.001091,86.66295972674556,0.1275,0.0018354,0.001822,99.26991391522284,0.000547
116,5.0,Medium,100,80,120,EDTA,150,Clay,1.5,Mesic,8,0.00048263,0.0003914,81.0973209290761,0.02552,0.0012589,0.0007881,62.60227182460878,0.1025,0.0018354,0.00182,99.16094584286805,0.0006085
117,5.0,Medium,100,80,120,Citrate,10,Clay,1.5,Mesic,8,0.00048263,0.0004257,88.20421440855314,0.02405,0.0012589,0.001206,95.79791881801573,0.136,0.0018354,0.00182,99.16094584286805,0.0005275
118,5.0,Medium,100,80,120,Citrate,50,Clay,1.5,Mesic,8,0.00048263,0.0003979,82.44410832314611,0.02383,0.0012589,0.001042,82.77067280959567,0.1244,0.0018354,0.001807,98.45265337256184,0.0005549
119,5.0,Medium,100,80,120,Citrate,150,Clay,1.5,Mesic,8,0.00048263,0.0003164,65.55746638211465,0.02219,0.0012589,0.0006623,52.60942092302804,0.09267,0.0018354,0.001756,95.67396752751444,0.0006315
120,5.0,Medium,100,80,120,None,0,Clay,1.5,Wet,3,0.00048263,0.0004402,91.20858628763236,0.03396,0.0012589,0.0003968,31.51958058622607,0.06109,0.0018354,0.001826,99.48785005993244,0.0007224
121,5.0,Medium,100,80,120,EDTA,10,Clay,1.5,Wet,3,0.00048263,0.0004344,90.00683753600066,0.03371,0.0012589,0.0003865,30.701405989355784,0.05984,0.0018354,0.001825,99.43336602375504,0.0007263
122,5.0,Medium,100,80,120,EDTA,50,Clay,1.5,Wet,3,0.00048263,0.0004103,85.01336427491039,0.03257,0.0012589,0.0003464,27.516085471443326,0.05487,0.0018354,0.001823,99.32439795140023,0.0007423
123,5.0,Medium,100,80,120,EDTA,150,Clay,1.5,Wet,3,0.00048263,0.000342,70.86173673414417,0.02879,0.0012589,0.0002546,20.22400508380332,0.04276,0.0018354,0.001816,98.94300969815843,0.0007841
124,5.0,Medium,100,80,120,Citrate,10,Clay,1.5,Wet,3,0.00048263,0.0004253,88.12133518430268,0.03312,0.0012589,0.0003854,30.61402811978711,0.05987,0.0018354,0.001819,99.10646180669063,0.0007264
125,5.0,Medium,100,80,120,Citrate,50,Clay,1.5,Wet,3,0.00048263,0.0003687,76.39392495286245,0.02977,0.0012589,0.0003406,27.055365795535778,0.05488,0.0018354,0.00179,97.52642475754604,0.0007413
126,5.0,Medium,100,80,120,Citrate,150,Clay,1.5,Wet,3,0.00048263,0.0002472,51.2193605867849,0.02181,0.0012589,0.0002387,18.96099769640162,0.04201,0.0018354,0.00169,92.07802113980604,0.0007647
127,5.0,High,300,250,400,None,0,Sand,0.1,Dry,12,0.0014479,0.001318,91.0283859382554,0.002541,0.0039339,0.003905,99.26536007524341,0.01503,0.0061181,0.006088,99.50801719488076,6.022e-05
128,5.0,High,300,250,400,EDTA,10,Sand,0.1,Dry,12,0.0014479,0.001316,90.89025485185441,0.002548,0.0039339,0.003873,98.45191794402503,0.01497,0.0061181,0.006088,99.50801719488076,6.047e-05
129,5.0,High,300,250,400,EDTA,50,Sand,0.1,Dry,12,0.0014479,0.001308,90.33773050625042,0.002576,0.0039339,0.003747,95.24898955235264,0.01473,0.0061181,0.006088,99.50801719488076,6.15e-05
130,5.0,High,300,250,400,EDTA,150,Sand,0.1,Dry,12,0.0014479,0.001286,88.8182885558395,0.002647,0.0039339,0.003434,87.29250870637281,0.01411,0.0061181,0.006087,99.49167225118912,6.426e-05
131,5.0,High,300,250,400,Citrate,10,Sand,0.1,Dry,12,0.0014479,0.001311,90.54492713585192,0.002544,0.0039339,0.003863,98.19771727801928,0.01496,0.0061181,0.006085,99.45898236380577,6.056e-05
132,5.0,High,300,250,400,Citrate,50,Sand,0.1,Dry,12,0.0014479,0.001285,88.74922301263899,0.002557,0.0039339,0.003694,93.90172602252218,0.01466,0.0061181,0.006073,99.26284303950574,6.196e-05
133,5.0,High,300,250,400,Citrate,150,Sand,0.1,Dry,12,0.0014479,0.00122,84.25996270460668,0.002591,0.0039339,0.003275,83.25071811688147,0.01388,0.0061181,0.006039,98.70711495398899,6.58e-05
134,5.0,High,300,250,400,None,0,Sand,0.1,Mesic,8,0.0014479,0.001318,91.0283859382554,0.002541,0.0039339,0.003905,99.26536007524341,0.01503,0.0061181,0.006088,99.50801719488076,6.022e-05
135,5.0,High,300,250,400,EDTA,10,Sand,0.1,Mesic,8,0.0014479,0.001316,90.89025485185441,0.002548,0.0039339,0.003873,98.45191794402503,0.01497,0.0061181,0.006088,99.50801719488076,6.047e-05
136,5.0,High,300,250,400,EDTA,50,Sand,0.1,Mesic,8,0.0014479,0.001308,90.33773050625042,0.002576,0.0039339,0.003747,95.24898955235264,0.01473,0.0061181,0.006088,99.50801719488076,6.15e-05
137,5.0,High,300,250,400,EDTA,150,Sand,0.1,Mesic,8,0.0014479,0.001286,88.8182885558395,0.002647,0.0039339,0.003434,87.29250870637281,0.01411,0.0061181,0.006087,99.49167225118912,6.426e-05
138,5.0,High,300,250,400,Citrate,10,Sand,0.1,Mesic,8,0.0014479,0.001311,90.54492713585192,0.002544,0.0039339,0.003863,98.19771727801928,0.01496,0.0061181,0.006085,99.45898236380577,6.056e-05
139,5.0,High,300,250,400,Citrate,50,Sand,0.1,Mesic,8,0.0014479,0.001285,88.74922301263899,0.002557,0.0039339,0.003694,93.90172602252218,0.01466,0.0061181,0.006073,99.26284303950574,6.196e-05
140,5.0,High,300,250,400,Citrate,150,Sand,0.1,Mesic,8,0.0014479,0.00122,84.25996270460668,0.002591,0.0039339,0.003275,83.25071811688147,0.01388,0.0061181,0.006039,98.70711495398899,6.58e-05
141,5.0,High,300,250,400,None,0,Sand,0.1,Wet,3,0.0014479,0.001363,94.13633538227778,0.003729,0.0039339,0.001796,45.6544396146318,0.009804,0.0061181,0.006103,99.7531913502558,8.566e-05
142,5.0,High,300,250,400,EDTA,10,Sand,0.1,Wet,3,0.0014479,0.001358,93.79100766627529,0.003731,0.0039339,0.001779,45.222298482422026,0.009749,0.0061181,0.006103,99.7531913502558,8.597e-05
143,5.0,High,300,250,400,EDTA,50,Sand,0.1,Wet,3,0.0014479,0.00134,92.54782788866635,0.003737,0.0039339,0.001713,43.54457408678411,0.009527,0.0061181,0.006101,99.72050146287246,8.724e-05
144,5.0,High,300,250,400,EDTA,150,Sand,0.1,Wet,3,0.0014479,0.001292,89.23268181504247,0.003742,0.0039339,0.001551,39.426523297491045,0.008964,0.0061181,0.006098,99.67146663179747,9.057e-05
145,5.0,High,300,250,400,Citrate,10,Sand,0.1,Wet,3,0.0014479,0.00135,93.23848332067132,0.003716,0.0039339,0.001775,45.12061821601973,0.009748,0.0061181,0.006098,99.67146663179747,8.605e-05
146,5.0,High,300,250,400,Citrate,50,Sand,0.1,Wet,3,0.0014479,0.001302,89.92333724704744,0.003663,0.0039339,0.001695,43.08701288797377,0.009519,0.0061181,0.006075,99.29553292688907,8.768e-05
147,5.0,High,300,250,400,Citrate,150,Sand,0.1,Wet,3,0.0014479,0.001184,81.77360314938876,0.003528,0.0039339,0.0015,38.130099900861744,0.008917,0.0061181,0.006014,98.29849136169727,9.192e-05
148,5.0,High,300,250,400,None,0,Loam,0.5,Dry,12,0.0014479,0.001318,91.0283859382554,0.01263,0.0039339,0.003905,99.26536007524341,0.07468,0.0061181,0.006088,99.50801719488076,0.0002993
149,5.0,High,300,250,400,EDTA,10,Loam,0.5,Dry,12,0.0014479,0.001316,90.89025485185441,0.01266,0.0039339,0.003873,98.45191794402503,0.07438,0.0061181,0.006088,99.50801719488076,0.0003005
150,5.0,High,300,250,400,EDTA,50,Loam,0.5,Dry,12,0.0014479,0.001308,90.33773050625042,0.0128,0.0039339,0.003747,95.24898955235264,0.0732,0.0061181,0.006088,99.50801719488076,0.0003057
151,5.0,High,300,250,400,EDTA,150,Loam,0.5,Dry,12,0.0014479,0.001286,88.8182885558395,0.01315,0.0039339,0.003434,87.29250870637281,0.0701,0.0061181,0.006087,99.49167225118912,0.0003194
152,5.0,High,300,250,400,Citrate,10,Loam,0.5,Dry,12,0.0014479,0.001311,90.54492713585192,0.01264,0.0039339,0.003863,98.19771727801928,0.07432,0.0061181,0.006085,99.45898236380577,0.000301
153,5.0,High,300,250,400,Citrate,50,Loam,0.5,Dry,12,0.0014479,0.001285,88.74922301263899,0.01271,0.0039339,0.003694,93.90172602252218,0.07287,0.0061181,0.006073,99.26284303950574,0.0003079
154,5.0,High,300,250,400,Citrate,150,Loam,0.5,Dry,12,0.0014479,0.00122,84.25996270460668,0.01288,0.0039339,0.003275,83.25071811688147,0.06899,0.0061181,0.006039,98.70711495398899,0.000327
155,5.0,High,300,250,400,None,0,Loam,0.5,Mesic,8,0.0014479,0.001318,91.0283859382554,0.01263,0.0039339,0.003905,99.26536007524341,0.07468,0.0061181,0.006088,99.50801719488076,0.0002993
156,5.0,High,300,250,400,EDTA,10,Loam,0.5,Mesic,8,0.0014479,0.001316,90.89025485185441,0.01266,0.0039339,0.003873,98.45191794402503,0.07438,0.0061181,0.006088,99.50801719488076,0.0003005
157,5.0,High,300,250,400,EDTA,50,Loam,0.5,Mesic,8,0.0014479,0.001308,90.33773050625042,0.0128,0.0039339,0.003747,95.24898955235264,0.0732,0.0061181,0.006088,99.50801719488076,0.0003057
158,5.0,High,300,250,400,EDTA,150,Loam,0.5,Mesic,8,0.0014479,0.001286,88.8182885558395,0.01315,0.0039339,0.003434,87.29250870637281,0.0701,0.0061181,0.006087,99.49167225118912,0.0003194
159,5.0,High,300,250,400,Citrate,10,Loam,0.5,Mesic,8,0.0014479,0.001311,90.54492713585192,0.01264,0.0039339,0.003863,98.19771727801928,0.07432,0.0061181,0.006085,99.45898236380577,0.000301
160,5.0,High,300,250,400,Citrate,50,Loam,0.5,Mesic,8,0.0014479,0.001285,88.74922301263899,0.01271,0.0039339,0.003694,93.90172602252218,0.07287,0.0061181,0.006073,99.26284303950574,0.0003079
161,5.0,High,300,250,400,Citrate,150,Loam,0.5,Mesic,8,0.0014479,0.00122,84.25996270460668,0.01288,0.0039339,0.003275,83.25071811688147,0.06899,0.0061181,0.006039,98.70711495398899,0.000327
162,5.0,High,300,250,400,None,0,Loam,0.5,Wet,3,0.0014479,0.001363,94.13633538227778,0.01854,0.0039339,0.001796,45.6544396146318,0.04874,0.0061181,0.006103,99.7531913502558,0.0004258
163,5.0,High,300,250,400,EDTA,10,Loam,0.5,Wet,3,0.0014479,0.001358,93.79100766627529,0.01855,0.0039339,0.001779,45.222298482422026,0.04847,0.0061181,0.006103,99.7531913502558,0.0004274
164,5.0,High,300,250,400,EDTA,50,Loam,0.5,Wet,3,0.0014479,0.00134,92.54782788866635,0.01858,0.0039339,0.001713,43.54457408678411,0.04736,0.0061181,0.006101,99.72050146287246,0.0004337
165,5.0,High,300,250,400,EDTA,150,Loam,0.5,Wet,3,0.0014479,0.001292,89.23268181504247,0.0186,0.0039339,0.001551,39.426523297491045,0.04456,0.0061181,0.006098,99.67146663179747,0.0004502
166,5.0,High,300,250,400,Citrate,10,Loam,0.5,Wet,3,0.0014479,0.00135,93.23848332067132,0.01847,0.0039339,0.001775,45.12061821601973,0.04846,0.0061181,0.006098,99.67146663179747,0.0004278
167,5.0,High,300,250,400,Citrate,50,Loam,0.5,Wet,3,0.0014479,0.001302,89.92333724704744,0.01821,0.0039339,0.001695,43.08701288797377,0.04732,0.0061181,0.006075,99.29553292688907,0.0004359
168,5.0,High,300,250,400,Citrate,150,Loam,0.5,Wet,3,0.0014479,0.001184,81.77360314938876,0.01754,0.0039339,0.0015,38.130099900861744,0.04433,0.0061181,0.006014,98.29849136169727,0.000457
169,5.0,High,300,250,400,None,0,Clay,1.5,Dry,12,0.0014479,0.001318,91.0283859382554,0.03785,0.0039339,0.003905,99.26536007524341,0.2238,0.0061181,0.006088,99.50801719488076,0.0008969
170,5.0,High,300,250,400,EDTA,10,Clay,1.5,Dry,12,0.0014479,0.001316,90.89025485185441,0.03795,0.0039339,0.003873,98.45191794402503,0.2229,0.0061181,0.006088,99.50801719488076,0.0009006
171,5.0,High,300,250,400,EDTA,50,Clay,1.5,Dry,12,0.0014479,0.001308,90.33773050625042,0.03837,0.0039339,0.003747,95.24898955235264,0.2194,0.0061181,0.006088,99.50801719488076,0.000916
172,5.0,High,300,250,400,EDTA,150,Clay,1.5,Dry,12,0.0014479,0.001286,88.8182885558395,0.03942,0.0039339,0.003434,87.29250870637281,0.2101,0.0061181,0.006087,99.49167225118912,0.0009571
173,5.0,High,300,250,400,Citrate,10,Clay,1.5,Dry,12,0.0014479,0.001311,90.54492713585192,0.03789,0.0039339,0.003863,98.19771727801928,0.2227,0.0061181,0.006085,99.45898236380577,0.0009019
174,5.0,High,300,250,400,Citrate,50,Clay,1.5,Dry,12,0.0014479,0.001285,88.74922301263899,0.03808,0.0039339,0.003694,93.90172602252218,0.2184,0.0061181,0.006073,99.26284303950574,0.0009229
175,5.0,High,300,250,400,Citrate,150,Clay,1.5,Dry,12,0.0014479,0.00122,84.25996270460668,0.0386,0.0039339,0.003275,83.25071811688147,0.2068,0.0061181,0.006039,98.70711495398899,0.0009801
176,5.0,High,300,250,400,None,0,Clay,1.5,Mesic,8,0.0014479,0.001318,91.0283859382554,0.03785,0.0039339,0.003905,99.26536007524341,0.2238,0.0061181,0.006088,99.50801719488076,0.0008969
177,5.0,High,300,250,400,EDTA,10,Clay,1.5,Mesic,8,0.0014479,0.001316,90.89025485185441,0.03795,0.0039339,0.003873,98.45191794402503,0.2229,0.0061181,0.006088,99.50801719488076,0.0009006
178,5.0,High,300,250,400,EDTA,50,Clay,1.5,Mesic,8,0.0014479,0.001308,90.33773050625042,0.03837,0.0039339,0.003747,95.24898955235264,0.2194,0.0061181,0.006088,99.50801719488076,0.000916
179,5.0,High,300,250,400,EDTA,150,Clay,1.5,Mesic,8,0.0014479,0.001286,88.8182885558395,0.03942,0.0039339,0.003434,87.29250870637281,0.2101,0.0061181,0.006087,99.49167225118912,0.0009571
180,5.0,High,300,250,400,Citrate,10,Clay,1.5,Mesic,8,0.0014479,0.001311,90.54492713585192,0.03789,0.0039339,0.003863,98.19771727801928,0.2227,0.0061181,0.006085,99.45898236380577,0.000902
181,5.0,High,300,250,400,Citrate,50,Clay,1.5,Mesic,8,0.0014479,0.001285,88.74922301263899,0.03808,0.0039339,0.003694,93.90172602252218,0.2184,0.0061181,0.006073,99.26284303950574,0.0009229
182,5.0,High,300,250,400,Citrate,150,Clay,1.5,Mesic,8,0.0014479,0.00122,84.25996270460668,0.0386,0.0039339,0.003275,83.25071811688147,0.2068,0.0061181,0.006039,98.70711495398899,0.0009801
183,5.0,High,300,250,400,None,0,Clay,1.5,Wet,3,0.0014479,0.001363,94.13633538227778,0.05556,0.0039339,0.001796,45.6544396146318,0.1461,0.0061181,0.006103,99.7531913502558,0.001276
184,5.0,High,300,250,400,EDTA,10,Clay,1.5,Wet,3,0.0014479,0.001358,93.79100766627529,0.05558,0.0039339,0.001779,45.222298482422026,0.1453,0.0061181,0.006103,99.7531913502558,0.001281
185,5.0,High,300,250,400,EDTA,50,Clay,1.5,Wet,3,0.0014479,0.00134,92.54782788866635,0.05567,0.0039339,0.001713,43.54457408678411,0.1419,0.0061181,0.006101,99.72050146287246,0.0013
186,5.0,High,300,250,400,EDTA,150,Clay,1.5,Wet,3,0.0014479,0.001292,89.23268181504247,0.05576,0.0039339,0.001551,39.426523297491045,0.1336,0.0061181,0.006098,99.67146663179747,0.001349
187,5.0,High,300,250,400,Citrate,10,Clay,1.5,Wet,3,0.0014479,0.00135,93.23848332067132,0.05536,0.0039339,0.001775,45.12061821601973,0.1452,0.0061181,0.006098,99.67146663179747,0.001282
188,5.0,High,300,250,400,Citrate,50,Clay,1.5,Wet,3,0.0014479,0.001302,89.92333724704744,0.05458,0.0039339,0.001695,43.08701288797377,0.1418,0.0061181,0.006075,99.29553292688907,0.001306
189,5.0,High,300,250,400,Citrate,150,Clay,1.5,Wet,3,0.0014479,0.001184,81.77360314938876,0.05257,0.0039339,0.0015,38.130099900861744,0.1329,0.0061181,0.006014,98.29849136169727,0.00137
190,5.5,Low,25,20,30,None,0,Sand,0.1,Dry,12,0.00012066,0.0001026,85.03232222774739,0.002508,0.00031471,0.0003071,97.58190079755965,0.01498,0.00045886,0.0004545,99.04981911694199,5.699e-05
191,5.5,Low,25,20,30,EDTA,10,Sand,0.1,Dry,12,0.00012066,0.0001006,83.37477208685563,0.002597,0.00031471,0.0002761,87.73156239077245,0.01422,0.00045886,0.0004543,99.00623283790262,6.015e-05
192,5.5,Low,25,20,30,EDTA,50,Sand,0.1,Dry,12,0.00012066,8.814e-05,73.04823470909996,0.002943,0.00031471,0.0001581,50.23672587461472,0.01053,0.00045886,0.0004531,98.74471516366647,7.758e-05
193,5.5,Low,25,20,30,EDTA,150,Sand,0.1,Dry,12,0.00012066,7.191e-06,5.9597215315763306,0.0005279,0.00031471,3.959e-06,1.257983540402275,0.0005799,0.00045886,0.0003649,79.52316610730942,0.0001374
194,5.5,Low,25,20,30,Citrate,10,Sand,0.1,Dry,12,0.00012066,9.621e-05,79.73644952759821,0.002538,0.00031471,0.0002665,84.68113501318675,0.01403,0.00045886,0.0004514,98.37423179183193,6.106e-05
195,5.5,Low,25,20,30,Citrate,50,Sand,0.1,Dry,12,0.00012066,6.396e-05,53.008453505718556,0.002406,0.00031471,0.0001267,40.259286327094784,0.009514,0.00045886,0.0004276,93.18746458614827,8.25e-05
196,5.5,Low,25,20,30,Citrate,150,Sand,0.1,Dry,12,0.00012066,8.228e-06,6.819161279628709,0.0005851,0.00031471,1.077e-05,3.4221982142289726,0.001529,0.00045886,0.000207,45.11179880573595,7.55e-05
197,5.5,Low,25,20,30,None,0,Sand,0.1,Mesic,8,0.00012066,0.0001026,85.03232222774739,0.002508,0.00031471,0.0003071,97.58190079755965,0.01498,0.00045886,0.0004545,99.04981911694199,5.7e-05
198,5.5,Low,25,20,30,EDTA,10,Sand,0.1,Mesic,8,0.00012066,0.0001006,83.37477208685563,0.002597,0.00031471,0.0002761,87.73156239077245,0.01422,0.00045886,0.0004543,99.00623283790262,6.015e-05
199,5.5,Low,25,20,30,EDTA,50,Sand,0.1,Mesic,8,0.00012066,8.814e-05,73.04823470909996,0.002943,0.00031471,0.0001581,50.23672587461472,0.01053,0.00045886,0.0004531,98.74471516366647,7.758e-05
200,5.5,Low,25,20,30,EDTA,150,Sand,0.1,Mesic,8,0.00012066,7.191e-06,5.9597215315763306,0.0005279,0.00031471,3.959e-06,1.257983540402275,0.0005799,0.00045886,0.0003649,79.52316610730942,0.0001374
201,5.5,Low,25,20,30,Citrate,10,Sand,0.1,Mesic,8,0.00012066,9.621e-05,79.73644952759821,0.002538,0.00031471,0.0002665,84.68113501318675,0.01403,0.00045886,0.0004514,98.37423179183193,6.106e-05
202,5.5,Low,25,20,30,Citrate,50,Sand,0.1,Mesic,8,0.00012066,6.396e-05,53.008453505718556,0.002406,0.00031471,0.0001267,40.259286327094784,0.009514,0.00045886,0.0004276,93.18746458614827,8.25e-05
203,5.5,Low,25,20,30,Citrate,150,Sand,0.1,Mesic,8,0.00012066,8.228e-06,6.819161279628709,0.0005851,0.00031471,1.077e-05,3.4221982142289726,0.001529,0.00045886,0.000207,45.11179880573595,7.55e-05
204,5.5,Low,25,20,30,None,0,Sand,0.1,Wet,3,0.00012066,0.000103,85.36383225592574,0.004246,0.00031471,7.805e-05,24.800610085475515,0.006417,0.00045886,0.0004546,99.07161225646166,9.607e-05
205,5.5,Low,25,20,30,EDTA,10,Sand,0.1,Wet,3,0.00012066,9.687e-05,80.2834410740925,0.004125,0.00031471,7.111e-05,22.595405293762514,0.006042,0.00045886,0.0004541,98.96264655886327,9.917e-05
206,5.5,Low,25,20,30,EDTA,50,Sand,0.1,Wet,3,0.00012066,6.948e-05,57.583291894579816,0.003431,0.00031471,4.516e-05,14.349718788726129,0.00445,0.00045886,0.0004506,98.19988667567449,0.0001141
207,5.5,Low,25,20,30,EDTA,150,Sand,0.1,Wet,3,0.00012066,6.394e-06,5.299187800430963,0.0004732,0.00031471,3.374e-06,1.0720981220806456,0.0004982,0.00045886,0.0003556,77.49640413197926,0.0001349
208,5.5,Low,25,20,30,Citrate,10,Sand,0.1,Wet,3,0.00012066,8.876e-05,73.5620752527764,0.003839,0.00031471,7.093e-05,22.53820978043278,0.006121,0.00045886,0.0004472,97.4589199320054,9.919e-05
209,5.5,Low,25,20,30,Citrate,50,Sand,0.1,Wet,3,0.00012066,4.594e-05,38.07392673628377,0.002413,0.00031471,4.412e-05,14.019255822821009,0.004623,0.00045886,0.0004027,87.76097284574816,0.0001085
210,5.5,Low,25,20,30,Citrate,150,Sand,0.1,Wet,3,0.00012066,7.439e-06,6.1652577490469085,0.0005387,0.00031471,8.822e-06,2.8032156588605384,0.001275,0.00045886,0.0001948,42.45303578433509,7.234e-05
211,5.5,Low,25,20,30,None,0,Loam,0.5,Dry,12,0.00012066,0.0001026,85.03232222774739,0.01251,0.00031471,0.0003071,97.58190079755965,0.07476,0.00045886,0.0004545,99.04981911694199,0.0002844
212,5.5,Low,25,20,30,EDTA,10,Loam,0.5,Dry,12,0.00012066,0.0001006,83.37477208685563,0.01296,0.00031471,0.0002761,87.73156239077245,0.07097,0.00045886,0.0004543,99.00623283790262,0.0003001
213,5.5,Low,25,20,30,EDTA,50,Loam,0.5,Dry,12,0.00012066,8.814e-05,73.04823470909996,0.01468,0.00031471,0.0001581,50.23672587461472,0.05255,0.00045886,0.0004531,98.74471516366647,0.0003871
214,5.5,Low,25,20,30,EDTA,150,Loam,0.5,Dry,12,0.00012066,7.191e-06,5.9597215315763306,0.002633,0.00031471,3.959e-06,1.257983540402275,0.002893,0.00045886,0.0003649,79.52316610730942,0.0006854
215,5.5,Low,25,20,30,Citrate,10,Loam,0.5,Dry,12,0.00012066,9.621e-05,79.73644952759821,0.01266,0.00031471,0.0002665,84.68113501318675,0.07,0.00045886,0.0004514,98.37423179183193,0.0003047
216,5.5,Low,25,20,30,Citrate,50,Loam,0.5,Dry,12,0.00012066,6.396e-05,53.008453505718556,0.01201,0.00031471,0.0001267,40.259286327094784,0.04748,0.00045886,0.0004276,93.18746458614827,0.0004117
217,5.5,Low,25,20,30,Citrate,150,Loam,0.5,Dry,12,0.00012066,8.228e-06,6.819161279628709,0.002919,0.00031471,1.077e-05,3.4221982142289726,0.007628,0.00045886,0.000207,45.11179880573595,0.0003767
218,5.5,Low,25,20,30,None,0,Loam,0.5,Mesic,8,0.00012066,0.0001026,85.03232222774739,0.01251,0.00031471,0.0003071,97.58190079755965,0.07476,0.00045886,0.0004545,99.04981911694199,0.0002844
219,5.5,Low,25,20,30,EDTA,10,Loam,0.5,Mesic,8,0.00012066,0.0001006,83.37477208685563,0.01296,0.00031471,0.0002761,87.73156239077245,0.07097,0.00045886,0.0004543,99.00623283790262,0.0003001
220,5.5,Low,25,20,30,EDTA,50,Loam,0.5,Mesic,8,0.00012066,8.814e-05,73.04823470909996,0.01468,0.00031471,0.0001581,50.23672587461472,0.05254,0.00045886,0.0004531,98.74471516366647,0.0003871
221,5.5,Low,25,20,30,EDTA,150,Loam,0.5,Mesic,8,0.00012066,7.191e-06,5.9597215315763306,0.002633,0.00031471,3.959e-06,1.257983540402275,0.002893,0.00045886,0.0003649,79.52316610730942,0.0006854
222,5.5,Low,25,20,30,Citrate,10,Loam,0.5,Mesic,8,0.00012066,9.621e-05,79.73644952759821,0.01266,0.00031471,0.0002665,84.68113501318675,0.07,0.00045886,0.0004514,98.37423179183193,0.0003047
223,5.5,Low,25,20,30,Citrate,50,Loam,0.5,Mesic,8,0.00012066,6.396e-05,53.008453505718556,0.01201,0.00031471,0.0001267,40.259286327094784,0.04748,0.00045886,0.0004276,93.18746458614827,0.0004117
224,5.5,Low,25,20,30,Citrate,150,Loam,0.5,Mesic,8,0.00012066,8.228e-06,6.819161279628709,0.002919,0.00031471,1.077e-05,3.4221982142289726,0.007628,0.00045886,0.000207,45.11179880573595,0.0003767
225,5.5,Low,25,20,30,None,0,Loam,0.5,Wet,3,0.00012066,0.000103,85.36383225592574,0.02119,0.00031471,7.805e-05,24.800610085475515,0.03202,0.00045886,0.0004546,99.07161225646166,0.0004794
226,5.5,Low,25,20,30,EDTA,10,Loam,0.5,Wet,3,0.00012066,9.687e-05,80.2834410740925,0.02059,0.00031471,7.111e-05,22.595405293762514,0.03015,0.00045886,0.0004541,98.96264655886327,0.0004949
227,5.5,Low,25,20,30,EDTA,50,Loam,0.5,Wet,3,0.00012066,6.948e-05,57.583291894579816,0.01712,0.00031471,4.516e-05,14.349718788726129,0.0222,0.00045886,0.0004506,98.19988667567449,0.0005694
228,5.5,Low,25,20,30,EDTA,150,Loam,0.5,Wet,3,0.00012066,6.394e-06,5.299187800430963,0.002361,0.00031471,3.374e-06,1.0720981220806456,0.002486,0.00045886,0.0003556,77.49640413197926,0.0006732
229,5.5,Low,25,20,30,Citrate,10,Loam,0.5,Wet,3,0.00012066,8.876e-05,73.5620752527764,0.01916,0.00031471,7.093e-05,22.53820978043278,0.03054,0.00045886,0.0004472,97.4589199320054,0.000495
230,5.5,Low,25,20,30,Citrate,50,Loam,0.5,Wet,3,0.00012066,4.594e-05,38.07392673628377,0.01204,0.00031471,4.412e-05,14.019255822821009,0.02307,0.00045886,0.0004027,87.76097284574816,0.0005412
231,5.5,Low,25,20,30,Citrate,150,Loam,0.5,Wet,3,0.00012066,7.439e-06,6.1652577490469085,0.002688,0.00031471,8.822e-06,2.8032156588605384,0.00636,0.00045886,0.0001948,42.45303578433509,0.0003609
232,5.5,Low,25,20,30,None,0,Clay,1.5,Dry,12,0.00012066,0.0001026,85.03232222774739,0.03753,0.00031471,0.0003071,97.58190079755965,0.2242,0.00045886,0.0004545,99.04981911694199,0.000853
233,5.5,Low,25,20,30,EDTA,10,Clay,1.5,Dry,12,0.00012066,0.0001006,83.37477208685563,0.03886,0.00031471,0.0002761,87.73156239077245,0.2128,0.00045886,0.0004543,99.00623283790262,0.0009001
234,5.5,Low,25,20,30,EDTA,50,Clay,1.5,Dry,12,0.00012066,8.814e-05,73.04823470909996,0.04404,0.00031471,0.0001581,50.23672587461472,0.1576,0.00045886,0.0004531,98.74471516366647,0.001161
235,5.5,Low,25,20,30,EDTA,150,Clay,1.5,Dry,12,0.00012066,7.191e-06,5.9597215315763306,0.007897,0.00031471,3.959e-06,1.257983540402275,0.008675,0.00045886,0.0003649,79.52316610730942,0.002056
236,5.5,Low,25,20,30,Citrate,10,Clay,1.5,Dry,12,0.00012066,9.621e-05,79.73644952759821,0.03798,0.00031471,0.0002665,84.68113501318675,0.2099,0.00045886,0.0004514,98.37423179183193,0.0009138
237,5.5,Low,25,20,30,Citrate,50,Clay,1.5,Dry,12,0.00012066,6.396e-05,53.008453505718556,0.03601,0.00031471,0.0001267,40.259286327094784,0.1424,0.00045886,0.0004276,93.18746458614827,0.001235
238,5.5,Low,25,20,30,Citrate,150,Clay,1.5,Dry,12,0.00012066,8.228e-06,6.819161279628709,0.008755,0.00031471,1.077e-05,3.4221982142289726,0.02288,0.00045886,0.000207,45.11179880573595,0.00113
239,5.5,Low,25,20,30,None,0,Clay,1.5,Mesic,8,0.00012066,0.0001026,85.03232222774739,0.03753,0.00031471,0.0003071,97.58190079755965,0.2242,0.00045886,0.0004545,99.04981911694199,0.000853
240,5.5,Low,25,20,30,EDTA,10,Clay,1.5,Mesic,8,0.00012066,0.0001006,83.37477208685563,0.03886,0.00031471,0.0002761,87.73156239077245,0.2128,0.00045886,0.0004543,99.00623283790262,0.0009001
241,5.5,Low,25,20,30,EDTA,50,Clay,1.5,Mesic,8,0.00012066,8.814e-05,73.04823470909996,0.04404,0.00031471,0.0001581,50.23672587461472,0.1576,0.00045886,0.0004531,98.74471516366647,0.001161
242,5.5,Low,25,20,30,EDTA,150,Clay,1.5,Mesic,8,0.00012066,7.191e-06,5.9597215315763306,0.007897,0.00031471,3.959e-06,1.257983540402275,0.008675,0.00045886,0.0003649,79.52316610730942,0.002056
243,5.5,Low,25,20,30,Citrate,10,Clay,1.5,Mesic,8,0.00012066,9.621e-05,79.73644952759821,0.03798,0.00031471,0.0002665,84.68113501318675,0.2099,0.00045886,0.0004514,98.37423179183193,0.0009138
244,5.5,Low,25,20,30,Citrate,50,Clay,1.5,Mesic,8,0.00012066,6.396e-05,53.008453505718556,0.03601,0.00031471,0.0001267,40.259286327094784,0.1424,0.00045886,0.0004276,93.18746458614827,0.001235
245,5.5,Low,25,20,30,Citrate,150,Clay,1.5,Mesic,8,0.00012066,8.228e-06,6.819161279628709,0.008755,0.00031471,1.077e-05,3.4221982142289726,0.02288,0.00045886,0.000207,45.11179880573595,0.00113
246,5.5,Low,25,20,30,None,0,Clay,1.5,Wet,3,0.00012066,0.000103,85.36383225592574,0.06354,0.00031471,7.805e-05,24.800610085475515,0.09602,0.00045886,0.0004546,99.07161225646166,0.001438
247,5.5,Low,25,20,30,EDTA,10,Clay,1.5,Wet,3,0.00012066,9.687e-05,80.2834410740925,0.06174,0.00031471,7.111e-05,22.595405293762514,0.09042,0.00045886,0.0004541,98.96264655886327,0.001484
248,5.5,Low,25,20,30,EDTA,50,Clay,1.5,Wet,3,0.00012066,6.948e-05,57.583291894579816,0.05134,0.00031471,4.516e-05,14.349718788726129,0.06659,0.00045886,0.0004506,98.19988667567449,0.001708
249,5.5,Low,25,20,30,EDTA,150,Clay,1.5,Wet,3,0.00012066,6.394e-06,5.299187800430963,0.007079,0.00031471,3.374e-06,1.0720981220806456,0.007454,0.00045886,0.0003556,77.49640413197926,0.002019
250,5.5,Low,25,20,30,Citrate,10,Clay,1.5,Wet,3,0.00012066,8.876e-05,73.5620752527764,0.05745,0.00031471,7.093e-05,22.53820978043278,0.0916,0.00045886,0.0004472,97.4589199320054,0.001484
251,5.5,Low,25,20,30,Citrate,50,Clay,1.5,Wet,3,0.00012066,4.594e-05,38.07392673628377,0.0361,0.00031471,4.412e-05,14.019255822821009,0.06918,0.00045886,0.0004027,87.76097284574816,0.001623
252,5.5,Low,25,20,30,Citrate,150,Clay,1.5,Wet,3,0.00012066,7.439e-06,6.1652577490469085,0.008061,0.00031471,8.822e-06,2.8032156588605384,0.01907,0.00045886,0.0001948,42.45303578433509,0.001082
253,5.5,Medium,100,80,120,None,0,Sand,0.1,Dry,12,0.00048263,0.0004154,86.07007438410376,0.0039,0.0012589,0.001227,97.46604178250854,0.02299,0.0018354,0.00182,99.16094584286805,8.762e-05
254,5.5,Medium,100,80,120,EDTA,10,Sand,0.1,Dry,12,0.00048263,0.0004135,85.67639806891408,0.003947,0.0012589,0.001196,95.00357454920962,0.02279,0.0018354,0.00182,99.16094584286805,8.908e-05
255,5.5,Medium,100,80,120,EDTA,50,Sand,0.1,Dry,12,0.00048263,0.0004051,83.93593435965438,0.004146,0.0012589,0.001074,85.3125744697752,0.02192,0.0018354,0.001819,99.10646180669063,9.547e-05
256,5.5,Medium,100,80,120,EDTA,150,Sand,0.1,Dry,12,0.00048263,0.0003766,78.03078963180904,0.004709,0.0012589,0.0007753,61.585511160536974,0.01934,0.0018354,0.001817,98.99749373433583,0.0001165
257,5.5,Medium,100,80,120,Citrate,10,Sand,0.1,Dry,12,0.00048263,0.000409,84.7440067960964,0.003932,0.0012589,0.001186,94.20923028040352,0.02275,0.0018354,0.001817,98.99749373433583,8.957e-05
258,5.5,Medium,100,80,120,Citrate,50,Sand,0.1,Dry,12,0.00048263,0.0003825,79.25325818950334,0.004062,0.0012589,0.001024,81.3408531257447,0.02169,0.0018354,0.001804,98.28920126402963,9.826e-05
259,5.5,Medium,100,80,120,Citrate,150,Sand,0.1,Dry,12,0.00048263,0.0003042,63.0296500424756,0.004342,0.0012589,0.0006488,51.537056160139805,0.01848,0.0018354,0.001754,95.56499945515962,0.0001284
260,5.5,Medium,100,80,120,None,0,Sand,0.1,Mesic,8,0.00048263,0.0004154,86.07007438410376,0.0039,0.0012589,0.001227,97.46604178250854,0.02299,0.0018354,0.00182,99.16094584286805,8.763e-05
261,5.5,Medium,100,80,120,EDTA,10,Sand,0.1,Mesic,8,0.00048263,0.0004135,85.67639806891408,0.003947,0.0012589,0.001196,95.00357454920962,0.02279,0.0018354,0.00182,99.16094584286805,8.909e-05
262,5.5,Medium,100,80,120,EDTA,50,Sand,0.1,Mesic,8,0.00048263,0.0004051,83.93593435965438,0.004146,0.0012589,0.001074,85.3125744697752,0.02192,0.0018354,0.001819,99.10646180669063,9.547e-05
263,5.5,Medium,100,80,120,EDTA,150,Sand,0.1,Mesic,8,0.00048263,0.0003766,78.03078963180904,0.004709,0.0012589,0.0007753,61.585511160536974,0.01934,0.0018354,0.001817,98.99749373433583,0.0001165
264,5.5,Medium,100,80,120,Citrate,10,Sand,0.1,Mesic,8,0.00048263,0.000409,84.7440067960964,0.003932,0.0012589,0.001186,94.20923028040352,0.02275,0.0018354,0.001817,98.99749373433583,8.957e-05
265,5.5,Medium,100,80,120,Citrate,50,Sand,0.1,Mesic,8,0.00048263,0.0003825,79.25325818950334,0.004062,0.0012589,0.001024,81.3408531257447,0.02169,0.0018354,0.001804,98.28920126402963,9.826e-05
266,5.5,Medium,100,80,120,Citrate,150,Sand,0.1,Mesic,8,0.00048263,0.0003042,63.0296500424756,0.004342,0.0012589,0.0006488,51.537056160139805,0.01848,0.0018354,0.001754,95.56499945515962,0.0001284
267,5.5,Medium,100,80,120,None,0,Sand,0.1,Wet,3,0.00048263,0.0004222,87.4790211963616,0.007282,0.0012589,0.0003945,31.336881404400664,0.01358,0.0018354,0.001822,99.26991391522284,0.0001612
268,5.5,Medium,100,80,120,EDTA,10,Sand,0.1,Wet,3,0.00048263,0.0004168,86.36015166898038,0.007289,0.0012589,0.0003842,30.518706807530382,0.01341,0.0018354,0.001822,99.26991391522284,0.0001634
269,5.5,Medium,100,80,120,EDTA,50,Sand,0.1,Wet,3,0.00048263,0.0003941,81.65675569276671,0.007297,0.0012589,0.0003442,27.34132973230598,0.01272,0.0018354,0.00182,99.16094584286805,0.0001728
270,5.5,Medium,100,80,120,EDTA,150,Sand,0.1,Wet,3,0.00048263,0.0003297,68.31320058844248,0.007144,0.0012589,0.0002527,20.073079672730163,0.01093,0.0018354,0.001813,98.77955758962624,0.0002015
271,5.5,Medium,100,80,120,Citrate,10,Sand,0.1,Wet,3,0.00048263,0.000408,84.53680873547023,0.007182,0.0012589,0.0003829,30.41544205258559,0.01345,0.0018354,0.001816,98.94300969815843,0.0001639
272,5.5,Medium,100,80,120,Citrate,50,Sand,0.1,Wet,3,0.00048263,0.000354,73.34811346165799,0.006777,0.0012589,0.0003379,26.840892842958137,0.01291,0.0018354,0.001787,97.36297264901384,0.0001755
273,5.5,Medium,100,80,120,Citrate,150,Sand,0.1,Wet,3,0.00048263,0.0002374,49.18881959264861,0.005706,0.0012589,0.0002354,18.698864087695608,0.01129,0.0018354,0.001689,92.02353710362863,0.0002082
274,5.5,Medium,100,80,120,None,0,Loam,0.5,Dry,12,0.00048263,0.0004154,86.07007438410376,0.01945,0.0012589,0.001227,97.46604178250854,0.1147,0.0018354,0.00182,99.16094584286805,0.0004371
275,5.5,Medium,100,80,120,EDTA,10,Loam,0.5,Dry,12,0.00048263,0.0004135,85.67639806891408,0.01969,0.0012589,0.001196,95.00357454920962,0.1137,0.0018354,0.00182,99.16094584286805,0.0004443
276,5.5,Medium,100,80,120,EDTA,50,Loam,0.5,Dry,12,0.00048263,0.0004051,83.93593435965438,0.02068,0.0012589,0.001074,85.3125744697752,0.1093,0.0018354,0.001819,99.10646180669063,0.0004762
277,5.5,Medium,100,80,120,EDTA,150,Loam,0.5,Dry,12,0.00048263,0.0003766,78.03078963180904,0.02349,0.0012589,0.0007753,61.585511160536974,0.09649,0.0018354,0.001817,98.99749373433583,0.0005811
278,5.5,Medium,100,80,120,Citrate,10,Loam,0.5,Dry,12,0.00048263,0.000409,84.7440067960964,0.01961,0.0012589,0.001186,94.20923028040352,0.1135,0.0018354,0.001817,98.99749373433583,0.0004468
279,5.5,Medium,100,80,120,Citrate,50,Loam,0.5,Dry,12,0.00048263,0.0003825,79.25325818950334,0.02026,0.0012589,0.001024,81.3408531257447,0.1082,0.0018354,0.001804,98.28920126402963,0.0004901
280,5.5,Medium,100,80,120,Citrate,150,Loam,0.5,Dry,12,0.00048263,0.0003042,63.0296500424756,0.02166,0.0012589,0.0006488,51.537056160139805,0.09219,0.0018354,0.001754,95.56499945515962,0.0006406
281,5.5,Medium,100,80,120,None,0,Loam,0.5,Mesic,8,0.00048263,0.0004154,86.07007438410376,0.01945,0.0012589,0.001227,97.46604178250854,0.1147,0.0018354,0.00182,99.16094584286805,0.0004371
282,5.5,Medium,100,80,120,EDTA,10,Loam,0.5,Mesic,8,0.00048263,0.0004135,85.67639806891408,0.01969,0.0012589,0.001196,95.00357454920962,0.1137,0.0018354,0.00182,99.16094584286805,0.0004444
283,5.5,Medium,100,80,120,EDTA,50,Loam,0.5,Mesic,8,0.00048263,0.0004051,83.93593435965438,0.02068,0.0012589,0.001074,85.3125744697752,0.1093,0.0018354,0.001819,99.10646180669063,0.0004762
284,5.5,Medium,100,80,120,EDTA,150,Loam,0.5,Mesic,8,0.00048263,0.0003766,78.03078963180904,0.02349,0.0012589,0.0007753,61.585511160536974,0.09649,0.0018354,0.001817,98.99749373433583,0.0005811
285,5.5,Medium,100,80,120,Citrate,10,Loam,0.5,Mesic,8,0.00048263,0.000409,84.7440067960964,0.01961,0.0012589,0.001186,94.20923028040352,0.1135,0.0018354,0.001817,98.99749373433583,0.0004468
286,5.5,Medium,100,80,120,Citrate,50,Loam,0.5,Mesic,8,0.00048263,0.0003825,79.25325818950334,0.02026,0.0012589,0.001024,81.3408531257447,0.1082,0.0018354,0.001804,98.28920126402963,0.0004901
287,5.5,Medium,100,80,120,Citrate,150,Loam,0.5,Mesic,8,0.00048263,0.0003042,63.0296500424756,0.02166,0.0012589,0.0006488,51.537056160139805,0.09219,0.0018354,0.001754,95.56499945515962,0.0006406
288,5.5,Medium,100,80,120,None,0,Loam,0.5,Wet,3,0.00048263,0.0004222,87.4790211963616,0.03633,0.0012589,0.0003945,31.336881404400664,0.06773,0.0018354,0.001822,99.26991391522284,0.0008042
289,5.5,Medium,100,80,120,EDTA,10,Loam,0.5,Wet,3,0.00048263,0.0004168,86.36015166898038,0.03636,0.0012589,0.0003842,30.518706807530382,0.06688,0.0018354,0.001822,99.26991391522284,0.0008151
290,5.5,Medium,100,80,120,EDTA,50,Loam,0.5,Wet,3,0.00048263,0.0003941,81.65675569276671,0.0364,0.0012589,0.0003442,27.34132973230598,0.06344,0.0018354,0.00182,99.16094584286805,0.000862
291,5.5,Medium,100,80,120,EDTA,150,Loam,0.5,Wet,3,0.00048263,0.0003297,68.31320058844248,0.03564,0.0012589,0.0002527,20.073079672730163,0.05452,0.0018354,0.001813,98.77955758962624,0.001005
292,5.5,Medium,100,80,120,Citrate,10,Loam,0.5,Wet,3,0.00048263,0.000408,84.53680873547023,0.03583,0.0012589,0.0003829,30.41544205258559,0.0671,0.0018354,0.001816,98.94300969815843,0.0008178
293,5.5,Medium,100,80,120,Citrate,50,Loam,0.5,Wet,3,0.00048263,0.000354,73.34811346165799,0.03381,0.0012589,0.0003379,26.840892842958137,0.0644,0.0018354,0.001787,97.36297264901384,0.0008756
294,5.5,Medium,100,80,120,Citrate,150,Loam,0.5,Wet,3,0.00048263,0.0002374,49.18881959264861,0.02847,0.0012589,0.0002354,18.698864087695608,0.05633,0.0018354,0.001689,92.02353710362863,0.001039
295,5.5,Medium,100,80,120,None,0,Clay,1.5,Dry,12,0.00048263,0.0004154,86.07007438410376,0.05833,0.0012589,0.001227,97.46604178250854,0.3439,0.0018354,0.00182,99.16094584286805,0.001311
296,5.5,Medium,100,80,120,EDTA,10,Clay,1.5,Dry,12,0.00048263,0.0004135,85.67639806891408,0.05904,0.0012589,0.001196,95.00357454920962,0.3409,0.0018354,0.00182,99.16094584286805,0.001333
297,5.5,Medium,100,80,120,EDTA,50,Clay,1.5,Dry,12,0.00048263,0.0004051,83.93593435965438,0.06201,0.0012589,0.001074,85.3125744697752,0.3279,0.0018354,0.001819,99.10646180669063,0.001428
298,5.5,Medium,100,80,120,EDTA,150,Clay,1.5,Dry,12,0.00048263,0.0003766,78.03078963180904,0.07044,0.0012589,0.0007753,61.585511160536974,0.2893,0.0018354,0.001817,98.99749373433583,0.001743
299,5.5,Medium,100,80,120,Citrate,10,Clay,1.5,Dry,12,0.00048263,0.000409,84.7440067960964,0.05881,0.0012589,0.001186,94.20923028040352,0.3403,0.0018354,0.001817,98.99749373433583,0.00134
300,5.5,Medium,100,80,120,Citrate,50,Clay,1.5,Dry,12,0.00048263,0.0003825,79.25325818950334,0.06076,0.0012589,0.001024,81.3408531257447,0.3245,0.0018354,0.001804,98.28920126402963,0.00147
301,5.5,Medium,100,80,120,Citrate,150,Clay,1.5,Dry,12,0.00048263,0.0003042,63.0296500424756,0.06496,0.0012589,0.0006488,51.537056160139805,0.2765,0.0018354,0.001754,95.56499945515962,0.001921
302,5.5,Medium,100,80,120,None,0,Clay,1.5,Mesic,8,0.00048263,0.0004154,86.07007438410376,0.05833,0.0012589,0.001227,97.46604178250854,0.3439,0.0018354,0.00182,99.16094584286805,0.001311
303,5.5,Medium,100,80,120,EDTA,10,Clay,1.5,Mesic,8,0.00048263,0.0004135,85.67639806891408,0.05904,0.0012589,0.001196,95.00357454920962,0.3409,0.0018354,0.00182,99.16094584286805,0.001333
304,5.5,Medium,100,80,120,EDTA,50,Clay,1.5,Mesic,8,0.00048263,0.0004051,83.93593435965438,0.06201,0.0012589,0.001074,85.3125744697752,0.3279,0.0018354,0.001819,99.10646180669063,0.001428
305,5.5,Medium,100,80,120,EDTA,150,Clay,1.5,Mesic,8,0.00048263,0.0003766,78.03078963180904,0.07044,0.0012589,0.0007753,61.585511160536974,0.2893,0.0018354,0.001817,98.99749373433583,0.001743
306,5.5,Medium,100,80,120,Citrate,10,Clay,1.5,Mesic,8,0.00048263,0.000409,84.7440067960964,0.05881,0.0012589,0.001186,94.20923028040352,0.3402,0.0018354,0.001817,98.99749373433583,0.00134
307,5.5,Medium,100,80,120,Citrate,50,Clay,1.5,Mesic,8,0.00048263,0.0003825,79.25325818950334,0.06076,0.0012589,0.001024,81.3408531257447,0.3245,0.0018354,0.001804,98.28920126402963,0.00147
308,5.5,Medium,100,80,120,Citrate,150,Clay,1.5,Mesic,8,0.00048263,0.0003042,63.0296500424756,0.06496,0.0012589,0.0006488,51.537056160139805,0.2765,0.0018354,0.001754,95.56499945515962,0.001921
309,5.5,Medium,100,80,120,None,0,Clay,1.5,Wet,3,0.00048263,0.0004222,87.4790211963616,0.1089,0.0012589,0.0003945,31.336881404400664,0.2031,0.0018354,0.001822,99.26991391522284,0.002412
310,5.5,Medium,100,80,120,EDTA,10,Clay,1.5,Wet,3,0.00048263,0.0004168,86.36015166898038,0.109,0.0012589,0.0003842,30.518706807530382,0.2006,0.0018354,0.001822,99.26991391522284,0.002445
311,5.5,Medium,100,80,120,EDTA,50,Clay,1.5,Wet,3,0.00048263,0.0003941,81.65675569276671,0.1092,0.0012589,0.0003442,27.34132973230598,0.1902,0.0018354,0.00182,99.16094584286805,0.002585
312,5.5,Medium,100,80,120,EDTA,150,Clay,1.5,Wet,3,0.00048263,0.0003297,68.31320058844248,0.1069,0.0012589,0.0002527,20.073079672730163,0.1635,0.0018354,0.001813,98.77955758962624,0.003014
313,5.5,Medium,100,80,120,Citrate,10,Clay,1.5,Wet,3,0.00048263,0.000408,84.53680873547023,0.1075,0.0012589,0.0003829,30.41544205258559,0.2012,0.0018354,0.001816,98.94300969815843,0.002453
314,5.5,Medium,100,80,120,Citrate,50,Clay,1.5,Wet,3,0.00048263,0.000354,73.34811346165799,0.1014,0.0012589,0.0003379,26.840892842958137,0.1931,0.0018354,0.001787,97.36297264901384,0.002626
315,5.5,Medium,100,80,120,Citrate,150,Clay,1.5,Wet,3,0.00048263,0.0002374,49.18881959264861,0.08537,0.0012589,0.0002354,18.698864087695608,0.1689,0.0018354,0.001689,92.02353710362863,0.003116
316,5.5,High,300,250,400,None,0,Sand,0.1,Dry,12,0.0014479,0.001274,87.98950203743352,0.004756,0.0039339,0.003822,97.15549454739572,0.02846,0.0061181,0.006079,99.36091270165576,0.0001164
317,5.5,High,300,250,400,EDTA,10,Sand,0.1,Dry,12,0.0014479,0.001272,87.85137095103252,0.004776,0.0039339,0.003792,96.39289254937849,0.0284,0.0061181,0.006079,99.36091270165576,0.000117
318,5.5,High,300,250,400,EDTA,50,Sand,0.1,Dry,12,0.0014479,0.001265,87.36791214862906,0.004861,0.0039339,0.003669,93.26622435750782,0.02814,0.0061181,0.006078,99.34456775796409,0.0001198
319,5.5,High,300,250,400,EDTA,150,Sand,0.1,Dry,12,0.0014479,0.001243,85.84847019821811,0.005083,0.0039339,0.003365,85.53852411093318,0.02745,0.0061181,0.006077,99.32822281427242,0.0001274
320,5.5,High,300,250,400,Citrate,10,Sand,0.1,Dry,12,0.0014479,0.001268,87.57510877823054,0.004771,0.0039339,0.003781,96.11327181677217,0.02839,0.0061181,0.006076,99.31187787058074,0.0001173
321,5.5,High,300,250,400,Citrate,50,Sand,0.1,Dry,12,0.0014479,0.001243,85.84847019821811,0.004837,0.0039339,0.003617,91.94438089427794,0.02809,0.0061181,0.006064,99.11573854628072,0.000121
322,5.5,High,300,250,400,Citrate,150,Sand,0.1,Dry,12,0.0014479,0.001179,81.42827543338628,0.005023,0.0039339,0.003209,81.57299372124356,0.02727,0.0061181,0.006031,98.57635540445564,0.0001317
323,5.5,High,300,250,400,None,0,Sand,0.1,Mesic,8,0.0014479,0.001274,87.98950203743352,0.004756,0.0039339,0.003822,97.15549454739572,0.02846,0.0061181,0.006079,99.36091270165576,0.0001164
324,5.5,High,300,250,400,EDTA,10,Sand,0.1,Mesic,8,0.0014479,0.001272,87.85137095103252,0.004777,0.0039339,0.003792,96.39289254937849,0.0284,0.0061181,0.006079,99.36091270165576,0.000117
325,5.5,High,300,250,400,EDTA,50,Sand,0.1,Mesic,8,0.0014479,0.001265,87.36791214862906,0.004861,0.0039339,0.003669,93.26622435750782,0.02814,0.0061181,0.006078,99.34456775796409,0.0001198
326,5.5,High,300,250,400,EDTA,150,Sand,0.1,Mesic,8,0.0014479,0.001243,85.84847019821811,0.005083,0.0039339,0.003365,85.53852411093318,0.02745,0.0061181,0.006077,99.32822281427242,0.0001274
327,5.5,High,300,250,400,Citrate,10,Sand,0.1,Mesic,8,0.0014479,0.001268,87.57510877823054,0.004772,0.0039339,0.003781,96.11327181677217,0.02839,0.0061181,0.006076,99.31187787058074,0.0001173
328,5.5,High,300,250,400,Citrate,50,Sand,0.1,Mesic,8,0.0014479,0.001243,85.84847019821811,0.004837,0.0039339,0.003617,91.94438089427794,0.02809,0.0061181,0.006064,99.11573854628072,0.0001211
329,5.5,High,300,250,400,Citrate,150,Sand,0.1,Mesic,8,0.0014479,0.001179,81.42827543338628,0.005023,0.0039339,0.003209,81.57299372124356,0.02727,0.0061181,0.006031,98.57635540445564,0.0001317
330,5.5,High,300,250,400,None,0,Sand,0.1,Wet,3,0.0014479,0.001314,90.75212376545342,0.008002,0.0039339,0.001778,45.19687841582146,0.02159,0.0061181,0.006093,99.58974191333913,0.0001903
331,5.5,High,300,250,400,EDTA,10,Sand,0.1,Wet,3,0.0014479,0.00131,90.47586159265141,0.008023,0.0039339,0.001761,44.76473728361168,0.02152,0.0061181,0.006093,99.58974191333913,0.0001914
332,5.5,High,300,250,400,EDTA,50,Sand,0.1,Wet,3,0.0014479,0.001293,89.30174735824298,0.008109,0.0039339,0.001696,43.112432954574345,0.02122,0.0061181,0.006092,99.57339696964745,0.0001959
333,5.5,High,300,250,400,EDTA,150,Sand,0.1,Wet,3,0.0014479,0.001247,86.1247323710201,0.008319,0.0039339,0.001536,39.04522229848242,0.02044,0.0061181,0.006088,99.50801719488076,0.0002082
334,5.5,High,300,250,400,Citrate,10,Sand,0.1,Wet,3,0.0014479,0.001302,89.92333724704744,0.007996,0.0039339,0.001758,44.688477083809964,0.02153,0.0061181,0.006088,99.50801719488076,0.0001917
335,5.5,High,300,250,400,Citrate,50,Sand,0.1,Wet,3,0.0014479,0.001256,86.74632225982457,0.007976,0.0039339,0.001678,42.654871755764,0.02127,0.0061181,0.006066,99.14842843366407,0.0001976
336,5.5,High,300,250,400,Citrate,150,Sand,0.1,Wet,3,0.0014479,0.001142,78.87285033496788,0.007934,0.0039339,0.001483,37.69795876865197,0.02055,0.0061181,0.006006,98.16773181216392,0.0002139
337,5.5,High,300,250,400,None,0,Loam,0.5,Dry,12,0.0014479,0.001274,87.98950203743352,0.02369,0.0039339,0.003822,97.15549454739572,0.1418,0.0061181,0.006079,99.36091270165576,0.0005797
338,5.5,High,300,250,400,EDTA,10,Loam,0.5,Dry,12,0.0014479,0.001272,87.85137095103252,0.0238,0.0039339,0.003792,96.39289254937849,0.1415,0.0061181,0.006079,99.36091270165576,0.000583
339,5.5,High,300,250,400,EDTA,50,Loam,0.5,Dry,12,0.0014479,0.001265,87.36791214862906,0.02422,0.0039339,0.003669,93.26622435750782,0.1402,0.0061181,0.006078,99.34456775796409,0.0005969
340,5.5,High,300,250,400,EDTA,150,Loam,0.5,Dry,12,0.0014479,0.001243,85.84847019821811,0.02532,0.0039339,0.003365,85.53852411093318,0.1368,0.0061181,0.006077,99.32822281427242,0.0006348
341,5.5,High,300,250,400,Citrate,10,Loam,0.5,Dry,12,0.0014479,0.001268,87.57510877823054,0.02377,0.0039339,0.003781,96.11327181677217,0.1414,0.0061181,0.006076,99.31187787058074,0.0005842
342,5.5,High,300,250,400,Citrate,50,Loam,0.5,Dry,12,0.0014479,0.001243,85.84847019821811,0.0241,0.0039339,0.003617,91.94438089427794,0.14,0.0061181,0.006064,99.11573854628072,0.0006031
343,5.5,High,300,250,400,Citrate,150,Loam,0.5,Dry,12,0.0014479,0.001179,81.42827543338628,0.02503,0.0039339,0.003209,81.57299372124356,0.1359,0.0061181,0.006031,98.57635540445564,0.0006564
344,5.5,High,300,250,400,None,0,Loam,0.5,Mesic,8,0.0014479,0.001274,87.98950203743352,0.02369,0.0039339,0.003822,97.15549454739572,0.1418,0.0061181,0.006079,99.36091270165576,0.0005797
345,5.5,High,300,250,400,EDTA,10,Loam,0.5,Mesic,8,0.0014479,0.001272,87.85137095103252,0.0238,0.0039339,0.003792,96.39289254937849,0.1415,0.0061181,0.006079,99.36091270165576,0.0005831
346,5.5,High,300,250,400,EDTA,50,Loam,0.5,Mesic,8,0.0014479,0.001265,87.36791214862906,0.02422,0.0039339,0.003669,93.26622435750782,0.1402,0.0061181,0.006078,99.34456775796409,0.0005969
347,5.5,High,300,250,400,EDTA,150,Loam,0.5,Mesic,8,0.0014479,0.001243,85.84847019821811,0.02532,0.0039339,0.003365,85.53852411093318,0.1368,0.0061181,0.006077,99.32822281427242,0.0006348
348,5.5,High,300,250,400,Citrate,10,Loam,0.5,Mesic,8,0.0014479,0.001268,87.57510877823054,0.02377,0.0039339,0.003781,96.11327181677217,0.1414,0.0061181,0.006076,99.31187787058074,0.0005842
349,5.5,High,300,250,400,Citrate,50,Loam,0.5,Mesic,8,0.0014479,0.001243,85.84847019821811,0.0241,0.0039339,0.003617,91.94438089427794,0.14,0.0061181,0.006064,99.11573854628072,0.0006031
350,5.5,High,300,250,400,Citrate,150,Loam,0.5,Mesic,8,0.0014479,0.001179,81.42827543338628,0.02503,0.0039339,0.003209,81.57299372124356,0.1359,0.0061181,0.006031,98.57635540445564,0.0006564
351,5.5,High,300,250,400,None,0,Loam,0.5,Wet,3,0.0014479,0.001314,90.75212376545342,0.03988,0.0039339,0.001778,45.19687841582146,0.1076,0.0061181,0.006093,99.58974191333913,0.0009483
352,5.5,High,300,250,400,EDTA,10,Loam,0.5,Wet,3,0.0014479,0.00131,90.47586159265141,0.03999,0.0039339,0.001761,44.76473728361168,0.1073,0.0061181,0.006093,99.58974191333913,0.0009538
353,5.5,High,300,250,400,EDTA,50,Loam,0.5,Wet,3,0.0014479,0.001293,89.30174735824298,0.04042,0.0039339,0.001696,43.112432954574345,0.1058,0.0061181,0.006092,99.57339696964745,0.0009765
354,5.5,High,300,250,400,EDTA,150,Loam,0.5,Wet,3,0.0014479,0.001247,86.1247323710201,0.04146,0.0039339,0.001536,39.04522229848242,0.1019,0.0061181,0.006088,99.50801719488076,0.001038
355,5.5,High,300,250,400,Citrate,10,Loam,0.5,Wet,3,0.0014479,0.001302,89.92333724704744,0.03985,0.0039339,0.001758,44.688477083809964,0.1073,0.0061181,0.006088,99.50801719488076,0.0009554
356,5.5,High,300,250,400,Citrate,50,Loam,0.5,Wet,3,0.0014479,0.001256,86.74632225982457,0.03975,0.0039339,0.001678,42.654871755764,0.106,0.0061181,0.006066,99.14842843366407,0.000985
357,5.5,High,300,250,400,Citrate,150,Loam,0.5,Wet,3,0.0014479,0.001142,78.87285033496788,0.03954,0.0039339,0.001483,37.69795876865197,0.1025,0.0061181,0.006006,98.16773181216392,0.001066
358,5.5,High,300,250,400,None,0,Clay,1.5,Dry,12,0.0014479,0.001274,87.98950203743352,0.07104,0.0039339,0.003822,97.15549454739572,0.4252,0.0061181,0.006079,99.36091270165576,0.001738
359,5.5,High,300,250,400,EDTA,10,Clay,1.5,Dry,12,0.0014479,0.001272,87.85137095103252,0.07135,0.0039339,0.003792,96.39289254937849,0.4242,0.0061181,0.006079,99.36091270165576,0.001748
360,5.5,High,300,250,400,EDTA,50,Clay,1.5,Dry,12,0.0014479,0.001265,87.36791214862906,0.0726,0.0039339,0.003669,93.26622435750782,0.4203,0.0061181,0.006078,99.34456775796409,0.00179
361,5.5,High,300,250,400,EDTA,150,Clay,1.5,Dry,12,0.0014479,0.001243,85.84847019821811,0.07593,0.0039339,0.003365,85.53852411093318,0.41,0.0061181,0.006077,99.32822281427242,0.001903
362,5.5,High,300,250,400,Citrate,10,Clay,1.5,Dry,12,0.0014479,0.001268,87.57510877823054,0.07127,0.0039339,0.003781,96.11327181677217,0.4241,0.0061181,0.006076,99.31187787058074,0.001752
363,5.5,High,300,250,400,Citrate,50,Clay,1.5,Dry,12,0.0014479,0.001243,85.84847019821811,0.07225,0.0039339,0.003617,91.94438089427794,0.4196,0.0061181,0.006064,99.11573854628072,0.001808
364,5.5,High,300,250,400,Citrate,150,Clay,1.5,Dry,12,0.0014479,0.001179,81.42827543338628,0.07503,0.0039339,0.003209,81.57299372124356,0.4073,0.0061181,0.006031,98.57635540445564,0.001968
365,5.5,High,300,250,400,None,0,Clay,1.5,Mesic,8,0.0014479,0.001274,87.98950203743352,0.07104,0.0039339,0.003822,97.15549454739572,0.4252,0.0061181,0.006079,99.36091270165576,0.001738
366,5.5,High,300,250,400,EDTA,10,Clay,1.5,Mesic,8,0.0014479,0.001272,87.85137095103252,0.07135,0.0039339,0.003792,96.39289254937849,0.4242,0.0061181,0.006079,99.36091270165576,0.001748
367,5.5,High,300,250,400,EDTA,50,Clay,1.5,Mesic,8,0.0014479,0.001265,87.36791214862906,0.0726,0.0039339,0.003669,93.26622435750782,0.4203,0.0061181,0.006078,99.34456775796409,0.00179
368,5.5,High,300,250,400,EDTA,150,Clay,1.5,Mesic,8,0.0014479,0.001243,85.84847019821811,0.07593,0.0039339,0.003365,85.53852411093318,0.41,0.0061181,0.006077,99.32822281427242,0.001903
369,5.5,High,300,250,400,Citrate,10,Clay,1.5,Mesic,8,0.0014479,0.001268,87.57510877823054,0.07127,0.0039339,0.003781,96.11327181677217,0.4241,0.0061181,0.006076,99.31187787058074,0.001752
370,5.5,High,300,250,400,Citrate,50,Clay,1.5,Mesic,8,0.0014479,0.001243,85.84847019821811,0.07226,0.0039339,0.003617,91.94438089427794,0.4196,0.0061181,0.006064,99.11573854628072,0.001808
371,5.5,High,300,250,400,Citrate,150,Clay,1.5,Mesic,8,0.0014479,0.001179,81.42827543338628,0.07503,0.0039339,0.003209,81.57299372124356,0.4073,0.0061181,0.006031,98.57635540445564,0.001968
372,5.5,High,300,250,400,None,0,Clay,1.5,Wet,3,0.0014479,0.001314,90.75212376545342,0.1196,0.0039339,0.001778,45.19687841582146,0.3227,0.0061181,0.006093,99.58974191333913,0.002843
373,5.5,High,300,250,400,EDTA,10,Clay,1.5,Wet,3,0.0014479,0.00131,90.47586159265141,0.1199,0.0039339,0.001761,44.76473728361168,0.3216,0.0061181,0.006093,99.58974191333913,0.00286
374,5.5,High,300,250,400,EDTA,50,Clay,1.5,Wet,3,0.0014479,0.001293,89.30174735824298,0.1212,0.0039339,0.001696,43.112432954574345,0.3171,0.0061181,0.006092,99.57339696964745,0.002928
375,5.5,High,300,250,400,EDTA,150,Clay,1.5,Wet,3,0.0014479,0.001247,86.1247323710201,0.1243,0.0039339,0.001536,39.04522229848242,0.3055,0.0061181,0.006088,99.50801719488076,0.003112
376,5.5,High,300,250,400,Citrate,10,Clay,1.5,Wet,3,0.0014479,0.001302,89.92333724704744,0.1195,0.0039339,0.001758,44.688477083809964,0.3218,0.0061181,0.006088,99.50801719488076,0.002865
377,5.5,High,300,250,400,Citrate,50,Clay,1.5,Wet,3,0.0014479,0.001256,86.74632225982457,0.1192,0.0039339,0.001678,42.654871755764,0.3179,0.0061181,0.006066,99.14842843366407,0.002953
378,5.5,High,300,250,400,Citrate,150,Clay,1.5,Wet,3,0.0014479,0.001142,78.87285033496788,0.1186,0.0039339,0.001483,37.69795876865197,0.3072,0.0061181,0.006006,98.16773181216392,0.003197
379,6.0,Low,25,20,30,None,0,Sand,0.1,Dry,12,0.00012066,9.26e-05,76.74457152328858,0.004586,0.00031471,0.0002855,90.71843919799181,0.02821,0.00045886,0.0004523,98.57037004750904,0.0001149
380,6.0,Low,25,20,30,EDTA,10,Sand,0.1,Dry,12,0.00012066,9.086e-05,75.30250290071274,0.004853,0.00031471,0.0002568,81.59893235041785,0.02737,0.00045886,0.0004521,98.52678376846968,0.0001238
381,6.0,Low,25,20,30,EDTA,50,Sand,0.1,Dry,12,0.00012066,7.979e-05,66.12796287087683,0.006221,0.00031471,0.0001472,46.77321978964761,0.0229,0.00045886,0.0004508,98.24347295471385,0.0001802
382,6.0,Low,25,20,30,EDTA,150,Sand,0.1,Dry,12,0.00012066,7.011e-06,5.810542018896072,0.003408,0.00031471,3.891e-06,1.2363763464777096,0.003774,0.00045886,0.0003622,78.93475134027808,0.000903
383,6.0,Low,25,20,30,Citrate,10,Sand,0.1,Dry,12,0.00012066,8.697e-05,72.07856787667826,0.004785,0.00031471,0.000248,78.80270725429762,0.02722,0.00045886,0.000449,97.85119644335964,0.0001267
384,6.0,Low,25,20,30,Citrate,50,Sand,0.1,Dry,12,0.00012066,5.831e-05,48.32587435769932,0.005455,0.00031471,0.0001183,37.59016237170729,0.02209,0.00045886,0.0004242,92.44649784247919,0.0002036
385,6.0,Low,25,20,30,Citrate,150,Sand,0.1,Dry,12,0.00012066,7.63e-06,6.323553787502072,0.003027,0.00031471,1.006e-05,3.196593689428363,0.00796,0.00045886,0.0002005,43.69524473695681,0.0004079
386,6.0,Low,25,20,30,None,0,Sand,0.1,Mesic,8,0.00012066,9.26e-05,76.74457152328858,0.004586,0.00031471,0.0002855,90.71843919799181,0.02821,0.00045886,0.0004523,98.57037004750904,0.0001149
387,6.0,Low,25,20,30,EDTA,10,Sand,0.1,Mesic,8,0.00012066,9.086e-05,75.30250290071274,0.004853,0.00031471,0.0002568,81.59893235041785,0.02737,0.00045886,0.0004521,98.52678376846968,0.0001238
388,6.0,Low,25,20,30,EDTA,50,Sand,0.1,Mesic,8,0.00012066,7.979e-05,66.12796287087683,0.006221,0.00031471,0.0001472,46.77321978964761,0.0229,0.00045886,0.0004508,98.24347295471385,0.0001802
389,6.0,Low,25,20,30,EDTA,150,Sand,0.1,Mesic,8,0.00012066,7.011e-06,5.810542018896072,0.003408,0.00031471,3.891e-06,1.2363763464777096,0.003774,0.00045886,0.0003622,78.93475134027808,0.000903
390,6.0,Low,25,20,30,Citrate,10,Sand,0.1,Mesic,8,0.00012066,8.697e-05,72.07856787667826,0.004785,0.00031471,0.000248,78.80270725429762,0.02722,0.00045886,0.000449,97.85119644335964,0.0001267
391,6.0,Low,25,20,30,Citrate,50,Sand,0.1,Mesic,8,0.00012066,5.831e-05,48.32587435769932,0.005455,0.00031471,0.0001183,37.59016237170729,0.02209,0.00045886,0.0004242,92.44649784247919,0.0002036
392,6.0,Low,25,20,30,Citrate,150,Sand,0.1,Mesic,8,0.00012066,7.63e-06,6.323553787502072,0.003027,0.00031471,1.006e-05,3.196593689428363,0.00796,0.00045886,0.0002005,43.69524473695681,0.0004079
393,6.0,Low,25,20,30,None,0,Sand,0.1,Wet,3,0.00012066,9.277e-05,76.88546328526438,0.009924,0.00031471,7.665e-05,24.355756092910934,0.01636,0.00045886,0.0004524,98.59216318702873,0.0002482
394,6.0,Low,25,20,30,EDTA,10,Sand,0.1,Wet,3,0.00012066,8.755e-05,72.55925741753688,0.009926,0.00031471,6.974e-05,22.160083886752886,0.01578,0.00045886,0.0004518,98.46140434991064,0.0002627
395,6.0,Low,25,20,30,EDTA,50,Sand,0.1,Wet,3,0.00012066,6.384e-05,52.90900049726505,0.009579,0.00031471,4.402e-05,13.987480537637826,0.01318,0.00045886,0.0004482,97.6768513272022,0.0003449
396,6.0,Low,25,20,30,EDTA,150,Sand,0.1,Wet,3,0.00012066,6.26e-06,5.188131940991215,0.003171,0.00031471,3.331e-06,1.0584347494518764,0.003366,0.00045886,0.0003531,76.95157564398728,0.0009173
397,6.0,Low,25,20,30,Citrate,10,Sand,0.1,Wet,3,0.00012066,8.049e-05,66.70810542018896,0.009355,0.00031471,6.949e-05,22.080645673794923,0.01612,0.00045886,0.0004448,96.93588458353311,0.0002651
398,6.0,Low,25,20,30,Citrate,50,Sand,0.1,Wet,3,0.00012066,4.273e-05,35.41355876015249,0.007189,0.00031471,4.294e-05,13.644307457659433,0.01442,0.00045886,0.0003997,87.10717866015779,0.0003449
399,6.0,Low,25,20,30,Citrate,150,Sand,0.1,Wet,3,0.00012066,6.925e-06,5.739267362837726,0.002945,0.00031471,8.312e-06,2.641161704426297,0.007054,0.00045886,0.0001888,41.14544741315434,0.0004118
400,6.0,Low,25,20,30,None,0,Loam,0.5,Dry,12,0.00012066,9.26e-05,76.74457152328858,0.0229,0.00031471,0.0002855,90.71843919799181,0.1409,0.00045886,0.0004523,98.57037004750904,0.0005737
401,6.0,Low,25,20,30,EDTA,10,Loam,0.5,Dry,12,0.00012066,9.086e-05,75.30250290071274,0.02424,0.00031471,0.0002568,81.59893235041785,0.1367,0.00045886,0.0004521,98.52678376846968,0.0006185
402,6.0,Low,25,20,30,EDTA,50,Loam,0.5,Dry,12,0.00012066,7.979e-05,66.12796287087683,0.03107,0.00031471,0.0001472,46.77321978964761,0.1144,0.00045886,0.0004508,98.24347295471385,0.0009002
403,6.0,Low,25,20,30,EDTA,150,Loam,0.5,Dry,12,0.00012066,7.011e-06,5.810542018896072,0.01702,0.00031471,3.891e-06,1.2363763464777096,0.01885,0.00045886,0.0003622,78.93475134027808,0.00451
404,6.0,Low,25,20,30,Citrate,10,Loam,0.5,Dry,12,0.00012066,8.697e-05,72.07856787667826,0.0239,0.00031471,0.000248,78.80270725429762,0.1359,0.00045886,0.000449,97.85119644335964,0.0006327
405,6.0,Low,25,20,30,Citrate,50,Loam,0.5,Dry,12,0.00012066,5.831e-05,48.32587435769932,0.02725,0.00031471,0.0001183,37.59016237170729,0.1103,0.00045886,0.0004242,92.44649784247919,0.001017
406,6.0,Low,25,20,30,Citrate,150,Loam,0.5,Dry,12,0.00012066,7.63e-06,6.323553787502072,0.01512,0.00031471,1.006e-05,3.196593689428363,0.03975,0.00045886,0.0002005,43.69524473695681,0.002037
407,6.0,Low,25,20,30,None,0,Loam,0.5,Mesic,8,0.00012066,9.26e-05,76.74457152328858,0.02291,0.00031471,0.0002855,90.71843919799181,0.1409,0.00045886,0.0004523,98.57037004750904,0.0005737
408,6.0,Low,25,20,30,EDTA,10,Loam,0.5,Mesic,8,0.00012066,9.086e-05,75.30250290071274,0.02424,0.00031471,0.0002568,81.59893235041785,0.1367,0.00045886,0.0004521,98.52678376846968,0.0006185
409,6.0,Low,25,20,30,EDTA,50,Loam,0.5,Mesic,8,0.00012066,7.979e-05,66.12796287087683,0.03107,0.00031471,0.0001472,46.77321978964761,0.1144,0.00045886,0.0004508,98.24347295471385,0.0009002
410,6.0,Low,25,20,30,EDTA,150,Loam,0.5,Mesic,8,0.00012066,7.011e-06,5.810542018896072,0.01702,0.00031471,3.891e-06,1.2363763464777096,0.01885,0.00045886,0.0003622,78.93475134027808,0.00451
411,6.0,Low,25,20,30,Citrate,10,Loam,0.5,Mesic,8,0.00012066,8.697e-05,72.07856787667826,0.0239,0.00031471,0.000248,78.80270725429762,0.1359,0.00045886,0.000449,97.85119644335964,0.0006328
412,6.0,Low,25,20,30,Citrate,50,Loam,0.5,Mesic,8,0.00012066,5.831e-05,48.32587435769932,0.02725,0.00031471,0.0001183,37.59016237170729,0.1103,0.00045886,0.0004242,92.44649784247919,0.001017
413,6.0,Low,25,20,30,Citrate,150,Loam,0.5,Mesic,8,0.00012066,7.63e-06,6.323553787502072,0.01512,0.00031471,1.006e-05,3.196593689428363,0.03975,0.00045886,0.0002005,43.69524473695681,0.002037
414,6.0,Low,25,20,30,None,0,Loam,0.5,Wet,3,0.00012066,9.277e-05,76.88546328526438,0.04956,0.00031471,7.665e-05,24.355756092910934,0.0817,0.00045886,0.0004524,98.59216318702873,0.00124
415,6.0,Low,25,20,30,EDTA,10,Loam,0.5,Wet,3,0.00012066,8.755e-05,72.55925741753688,0.04958,0.00031471,6.974e-05,22.160083886752886,0.0788,0.00045886,0.0004518,98.46140434991064,0.001312
416,6.0,Low,25,20,30,EDTA,50,Loam,0.5,Wet,3,0.00012066,6.384e-05,52.90900049726505,0.04784,0.00031471,4.402e-05,13.987480537637826,0.06582,0.00045886,0.0004482,97.6768513272022,0.001723
417,6.0,Low,25,20,30,EDTA,150,Loam,0.5,Wet,3,0.00012066,6.26e-06,5.188131940991215,0.01584,0.00031471,3.331e-06,1.0584347494518764,0.01681,0.00045886,0.0003531,76.95157564398728,0.004581
418,6.0,Low,25,20,30,Citrate,10,Loam,0.5,Wet,3,0.00012066,8.049e-05,66.70810542018896,0.04673,0.00031471,6.949e-05,22.080645673794923,0.0805,0.00045886,0.0004448,96.93588458353311,0.001324
419,6.0,Low,25,20,30,Citrate,50,Loam,0.5,Wet,3,0.00012066,4.273e-05,35.41355876015249,0.03591,0.00031471,4.294e-05,13.644307457659433,0.072,0.00045886,0.0003997,87.10717866015779,0.001723
420,6.0,Low,25,20,30,Citrate,150,Loam,0.5,Wet,3,0.00012066,6.925e-06,5.739267362837726,0.01471,0.00031471,8.312e-06,2.641161704426297,0.03523,0.00045886,0.0001888,41.14544741315434,0.002057
421,6.0,Low,25,20,30,None,0,Clay,1.5,Dry,12,0.00012066,9.26e-05,76.74457152328858,0.0687,0.00031471,0.0002855,90.71843919799181,0.4226,0.00045886,0.0004523,98.57037004750904,0.001721
422,6.0,Low,25,20,30,EDTA,10,Clay,1.5,Dry,12,0.00012066,9.086e-05,75.30250290071274,0.07269,0.00031471,0.0002568,81.59893235041785,0.41,0.00045886,0.0004521,98.52678376846968,0.001855
423,6.0,Low,25,20,30,EDTA,50,Clay,1.5,Dry,12,0.00012066,7.979e-05,66.12796287087683,0.09319,0.00031471,0.0001472,46.77321978964761,0.343,0.00045886,0.0004508,98.24347295471385,0.0027
424,6.0,Low,25,20,30,EDTA,150,Clay,1.5,Dry,12,0.00012066,7.011e-06,5.810542018896072,0.05105,0.00031471,3.891e-06,1.2363763464777096,0.05653,0.00045886,0.0003622,78.93475134027808,0.01353
425,6.0,Low,25,20,30,Citrate,10,Clay,1.5,Dry,12,0.00012066,8.697e-05,72.07856787667826,0.07168,0.00031471,0.000248,78.80270725429762,0.4078,0.00045886,0.000449,97.85119644335964,0.001898
426,6.0,Low,25,20,30,Citrate,50,Clay,1.5,Dry,12,0.00012066,5.831e-05,48.32587435769932,0.08173,0.00031471,0.0001183,37.59016237170729,0.3309,0.00045886,0.0004242,92.44649784247919,0.003049
427,6.0,Low,25,20,30,Citrate,150,Clay,1.5,Dry,12,0.00012066,7.63e-06,6.323553787502072,0.04534,0.00031471,1.006e-05,3.196593689428363,0.1192,0.00045886,0.0002005,43.69524473695681,0.00611
428,6.0,Low,25,20,30,None,0,Clay,1.5,Mesic,8,0.00012066,9.26e-05,76.74457152328858,0.0687,0.00031471,0.0002855,90.71843919799181,0.4226,0.00045886,0.0004523,98.57037004750904,0.001721
429,6.0,Low,25,20,30,EDTA,10,Clay,1.5,Mesic,8,0.00012066,9.086e-05,75.30250290071274,0.0727,0.00031471,0.0002568,81.59893235041785,0.41,0.00045886,0.0004521,98.52678376846968,0.001855
430,6.0,Low,25,20,30,EDTA,50,Clay,1.5,Mesic,8,0.00012066,7.979e-05,66.12796287087683,0.09319,0.00031471,0.0001472,46.77321978964761,0.343,0.00045886,0.0004508,98.24347295471385,0.0027
431,6.0,Low,25,20,30,EDTA,150,Clay,1.5,Mesic,8,0.00012066,7.011e-06,5.810542018896072,0.05105,0.00031471,3.891e-06,1.2363763464777096,0.05653,0.00045886,0.0003622,78.93475134027808,0.01353
432,6.0,Low,25,20,30,Citrate,10,Clay,1.5,Mesic,8,0.00012066,8.697e-05,72.07856787667826,0.07168,0.00031471,0.000248,78.80270725429762,0.4078,0.00045886,0.000449,97.85119644335964,0.001898
433,6.0,Low,25,20,30,Citrate,50,Clay,1.5,Mesic,8,0.00012066,5.831e-05,48.32587435769932,0.08173,0.00031471,0.0001183,37.59016237170729,0.3309,0.00045886,0.0004242,92.44649784247919,0.003049
434,6.0,Low,25,20,30,Citrate,150,Clay,1.5,Mesic,8,0.00012066,7.63e-06,6.323553787502072,0.04534,0.00031471,1.006e-05,3.196593689428363,0.1192,0.00045886,0.0002005,43.69524473695681,0.00611
435,6.0,Low,25,20,30,None,0,Clay,1.5,Wet,3,0.00012066,9.277e-05,76.88546328526438,0.1487,0.00031471,7.665e-05,24.355756092910934,0.2451,0.00045886,0.0004524,98.59216318702873,0.003718
436,6.0,Low,25,20,30,EDTA,10,Clay,1.5,Wet,3,0.00012066,8.755e-05,72.55925741753688,0.1487,0.00031471,6.974e-05,22.160083886752886,0.2363,0.00045886,0.0004518,98.46140434991064,0.003936
437,6.0,Low,25,20,30,EDTA,50,Clay,1.5,Wet,3,0.00012066,6.384e-05,52.90900049726505,0.1435,0.00031471,4.402e-05,13.987480537637826,0.1974,0.00045886,0.0004482,97.6768513272022,0.005168
438,6.0,Low,25,20,30,EDTA,150,Clay,1.5,Wet,3,0.00012066,6.26e-06,5.188131940991215,0.0475,0.00031471,3.331e-06,1.0584347494518764,0.05042,0.00045886,0.0003531,76.95157564398728,0.01374
439,6.0,Low,25,20,30,Citrate,10,Clay,1.5,Wet,3,0.00012066,8.049e-05,66.70810542018896,0.1402,0.00031471,6.949e-05,22.080645673794923,0.2414,0.00045886,0.0004448,96.93588458353311,0.003972
440,6.0,Low,25,20,30,Citrate,50,Clay,1.5,Wet,3,0.00012066,4.273e-05,35.41355876015249,0.1077,0.00031471,4.294e-05,13.644307457659433,0.216,0.00045886,0.0003997,87.10717866015779,0.005168
441,6.0,Low,25,20,30,Citrate,150,Clay,1.5,Wet,3,0.00012066,6.925e-06,5.739267362837726,0.04412,0.00031471,8.312e-06,2.641161704426297,0.1057,0.00045886,0.0001888,41.14544741315434,0.00617
442,6.0,Medium,100,80,120,None,0,Sand,0.1,Dry,12,0.00048263,0.000381,78.94246109856411,0.005724,0.0012589,0.001126,89.44316466756692,0.03376,0.0018354,0.001812,98.72507355344884,0.0001396
443,6.0,Medium,100,80,120,EDTA,10,Sand,0.1,Dry,12,0.00048263,0.0003792,78.56950458943705,0.005808,0.0012589,0.001099,87.29843514179045,0.03358,0.0018354,0.001812,98.72507355344884,0.0001424
444,6.0,Medium,100,80,120,EDTA,50,Sand,0.1,Dry,12,0.00048263,0.0003713,76.93263991049044,0.006174,0.0012589,0.0009884,78.51298752879498,0.0328,0.0018354,0.001812,98.72507355344884,0.0001545
445,6.0,Medium,100,80,120,EDTA,150,Sand,0.1,Dry,12,0.00048263,0.0003448,71.44189130389739,0.007302,0.0012589,0.0007183,57.05774882834219,0.03035,0.0018354,0.001809,98.56162144491664,0.0001965
446,6.0,Medium,100,80,120,Citrate,10,Sand,0.1,Dry,12,0.00048263,0.0003751,77.71999254086982,0.005791,0.0012589,0.001089,86.50409087298434,0.03356,0.0018354,0.001809,98.56162144491664,0.0001433
447,6.0,Medium,100,80,120,Citrate,50,Sand,0.1,Dry,12,0.00048263,0.0003504,72.60220044340386,0.006083,0.0012589,0.0009437,74.96226864723171,0.03269,0.0018354,0.001796,97.85332897461045,0.0001599
448,6.0,Medium,100,80,120,Citrate,150,Sand,0.1,Dry,12,0.00048263,0.0002788,57.76681930257133,0.006923,0.0012589,0.0006033,47.922789737072044,0.02989,0.0018354,0.001743,94.96567505720823,0.000222
449,6.0,Medium,100,80,120,None,0,Sand,0.1,Mesic,8,0.00048263,0.000381,78.94246109856411,0.005724,0.0012589,0.001126,89.44316466756692,0.03376,0.0018354,0.001812,98.72507355344884,0.0001396
450,6.0,Medium,100,80,120,EDTA,10,Sand,0.1,Mesic,8,0.00048263,0.0003792,78.56950458943705,0.005808,0.0012589,0.001099,87.29843514179045,0.03358,0.0018354,0.001812,98.72507355344884,0.0001424
451,6.0,Medium,100,80,120,EDTA,50,Sand,0.1,Mesic,8,0.00048263,0.0003713,76.93263991049044,0.006174,0.0012589,0.0009884,78.51298752879498,0.0328,0.0018354,0.001812,98.72507355344884,0.0001545
452,6.0,Medium,100,80,120,EDTA,150,Sand,0.1,Mesic,8,0.00048263,0.0003448,71.44189130389739,0.007302,0.0012589,0.0007182,57.04980538565414,0.03035,0.0018354,0.001809,98.56162144491664,0.0001965
453,6.0,Medium,100,80,120,Citrate,10,Sand,0.1,Mesic,8,0.00048263,0.0003751,77.71999254086982,0.005791,0.0012589,0.001089,86.50409087298434,0.03356,0.0018354,0.001809,98.56162144491664,0.0001433
454,6.0,Medium,100,80,120,Citrate,50,Sand,0.1,Mesic,8,0.00048263,0.0003504,72.60220044340386,0.006083,0.0012589,0.0009437,74.96226864723171,0.03269,0.0018354,0.001796,97.85332897461045,0.0001599
455,6.0,Medium,100,80,120,Citrate,150,Sand,0.1,Mesic,8,0.00048263,0.0002788,57.76681930257133,0.006923,0.0012589,0.0006033,47.922789737072044,0.02989,0.0018354,0.001743,94.96567505720823,0.000222
456,6.0,Medium,100,80,120,None,0,Sand,0.1,Wet,3,0.00048263,0.0003842,79.6054948925678,0.01186,0.0012589,0.0003837,30.478989594090077,0.02363,0.0018354,0.001814,98.83404162580364,0.0002873
457,6.0,Medium,100,80,120,EDTA,10,Sand,0.1,Wet,3,0.00048263,0.0003796,78.6523838136875,0.01193,0.0012589,0.0003737,29.684645325283977,0.02344,0.0018354,0.001814,98.83404162580364,0.0002924
458,6.0,Medium,100,80,120,EDTA,50,Sand,0.1,Wet,3,0.00048263,0.0003598,74.54986221328969,0.0122,0.0012589,0.0003348,26.594646119628244,0.02265,0.0018354,0.001812,98.72507355344884,0.000315
459,6.0,Medium,100,80,120,EDTA,150,Sand,0.1,Wet,3,0.00048263,0.0003031,62.80173217578683,0.01272,0.0012589,0.0002455,19.501151799189767,0.02056,0.0018354,0.001804,98.28920126402963,0.0003884
460,6.0,Medium,100,80,120,Citrate,10,Sand,0.1,Wet,3,0.00048263,0.0003718,77.03623894080351,0.01178,0.0012589,0.0003724,29.58138057033918,0.02355,0.0018354,0.001808,98.50713740873923,0.0002938
461,6.0,Medium,100,80,120,Citrate,50,Sand,0.1,Wet,3,0.00048263,0.0003242,67.17361125499866,0.01145,0.0012589,0.0003284,26.086265787592346,0.02315,0.0018354,0.001779,96.92710035959463,0.0003223
462,6.0,Medium,100,80,120,Citrate,150,Sand,0.1,Wet,3,0.00048263,0.0002203,45.6457327559414,0.01056,0.0012589,0.0002285,18.150766542219397,0.02185,0.0018354,0.001679,91.47869674185462,0.0004127
463,6.0,Medium,100,80,120,None,0,Loam,0.5,Dry,12,0.00048263,0.000381,78.94246109856411,0.02857,0.0012589,0.001126,89.44316466756692,0.1685,0.0018354,0.001812,98.72507355344884,0.000697
464,6.0,Medium,100,80,120,EDTA,10,Loam,0.5,Dry,12,0.00048263,0.0003792,78.56950458943705,0.02899,0.0012589,0.001099,87.29843514179045,0.1676,0.0018354,0.001812,98.72507355344884,0.0007107
465,6.0,Medium,100,80,120,EDTA,50,Loam,0.5,Dry,12,0.00048263,0.0003713,76.93263991049044,0.03082,0.0012589,0.0009884,78.51298752879498,0.1637,0.0018354,0.001812,98.72507355344884,0.0007712
466,6.0,Medium,100,80,120,EDTA,150,Loam,0.5,Dry,12,0.00048263,0.0003448,71.44189130389739,0.03645,0.0012589,0.0007183,57.05774882834219,0.1515,0.0018354,0.001809,98.56162144491664,0.0009808
467,6.0,Medium,100,80,120,Citrate,10,Loam,0.5,Dry,12,0.00048263,0.0003751,77.71999254086982,0.02891,0.0012589,0.001089,86.50409087298434,0.1675,0.0018354,0.001809,98.56162144491664,0.0007152
468,6.0,Medium,100,80,120,Citrate,50,Loam,0.5,Dry,12,0.00048263,0.0003504,72.60220044340386,0.03037,0.0012589,0.0009437,74.96226864723171,0.1632,0.0018354,0.001796,97.85332897461045,0.0007981
469,6.0,Medium,100,80,120,Citrate,150,Loam,0.5,Dry,12,0.00048263,0.0002788,57.76681930257133,0.03456,0.0012589,0.0006033,47.922789737072044,0.1492,0.0018354,0.001743,94.96567505720823,0.001108
470,6.0,Medium,100,80,120,None,0,Loam,0.5,Mesic,8,0.00048263,0.000381,78.94246109856411,0.02857,0.0012589,0.001126,89.44316466756692,0.1685,0.0018354,0.001812,98.72507355344884,0.0006971
471,6.0,Medium,100,80,120,EDTA,10,Loam,0.5,Mesic,8,0.00048263,0.0003792,78.56950458943705,0.02899,0.0012589,0.001099,87.29843514179045,0.1676,0.0018354,0.001812,98.72507355344884,0.0007107
472,6.0,Medium,100,80,120,EDTA,50,Loam,0.5,Mesic,8,0.00048263,0.0003713,76.93263991049044,0.03082,0.0012589,0.0009884,78.51298752879498,0.1637,0.0018354,0.001812,98.72507355344884,0.0007712
473,6.0,Medium,100,80,120,EDTA,150,Loam,0.5,Mesic,8,0.00048263,0.0003448,71.44189130389739,0.03645,0.0012589,0.0007182,57.04980538565414,0.1515,0.0018354,0.001809,98.56162144491664,0.0009808
474,6.0,Medium,100,80,120,Citrate,10,Loam,0.5,Mesic,8,0.00048263,0.0003751,77.71999254086982,0.02891,0.0012589,0.001089,86.50409087298434,0.1675,0.0018354,0.001809,98.56162144491664,0.0007152
475,6.0,Medium,100,80,120,Citrate,50,Loam,0.5,Mesic,8,0.00048263,0.0003504,72.60220044340386,0.03037,0.0012589,0.0009437,74.96226864723171,0.1632,0.0018354,0.001796,97.85332897461045,0.0007981
476,6.0,Medium,100,80,120,Citrate,150,Loam,0.5,Mesic,8,0.00048263,0.0002788,57.76681930257133,0.03456,0.0012589,0.0006033,47.922789737072044,0.1492,0.0018354,0.001743,94.96567505720823,0.001108
477,6.0,Medium,100,80,120,None,0,Loam,0.5,Wet,3,0.00048263,0.0003842,79.6054948925678,0.05923,0.0012589,0.0003837,30.478989594090077,0.118,0.0018354,0.001814,98.83404162580364,0.001434
478,6.0,Medium,100,80,120,EDTA,10,Loam,0.5,Wet,3,0.00048263,0.0003796,78.6523838136875,0.05958,0.0012589,0.0003737,29.684645325283977,0.117,0.0018354,0.001814,98.83404162580364,0.00146
479,6.0,Medium,100,80,120,EDTA,50,Loam,0.5,Wet,3,0.00048263,0.0003598,74.54986221328969,0.06091,0.0012589,0.0003348,26.594646119628244,0.1131,0.0018354,0.001812,98.72507355344884,0.001573
480,6.0,Medium,100,80,120,EDTA,150,Loam,0.5,Wet,3,0.00048263,0.0003031,62.80173217578683,0.06352,0.0012589,0.0002455,19.501151799189767,0.1027,0.0018354,0.001804,98.28920126402963,0.001939
481,6.0,Medium,100,80,120,Citrate,10,Loam,0.5,Wet,3,0.00048263,0.0003718,77.03623894080351,0.05882,0.0012589,0.0003724,29.58138057033918,0.1176,0.0018354,0.001808,98.50713740873923,0.001467
482,6.0,Medium,100,80,120,Citrate,50,Loam,0.5,Wet,3,0.00048263,0.0003242,67.17361125499866,0.05719,0.0012589,0.0003284,26.086265787592346,0.1156,0.0018354,0.001779,96.92710035959463,0.001609
483,6.0,Medium,100,80,120,Citrate,150,Loam,0.5,Wet,3,0.00048263,0.0002203,45.6457327559414,0.05273,0.0012589,0.0002285,18.150766542219397,0.1091,0.0018354,0.001679,91.47869674185462,0.002061
484,6.0,Medium,100,80,120,None,0,Clay,1.5,Dry,12,0.00048263,0.000381,78.94246109856411,0.08569,0.0012589,0.001126,89.44316466756692,0.5054,0.0018354,0.001812,98.72507355344884,0.002091
485,6.0,Medium,100,80,120,EDTA,10,Clay,1.5,Dry,12,0.00048263,0.0003792,78.56950458943705,0.08696,0.0012589,0.001099,87.29843514179045,0.5027,0.0018354,0.001812,98.72507355344884,0.002131
486,6.0,Medium,100,80,120,EDTA,50,Clay,1.5,Dry,12,0.00048263,0.0003713,76.93263991049044,0.09243,0.0012589,0.0009884,78.51298752879498,0.491,0.0018354,0.001812,98.72507355344884,0.002313
487,6.0,Medium,100,80,120,EDTA,150,Clay,1.5,Dry,12,0.00048263,0.0003448,71.44189130389739,0.1093,0.0012589,0.0007183,57.05774882834219,0.4544,0.0018354,0.001809,98.56162144491664,0.002942
488,6.0,Medium,100,80,120,Citrate,10,Clay,1.5,Dry,12,0.00048263,0.0003751,77.71999254086982,0.0867,0.0012589,0.001089,86.50409087298434,0.5024,0.0018354,0.001809,98.56162144491664,0.002145
489,6.0,Medium,100,80,120,Citrate,50,Clay,1.5,Dry,12,0.00048263,0.0003504,72.60220044340386,0.09108,0.0012589,0.0009437,74.96226864723171,0.4894,0.0018354,0.001796,97.85332897461045,0.002394
490,6.0,Medium,100,80,120,Citrate,150,Clay,1.5,Dry,12,0.00048263,0.0002788,57.76681930257133,0.1037,0.0012589,0.0006033,47.922789737072044,0.4476,0.0018354,0.001743,94.96567505720823,0.003324
491,6.0,Medium,100,80,120,None,0,Clay,1.5,Mesic,8,0.00048263,0.000381,78.94246109856411,0.08569,0.0012589,0.001126,89.44316466756692,0.5054,0.0018354,0.001812,98.72507355344884,0.002091
492,6.0,Medium,100,80,120,EDTA,10,Clay,1.5,Mesic,8,0.00048263,0.0003792,78.56950458943705,0.08696,0.0012589,0.001099,87.29843514179045,0.5027,0.0018354,0.001812,98.72507355344884,0.002132
493,6.0,Medium,100,80,120,EDTA,50,Clay,1.5,Mesic,8,0.00048263,0.0003713,76.93263991049044,0.09243,0.0012589,0.0009884,78.51298752879498,0.491,0.0018354,0.001812,98.72507355344884,0.002313
494,6.0,Medium,100,80,120,EDTA,150,Clay,1.5,Mesic,8,0.00048263,0.0003448,71.44189130389739,0.1093,0.0012589,0.0007182,57.04980538565414,0.4544,0.0018354,0.001809,98.56162144491664,0.002942
495,6.0,Medium,100,80,120,Citrate,10,Clay,1.5,Mesic,8,0.00048263,0.0003751,77.71999254086982,0.0867,0.0012589,0.001089,86.50409087298434,0.5024,0.0018354,0.001809,98.56162144491664,0.002145
496,6.0,Medium,100,80,120,Citrate,50,Clay,1.5,Mesic,8,0.00048263,0.0003504,72.60220044340386,0.09108,0.0012589,0.0009437,74.96226864723171,0.4894,0.0018354,0.001796,97.85332897461045,0.002394
497,6.0,Medium,100,80,120,Citrate,150,Clay,1.5,Mesic,8,0.00048263,0.0002788,57.76681930257133,0.1037,0.0012589,0.0006033,47.922789737072044,0.4476,0.0018354,0.001743,94.96567505720823,0.003324
498,6.0,Medium,100,80,120,None,0,Clay,1.5,Wet,3,0.00048263,0.0003842,79.6054948925678,0.1776,0.0012589,0.0003837,30.478989594090077,0.3539,0.0018354,0.001814,98.83404162580364,0.004302
499,6.0,Medium,100,80,120,EDTA,10,Clay,1.5,Wet,3,0.00048263,0.0003796,78.6523838136875,0.1787,0.0012589,0.0003737,29.684645325283977,0.351,0.0018354,0.001814,98.83404162580364,0.004379
500,6.0,Medium,100,80,120,EDTA,50,Clay,1.5,Wet,3,0.00048263,0.0003598,74.54986221328969,0.1827,0.0012589,0.0003348,26.594646119628244,0.3392,0.0018354,0.001812,98.72507355344884,0.004718
501,6.0,Medium,100,80,120,EDTA,150,Clay,1.5,Wet,3,0.00048263,0.0003031,62.80173217578683,0.1905,0.0012589,0.0002455,19.501151799189767,0.3079,0.0018354,0.001804,98.28920126402963,0.005816
502,6.0,Medium,100,80,120,Citrate,10,Clay,1.5,Wet,3,0.00048263,0.0003718,77.03623894080351,0.1764,0.0012589,0.0003724,29.58138057033918,0.3526,0.0018354,0.001808,98.50713740873923,0.0044
503,6.0,Medium,100,80,120,Citrate,50,Clay,1.5,Wet,3,0.00048263,0.0003242,67.17361125499866,0.1715,0.0012589,0.0003284,26.086265787592346,0.3467,0.0018354,0.001779,96.92710035959463,0.004827
504,6.0,Medium,100,80,120,Citrate,150,Clay,1.5,Wet,3,0.00048263,0.0002203,45.6457327559414,0.1581,0.0012589,0.0002285,18.150766542219397,0.3273,0.0018354,0.001679,91.47869674185462,0.00618
505,6.0,High,300,250,400,None,0,Sand,0.1,Dry,12,0.0014479,0.001198,82.74052075419573,0.006484,0.0039339,0.003378,85.86898497674065,0.03649,0.0061181,0.006062,99.08304865889738,0.0001683
506,6.0,High,300,250,400,EDTA,10,Sand,0.1,Dry,12,0.0014479,0.001196,82.60238966779474,0.006513,0.0039339,0.003352,85.20806324512571,0.03644,0.0061181,0.006062,99.08304865889738,0.0001694
507,6.0,High,300,250,400,EDTA,50,Sand,0.1,Dry,12,0.0014479,0.001187,81.98079977899026,0.00663,0.0039339,0.003252,82.66605658506826,0.03623,0.0061181,0.006062,99.08304865889738,0.0001736
508,6.0,High,300,250,400,EDTA,150,Sand,0.1,Dry,12,0.0014479,0.001165,80.46135782857932,0.006946,0.0039339,0.003,76.26019980172349,0.03568,0.0061181,0.00606,99.05035877151404,0.0001852
509,6.0,High,300,250,400,Citrate,10,Sand,0.1,Dry,12,0.0014479,0.001191,82.25706195179225,0.006505,0.0039339,0.003344,85.0047027123211,0.03644,0.0061181,0.006059,99.03401382782238,0.0001697
510,6.0,High,300,250,400,Citrate,50,Sand,0.1,Dry,12,0.0014479,0.001166,80.53042337177982,0.006594,0.0039339,0.00321,81.59841378784414,0.03623,0.0061181,0.006046,98.82152955983068,0.0001754
511,6.0,High,300,250,400,Citrate,150,Sand,0.1,Dry,12,0.0014479,0.001102,76.11022860694798,0.006857,0.0039339,0.002872,73.00643127684995,0.03564,0.0061181,0.00601,98.23311158693059,0.0001917
512,6.0,High,300,250,400,None,0,Sand,0.1,Mesic,8,0.0014479,0.001198,82.74052075419573,0.006484,0.0039339,0.003377,85.84356491014007,0.03649,0.0061181,0.006062,99.08304865889738,0.0001683
513,6.0,High,300,250,400,EDTA,10,Sand,0.1,Mesic,8,0.0014479,0.001196,82.60238966779474,0.006513,0.0039339,0.003352,85.20806324512571,0.03644,0.0061181,0.006062,99.08304865889738,0.0001694
514,6.0,High,300,250,400,EDTA,50,Sand,0.1,Mesic,8,0.0014479,0.001187,81.98079977899026,0.00663,0.0039339,0.003252,82.66605658506826,0.03623,0.0061181,0.006062,99.08304865889738,0.0001736
515,6.0,High,300,250,400,EDTA,150,Sand,0.1,Mesic,8,0.0014479,0.001165,80.46135782857932,0.006946,0.0039339,0.003,76.26019980172349,0.03568,0.0061181,0.00606,99.05035877151404,0.0001852
516,6.0,High,300,250,400,Citrate,10,Sand,0.1,Mesic,8,0.0014479,0.001191,82.25706195179225,0.006505,0.0039339,0.003344,85.0047027123211,0.03644,0.0061181,0.006059,99.03401382782238,0.0001697
517,6.0,High,300,250,400,Citrate,50,Sand,0.1,Mesic,8,0.0014479,0.001166,80.53042337177982,0.006594,0.0039339,0.00321,81.59841378784414,0.03623,0.0061181,0.006046,98.82152955983068,0.0001754
518,6.0,High,300,250,400,Citrate,150,Sand,0.1,Mesic,8,0.0014479,0.001102,76.11022860694798,0.006857,0.0039339,0.002872,73.00643127684995,0.03564,0.0061181,0.00601,98.23311158693059,0.0001917
519,6.0,High,300,250,400,None,0,Sand,0.1,Wet,3,0.0014479,0.001224,84.53622487740866,0.01097,0.0039339,0.001687,42.88365235516917,0.03015,0.0061181,0.006075,99.29553292688907,0.0002791
520,6.0,High,300,250,400,EDTA,10,Sand,0.1,Wet,3,0.0014479,0.00122,84.25996270460668,0.01101,0.0039339,0.001672,42.50235135616055,0.03008,0.0061181,0.006074,99.27918798319742,0.000281
521,6.0,High,300,250,400,EDTA,50,Sand,0.1,Wet,3,0.0014479,0.001204,83.15491401339872,0.01116,0.0039339,0.001611,40.951727293525515,0.0298,0.0061181,0.006073,99.26284303950574,0.0002887
522,6.0,High,300,250,400,EDTA,150,Sand,0.1,Wet,3,0.0014479,0.001162,80.25416119897784,0.01156,0.0039339,0.001464,37.21497750324106,0.02907,0.0061181,0.006069,99.19746326473906,0.0003098
523,6.0,High,300,250,400,Citrate,10,Sand,0.1,Wet,3,0.0014479,0.001213,83.77650390220319,0.01097,0.0039339,0.001668,42.400671089758255,0.03011,0.0061181,0.006069,99.19746326473906,0.0002815
524,6.0,High,300,250,400,Citrate,50,Sand,0.1,Wet,3,0.0014479,0.00117,80.80668554458181,0.011,0.0039339,0.001595,40.54500622791632,0.02992,0.0061181,0.006046,98.82152955983068,0.0002916
525,6.0,High,300,250,400,Citrate,150,Sand,0.1,Wet,3,0.0014479,0.001064,73.48573796532911,0.01108,0.0039339,0.001414,35.94397417321233,0.02939,0.0061181,0.005984,97.8081430509472,0.0003196
526,6.0,High,300,250,400,None,0,Loam,0.5,Dry,12,0.0014479,0.001198,82.74052075419573,0.03233,0.0039339,0.003378,85.86898497674065,0.1819,0.0061181,0.006062,99.08304865889738,0.0008394
527,6.0,High,300,250,400,EDTA,10,Loam,0.5,Dry,12,0.0014479,0.001196,82.60238966779474,0.03247,0.0039339,0.003352,85.20806324512571,0.1817,0.0061181,0.006062,99.08304865889738,0.0008445
528,6.0,High,300,250,400,EDTA,50,Loam,0.5,Dry,12,0.0014479,0.001187,81.98079977899026,0.03306,0.0039339,0.003252,82.66605658506826,0.1807,0.0061181,0.006062,99.08304865889738,0.0008656
529,6.0,High,300,250,400,EDTA,150,Loam,0.5,Dry,12,0.0014479,0.001165,80.46135782857932,0.03464,0.0039339,0.003,76.26019980172349,0.1779,0.0061181,0.00606,99.05035877151404,0.0009237
530,6.0,High,300,250,400,Citrate,10,Loam,0.5,Dry,12,0.0014479,0.001191,82.25706195179225,0.03243,0.0039339,0.003344,85.0047027123211,0.1817,0.0061181,0.006059,99.03401382782238,0.0008462
531,6.0,High,300,250,400,Citrate,50,Loam,0.5,Dry,12,0.0014479,0.001166,80.53042337177982,0.03288,0.0039339,0.00321,81.59841378784414,0.1807,0.0061181,0.006046,98.82152955983068,0.0008747
532,6.0,High,300,250,400,Citrate,150,Loam,0.5,Dry,12,0.0014479,0.001102,76.11022860694798,0.0342,0.0039339,0.002872,73.00643127684995,0.1777,0.0061181,0.00601,98.23311158693059,0.0009561
533,6.0,High,300,250,400,None,0,Loam,0.5,Mesic,8,0.0014479,0.001198,82.74052075419573,0.03233,0.0039339,0.003377,85.84356491014007,0.1819,0.0061181,0.006062,99.08304865889738,0.0008394
534,6.0,High,300,250,400,EDTA,10,Loam,0.5,Mesic,8,0.0014479,0.001196,82.60238966779474,0.03247,0.0039339,0.003352,85.20806324512571,0.1817,0.0061181,0.006062,99.08304865889738,0.0008445
535,6.0,High,300,250,400,EDTA,50,Loam,0.5,Mesic,8,0.0014479,0.001187,81.98079977899026,0.03306,0.0039339,0.003252,82.66605658506826,0.1807,0.0061181,0.006062,99.08304865889738,0.0008656
536,6.0,High,300,250,400,EDTA,150,Loam,0.5,Mesic,8,0.0014479,0.001165,80.46135782857932,0.03464,0.0039339,0.003,76.26019980172349,0.1779,0.0061181,0.00606,99.05035877151404,0.0009237
537,6.0,High,300,250,400,Citrate,10,Loam,0.5,Mesic,8,0.0014479,0.001191,82.25706195179225,0.03244,0.0039339,0.003344,85.0047027123211,0.1817,0.0061181,0.006059,99.03401382782238,0.0008462
538,6.0,High,300,250,400,Citrate,50,Loam,0.5,Mesic,8,0.0014479,0.001166,80.53042337177982,0.03288,0.0039339,0.00321,81.59841378784414,0.1807,0.0061181,0.006046,98.82152955983068,0.0008747
539,6.0,High,300,250,400,Citrate,150,Loam,0.5,Mesic,8,0.0014479,0.001102,76.11022860694798,0.0342,0.0039339,0.002872,73.00643127684995,0.1777,0.0061181,0.00601,98.23311158693059,0.0009561
540,6.0,High,300,250,400,None,0,Loam,0.5,Wet,3,0.0014479,0.001224,84.53622487740866,0.05471,0.0039339,0.001687,42.88365235516917,0.1504,0.0061181,0.006075,99.29553292688907,0.001392
541,6.0,High,300,250,400,EDTA,10,Loam,0.5,Wet,3,0.0014479,0.00122,84.25996270460668,0.05491,0.0039339,0.001672,42.50235135616055,0.1501,0.0061181,0.006074,99.27918798319742,0.001402
542,6.0,High,300,250,400,EDTA,50,Loam,0.5,Wet,3,0.0014479,0.001204,83.15491401339872,0.05569,0.0039339,0.001611,40.951727293525515,0.1487,0.0061181,0.006073,99.26284303950574,0.00144
543,6.0,High,300,250,400,EDTA,150,Loam,0.5,Wet,3,0.0014479,0.001162,80.25416119897784,0.05768,0.0039339,0.001464,37.21497750324106,0.145,0.0061181,0.006069,99.19746326473906,0.001545
544,6.0,High,300,250,400,Citrate,10,Loam,0.5,Wet,3,0.0014479,0.001213,83.77650390220319,0.05474,0.0039339,0.001668,42.400671089758255,0.1502,0.0061181,0.006069,99.19746326473906,0.001404
545,6.0,High,300,250,400,Citrate,50,Loam,0.5,Wet,3,0.0014479,0.00117,80.80668554458181,0.05485,0.0039339,0.001595,40.54500622791632,0.1493,0.0061181,0.006046,98.82152955983068,0.001454
546,6.0,High,300,250,400,Citrate,150,Loam,0.5,Wet,3,0.0014479,0.001064,73.48573796532911,0.0553,0.0039339,0.001414,35.94397417321233,0.1466,0.0061181,0.005984,97.8081430509472,0.001594
547,6.0,High,300,250,400,None,0,Clay,1.5,Dry,12,0.0014479,0.001198,82.74052075419573,0.09695,0.0039339,0.003378,85.86898497674065,0.5456,0.0061181,0.006062,99.08304865889738,0.002517
548,6.0,High,300,250,400,EDTA,10,Clay,1.5,Dry,12,0.0014479,0.001196,82.60238966779474,0.09738,0.0039339,0.003352,85.20806324512571,0.5448,0.0061181,0.006062,99.08304865889738,0.002532
549,6.0,High,300,250,400,EDTA,50,Clay,1.5,Dry,12,0.0014479,0.001187,81.98079977899026,0.09914,0.0039339,0.003252,82.66605658506826,0.5417,0.0061181,0.006062,99.08304865889738,0.002596
550,6.0,High,300,250,400,EDTA,150,Clay,1.5,Dry,12,0.0014479,0.001165,80.46135782857932,0.1039,0.0039339,0.003,76.26019980172349,0.5335,0.0061181,0.00606,99.05035877151404,0.00277
551,6.0,High,300,250,400,Citrate,10,Clay,1.5,Dry,12,0.0014479,0.001191,82.25706195179225,0.09726,0.0039339,0.003344,85.0047027123211,0.5448,0.0061181,0.006059,99.03401382782238,0.002537
552,6.0,High,300,250,400,Citrate,50,Clay,1.5,Dry,12,0.0014479,0.001166,80.53042337177982,0.0986,0.0039339,0.00321,81.59841378784414,0.5418,0.0061181,0.006046,98.82152955983068,0.002623
553,6.0,High,300,250,400,Citrate,150,Clay,1.5,Dry,12,0.0014479,0.001102,76.11022860694798,0.1025,0.0039339,0.002872,73.00643127684995,0.533,0.0061181,0.00601,98.23311158693059,0.002867
554,6.0,High,300,250,400,None,0,Clay,1.5,Mesic,8,0.0014479,0.001198,82.74052075419573,0.09695,0.0039339,0.003377,85.84356491014007,0.5456,0.0061181,0.006062,99.08304865889738,0.002517
555,6.0,High,300,250,400,EDTA,10,Clay,1.5,Mesic,8,0.0014479,0.001196,82.60238966779474,0.09738,0.0039339,0.003352,85.20806324512571,0.5448,0.0061181,0.006062,99.08304865889738,0.002532
556,6.0,High,300,250,400,EDTA,50,Clay,1.5,Mesic,8,0.0014479,0.001187,81.98079977899026,0.09914,0.0039339,0.003252,82.66605658506826,0.5417,0.0061181,0.006062,99.08304865889738,0.002596
557,6.0,High,300,250,400,EDTA,150,Clay,1.5,Mesic,8,0.0014479,0.001165,80.46135782857932,0.1039,0.0039339,0.003,76.26019980172349,0.5335,0.0061181,0.00606,99.05035877151404,0.00277
558,6.0,High,300,250,400,Citrate,10,Clay,1.5,Mesic,8,0.0014479,0.001191,82.25706195179225,0.09726,0.0039339,0.003344,85.0047027123211,0.5448,0.0061181,0.006059,99.03401382782238,0.002537
559,6.0,High,300,250,400,Citrate,50,Clay,1.5,Mesic,8,0.0014479,0.001166,80.53042337177982,0.0986,0.0039339,0.00321,81.59841378784414,0.5418,0.0061181,0.006046,98.82152955983068,0.002623
560,6.0,High,300,250,400,Citrate,150,Clay,1.5,Mesic,8,0.0014479,0.001102,76.11022860694798,0.1025,0.0039339,0.002872,73.00643127684995,0.533,0.0061181,0.00601,98.23311158693059,0.002867
561,6.0,High,300,250,400,None,0,Clay,1.5,Wet,3,0.0014479,0.001224,84.53622487740866,0.1641,0.0039339,0.001687,42.88365235516917,0.4511,0.0061181,0.006075,99.29553292688907,0.004175
562,6.0,High,300,250,400,EDTA,10,Clay,1.5,Wet,3,0.0014479,0.00122,84.25996270460668,0.1647,0.0039339,0.001672,42.50235135616055,0.45,0.0061181,0.006074,99.27918798319742,0.004203
563,6.0,High,300,250,400,EDTA,50,Clay,1.5,Wet,3,0.0014479,0.001204,83.15491401339872,0.167,0.0039339,0.001611,40.951727293525515,0.4458,0.0061181,0.006073,99.26284303950574,0.004319
564,6.0,High,300,250,400,EDTA,150,Clay,1.5,Wet,3,0.0014479,0.001162,80.25416119897784,0.173,0.0039339,0.001464,37.21497750324106,0.4349,0.0061181,0.006069,99.19746326473906,0.004634
565,6.0,High,300,250,400,Citrate,10,Clay,1.5,Wet,3,0.0014479,0.001213,83.77650390220319,0.1641,0.0039339,0.001668,42.400671089758255,0.4504,0.0061181,0.006069,99.19746326473906,0.004212
566,6.0,High,300,250,400,Citrate,50,Clay,1.5,Wet,3,0.0014479,0.00117,80.80668554458181,0.1645,0.0039339,0.001595,40.54500622791632,0.4476,0.0061181,0.006046,98.82152955983068,0.004362
567,6.0,High,300,250,400,Citrate,150,Clay,1.5,Wet,3,0.0014479,0.001064,73.48573796532911,0.1658,0.0039339,0.001414,35.94397417321233,0.4397,0.0061181,0.005984,97.8081430509472,0.004782
568,6.5,Low,25,20,30,None,0,Sand,0.1,Dry,12,0.00012066,7.675e-05,63.60848665672136,0.006379,0.00031471,0.0002159,68.60284071049537,0.0358,0.00045886,0.0004484,97.72043760624155,0.0001911
569,6.5,Low,25,20,30,EDTA,10,Sand,0.1,Dry,12,0.00012066,7.508e-05,62.224432289076745,0.006772,0.00031471,0.000195,61.96180610720982,0.03509,0.00045886,0.0004481,97.65505818768251,0.0002073
570,6.5,Low,25,20,30,EDTA,50,Sand,0.1,Dry,12,0.00012066,6.513e-05,53.97812033814022,0.008928,0.00031471,0.0001137,36.1284992532808,0.03111,0.00045886,0.0004464,97.28457481584798,0.0003138
571,6.5,Low,25,20,30,EDTA,150,Sand,0.1,Dry,12,0.00012066,6.62e-06,5.486490966351732,0.009697,0.00031471,3.715e-06,1.180451844555305,0.01086,0.00045886,0.0003563,77.648956108617,0.002676
572,6.5,Low,25,20,30,Citrate,10,Sand,0.1,Dry,12,0.00012066,7.17e-05,59.42317255096966,0.006667,0.00031471,0.0001891,60.08706428140192,0.03508,0.00045886,0.0004443,96.8269188859347,0.0002119
573,6.5,Low,25,20,30,Citrate,50,Sand,0.1,Dry,12,0.00012066,4.794e-05,39.73147687717553,0.007916,0.00031471,9.486e-05,30.142035524768833,0.03125,0.00045886,0.0004154,90.52870156474742,0.0003518
574,6.5,Low,25,20,30,Citrate,150,Sand,0.1,Dry,12,0.00012066,7.182e-06,5.952262555942317,0.007179,0.00031471,9.54e-06,3.0313622064758032,0.01903,0.00045886,0.0001952,42.54020834241381,0.001001
575,6.5,Low,25,20,30,None,0,Sand,0.1,Mesic,8,0.00012066,7.675e-05,63.60848665672136,0.006379,0.00031471,0.0002159,68.60284071049537,0.0358,0.00045886,0.0004484,97.72043760624155,0.0001911
576,6.5,Low,25,20,30,EDTA,10,Sand,0.1,Mesic,8,0.00012066,7.508e-05,62.224432289076745,0.006772,0.00031471,0.000195,61.96180610720982,0.03509,0.00045886,0.0004481,97.65505818768251,0.0002073
577,6.5,Low,25,20,30,EDTA,50,Sand,0.1,Mesic,8,0.00012066,6.513e-05,53.97812033814022,0.008928,0.00031471,0.0001137,36.1284992532808,0.03111,0.00045886,0.0004464,97.28457481584798,0.0003138
578,6.5,Low,25,20,30,EDTA,150,Sand,0.1,Mesic,8,0.00012066,6.62e-06,5.486490966351732,0.009697,0.00031471,3.715e-06,1.180451844555305,0.01086,0.00045886,0.0003563,77.648956108617,0.002676
579,6.5,Low,25,20,30,Citrate,10,Sand,0.1,Mesic,8,0.00012066,7.17e-05,59.42317255096966,0.006668,0.00031471,0.0001891,60.08706428140192,0.03508,0.00045886,0.0004443,96.8269188859347,0.0002119
580,6.5,Low,25,20,30,Citrate,50,Sand,0.1,Mesic,8,0.00012066,4.794e-05,39.73147687717553,0.007916,0.00031471,9.486e-05,30.142035524768833,0.03125,0.00045886,0.0004154,90.52870156474742,0.0003518
581,6.5,Low,25,20,30,Citrate,150,Sand,0.1,Mesic,8,0.00012066,7.182e-06,5.952262555942317,0.007179,0.00031471,9.54e-06,3.0313622064758032,0.01903,0.00045886,0.0001952,42.54020834241381,0.001001
582,6.5,Low,25,20,30,None,0,Sand,0.1,Wet,3,0.00012066,7.598e-05,62.97032985247804,0.01356,0.00031471,7.074e-05,22.47783673858473,0.02518,0.00045886,0.0004482,97.6768513272022,0.0004102
583,6.5,Low,25,20,30,EDTA,10,Sand,0.1,Wet,3,0.00012066,7.204e-05,59.70495607492127,0.01379,0.00031471,6.43e-05,20.431508372787647,0.02456,0.00045886,0.0004476,97.5460924900841,0.0004395
584,6.5,Low,25,20,30,EDTA,50,Sand,0.1,Wet,3,0.00012066,5.37e-05,44.50522128294381,0.01451,0.00031471,4.036e-05,12.824505099933273,0.02176,0.00045886,0.0004436,96.67436690929695,0.0006148
585,6.5,Low,25,20,30,EDTA,150,Sand,0.1,Wet,3,0.00012066,5.971e-06,4.948615945632356,0.009447,0.00031471,3.215e-06,1.0215754186393822,0.01015,0.00045886,0.0003478,75.79653924944427,0.002822
586,6.5,Low,25,20,30,Citrate,10,Sand,0.1,Wet,3,0.00012066,6.667e-05,55.25443394662688,0.0131,0.00031471,6.408e-05,20.361602745384637,0.02512,0.00045886,0.00044,95.8898138865885,0.0004434
587,6.5,Low,25,20,30,Citrate,50,Sand,0.1,Wet,3,0.00012066,3.718e-05,30.813857119177857,0.01135,0.00031471,3.979e-05,12.643385974389117,0.02423,0.00045886,0.000393,85.64703831233928,0.0006152
588,6.5,Low,25,20,30,Citrate,150,Sand,0.1,Wet,3,0.00012066,6.565e-06,5.440908337477208,0.007337,0.00031471,7.972e-06,2.5331257348034697,0.01778,0.00045886,0.0001844,40.18654927428846,0.001057
589,6.5,Low,25,20,30,None,0,Loam,0.5,Dry,12,0.00012066,7.675e-05,63.60848665672136,0.03187,0.00031471,0.0002159,68.60284071049537,0.1789,0.00045886,0.0004484,97.72043760624155,0.0009547
590,6.5,Low,25,20,30,EDTA,10,Loam,0.5,Dry,12,0.00012066,7.508e-05,62.224432289076745,0.03383,0.00031471,0.000195,61.96180610720982,0.1753,0.00045886,0.0004481,97.65505818768251,0.001036
591,6.5,Low,25,20,30,EDTA,50,Loam,0.5,Dry,12,0.00012066,6.513e-05,53.97812033814022,0.0446,0.00031471,0.0001137,36.1284992532808,0.1554,0.00045886,0.0004464,97.28457481584798,0.001568
592,6.5,Low,25,20,30,EDTA,150,Loam,0.5,Dry,12,0.00012066,6.62e-06,5.486490966351732,0.04846,0.00031471,3.715e-06,1.180451844555305,0.05426,0.00045886,0.0003563,77.648956108617,0.01337
593,6.5,Low,25,20,30,Citrate,10,Loam,0.5,Dry,12,0.00012066,7.17e-05,59.42317255096966,0.03331,0.00031471,0.0001891,60.08706428140192,0.1753,0.00045886,0.0004443,96.8269188859347,0.001059
594,6.5,Low,25,20,30,Citrate,50,Loam,0.5,Dry,12,0.00012066,4.794e-05,39.73147687717553,0.03955,0.00031471,9.486e-05,30.142035524768833,0.1561,0.00045886,0.0004154,90.52870156474742,0.001757
595,6.5,Low,25,20,30,Citrate,150,Loam,0.5,Dry,12,0.00012066,7.182e-06,5.952262555942317,0.03587,0.00031471,9.54e-06,3.0313622064758032,0.09508,0.00045886,0.0001952,42.54020834241381,0.005001
596,6.5,Low,25,20,30,None,0,Loam,0.5,Mesic,8,0.00012066,7.675e-05,63.60848665672136,0.03187,0.00031471,0.0002159,68.60284071049537,0.1788,0.00045886,0.0004484,97.72043760624155,0.0009547
597,6.5,Low,25,20,30,EDTA,10,Loam,0.5,Mesic,8,0.00012066,7.508e-05,62.224432289076745,0.03383,0.00031471,0.000195,61.96180610720982,0.1753,0.00045886,0.0004481,97.65505818768251,0.001036
598,6.5,Low,25,20,30,EDTA,50,Loam,0.5,Mesic,8,0.00012066,6.513e-05,53.97812033814022,0.0446,0.00031471,0.0001137,36.1284992532808,0.1554,0.00045886,0.0004464,97.28457481584798,0.001568
599,6.5,Low,25,20,30,EDTA,150,Loam,0.5,Mesic,8,0.00012066,6.62e-06,5.486490966351732,0.04846,0.00031471,3.715e-06,1.180451844555305,0.05426,0.00045886,0.0003563,77.648956108617,0.01337
600,6.5,Low,25,20,30,Citrate,10,Loam,0.5,Mesic,8,0.00012066,7.17e-05,59.42317255096966,0.03331,0.00031471,0.0001891,60.08706428140192,0.1753,0.00045886,0.0004443,96.8269188859347,0.001059
601,6.5,Low,25,20,30,Citrate,50,Loam,0.5,Mesic,8,0.00012066,4.794e-05,39.73147687717553,0.03955,0.00031471,9.486e-05,30.142035524768833,0.1561,0.00045886,0.0004154,90.52870156474742,0.001758
602,6.5,Low,25,20,30,Citrate,150,Loam,0.5,Mesic,8,0.00012066,7.182e-06,5.952262555942317,0.03587,0.00031471,9.54e-06,3.0313622064758032,0.09508,0.00045886,0.0001952,42.54020834241381,0.005001
603,6.5,Low,25,20,30,None,0,Loam,0.5,Wet,3,0.00012066,7.598e-05,62.97032985247804,0.06774,0.00031471,7.074e-05,22.47783673858473,0.1258,0.00045886,0.0004482,97.6768513272022,0.002049
604,6.5,Low,25,20,30,EDTA,10,Loam,0.5,Wet,3,0.00012066,7.204e-05,59.70495607492127,0.06891,0.00031471,6.43e-05,20.431508372787647,0.1227,0.00045886,0.0004476,97.5460924900841,0.002196
605,6.5,Low,25,20,30,EDTA,50,Loam,0.5,Wet,3,0.00012066,5.37e-05,44.50522128294381,0.0725,0.00031471,4.036e-05,12.824505099933273,0.1087,0.00045886,0.0004436,96.67436690929695,0.003072
606,6.5,Low,25,20,30,EDTA,150,Loam,0.5,Wet,3,0.00012066,5.971e-06,4.948615945632356,0.04721,0.00031471,3.215e-06,1.0215754186393822,0.05071,0.00045886,0.0003478,75.79653924944427,0.0141
607,6.5,Low,25,20,30,Citrate,10,Loam,0.5,Wet,3,0.00012066,6.667e-05,55.25443394662688,0.06545,0.00031471,6.408e-05,20.361602745384637,0.1255,0.00045886,0.00044,95.8898138865885,0.002215
608,6.5,Low,25,20,30,Citrate,50,Loam,0.5,Wet,3,0.00012066,3.718e-05,30.813857119177857,0.0567,0.00031471,3.979e-05,12.643385974389117,0.1211,0.00045886,0.000393,85.64703831233928,0.003074
609,6.5,Low,25,20,30,Citrate,150,Loam,0.5,Wet,3,0.00012066,6.565e-06,5.440908337477208,0.03666,0.00031471,7.972e-06,2.5331257348034697,0.08882,0.00045886,0.0001844,40.18654927428846,0.005281
610,6.5,Low,25,20,30,None,0,Clay,1.5,Dry,12,0.00012066,7.675e-05,63.60848665672136,0.09558,0.00031471,0.0002159,68.60284071049537,0.5365,0.00045886,0.0004484,97.72043760624155,0.002864
611,6.5,Low,25,20,30,EDTA,10,Clay,1.5,Dry,12,0.00012066,7.508e-05,62.224432289076745,0.1015,0.00031471,0.000195,61.96180610720982,0.5258,0.00045886,0.0004481,97.65505818768251,0.003106
612,6.5,Low,25,20,30,EDTA,50,Clay,1.5,Dry,12,0.00012066,6.513e-05,53.97812033814022,0.1338,0.00031471,0.0001137,36.1284992532808,0.4662,0.00045886,0.0004464,97.28457481584798,0.004703
613,6.5,Low,25,20,30,EDTA,150,Clay,1.5,Dry,12,0.00012066,6.62e-06,5.486490966351732,0.1454,0.00031471,3.715e-06,1.180451844555305,0.1628,0.00045886,0.0003563,77.648956108617,0.04012
614,6.5,Low,25,20,30,Citrate,10,Clay,1.5,Dry,12,0.00012066,7.17e-05,59.42317255096966,0.09991,0.00031471,0.0001891,60.08706428140192,0.5257,0.00045886,0.0004443,96.8269188859347,0.003175
615,6.5,Low,25,20,30,Citrate,50,Clay,1.5,Dry,12,0.00012066,4.794e-05,39.73147687717553,0.1186,0.00031471,9.486e-05,30.142035524768833,0.4684,0.00045886,0.0004154,90.52870156474742,0.005272
616,6.5,Low,25,20,30,Citrate,150,Clay,1.5,Dry,12,0.00012066,7.182e-06,5.952262555942317,0.1076,0.00031471,9.54e-06,3.0313622064758032,0.2852,0.00045886,0.0001952,42.54020834241381,0.015
617,6.5,Low,25,20,30,None,0,Clay,1.5,Mesic,8,0.00012066,7.675e-05,63.60848665672136,0.09558,0.00031471,0.0002159,68.60284071049537,0.5365,0.00045886,0.0004484,97.72043760624155,0.002864
618,6.5,Low,25,20,30,EDTA,10,Clay,1.5,Mesic,8,0.00012066,7.508e-05,62.224432289076745,0.1015,0.00031471,0.000195,61.96180610720982,0.5258,0.00045886,0.0004481,97.65505818768251,0.003106
619,6.5,Low,25,20,30,EDTA,50,Clay,1.5,Mesic,8,0.00012066,6.513e-05,53.97812033814022,0.1338,0.00031471,0.0001137,36.1284992532808,0.4662,0.00045886,0.0004464,97.28457481584798,0.004703
620,6.5,Low,25,20,30,EDTA,150,Clay,1.5,Mesic,8,0.00012066,6.62e-06,5.486490966351732,0.1454,0.00031471,3.715e-06,1.180451844555305,0.1628,0.00045886,0.0003563,77.648956108617,0.04012
621,6.5,Low,25,20,30,Citrate,10,Clay,1.5,Mesic,8,0.00012066,7.17e-05,59.42317255096966,0.09991,0.00031471,0.0001891,60.08706428140192,0.5257,0.00045886,0.0004443,96.8269188859347,0.003175
622,6.5,Low,25,20,30,Citrate,50,Clay,1.5,Mesic,8,0.00012066,4.794e-05,39.73147687717553,0.1186,0.00031471,9.486e-05,30.142035524768833,0.4683,0.00045886,0.0004154,90.52870156474742,0.005272
623,6.5,Low,25,20,30,Citrate,150,Clay,1.5,Mesic,8,0.00012066,7.182e-06,5.952262555942317,0.1076,0.00031471,9.54e-06,3.0313622064758032,0.2852,0.00045886,0.0001952,42.54020834241381,0.015
624,6.5,Low,25,20,30,None,0,Clay,1.5,Wet,3,0.00012066,7.598e-05,62.97032985247804,0.2032,0.00031471,7.074e-05,22.47783673858473,0.3774,0.00045886,0.0004482,97.6768513272022,0.006147
625,6.5,Low,25,20,30,EDTA,10,Clay,1.5,Wet,3,0.00012066,7.204e-05,59.70495607492127,0.2067,0.00031471,6.43e-05,20.431508372787647,0.3681,0.00045886,0.0004476,97.5460924900841,0.006586
626,6.5,Low,25,20,30,EDTA,50,Clay,1.5,Wet,3,0.00012066,5.37e-05,44.50522128294381,0.2175,0.00031471,4.036e-05,12.824505099933273,0.3261,0.00045886,0.0004436,96.67436690929695,0.009215
627,6.5,Low,25,20,30,EDTA,150,Clay,1.5,Wet,3,0.00012066,5.971e-06,4.948615945632356,0.1416,0.00031471,3.215e-06,1.0215754186393822,0.1521,0.00045886,0.0003478,75.79653924944427,0.0423
628,6.5,Low,25,20,30,Citrate,10,Clay,1.5,Wet,3,0.00012066,6.667e-05,55.25443394662688,0.1963,0.00031471,6.408e-05,20.361602745384637,0.3765,0.00045886,0.00044,95.8898138865885,0.006645
629,6.5,Low,25,20,30,Citrate,50,Clay,1.5,Wet,3,0.00012066,3.718e-05,30.813857119177857,0.1701,0.00031471,3.979e-05,12.643385974389117,0.3632,0.00045886,0.000393,85.64703831233928,0.009221
630,6.5,Low,25,20,30,Citrate,150,Clay,1.5,Wet,3,0.00012066,6.565e-06,5.440908337477208,0.11,0.00031471,7.972e-06,2.5331257348034697,0.2664,0.00045886,0.0001844,40.18654927428846,0.01584
631,6.5,Medium,100,80,120,None,0,Sand,0.1,Dry,12,0.00048263,0.0003319,68.76903632182002,0.007801,0.0012589,0.000804,63.865279212010485,0.0377,0.0018354,0.001802,98.18023319167483,0.0002171
632,6.5,Medium,100,80,120,EDTA,10,Sand,0.1,Dry,12,0.00048263,0.0003298,68.33392039450511,0.007895,0.0012589,0.0007865,62.4751767415998,0.03756,0.0018354,0.001801,98.12574915549745,0.0002211
633,6.5,Medium,100,80,120,EDTA,50,Sand,0.1,Dry,12,0.00048263,0.0003209,66.48985765493235,0.008303,0.0012589,0.000716,56.87504964651679,0.03697,0.0018354,0.0018,98.07126511932005,0.0002389
634,6.5,Medium,100,80,120,EDTA,150,Sand,0.1,Dry,12,0.00048263,0.0002933,60.77119118165053,0.009595,0.0012589,0.0005371,42.66423067757566,0.03506,0.0018354,0.001796,97.85332897461045,0.0003013
635,6.5,Medium,100,80,120,Citrate,10,Sand,0.1,Dry,12,0.00048263,0.0003257,67.48440834593788,0.007853,0.0012589,0.0007813,62.062117721820634,0.03759,0.0018354,0.001798,97.96229704696523,0.0002223
636,6.5,Medium,100,80,120,Citrate,50,Sand,0.1,Dry,12,0.00048263,0.0003004,62.242297412096214,0.008096,0.0012589,0.0006898,54.79386766224481,0.03709,0.0018354,0.00178,96.98158439577203,0.0002459
637,6.5,Medium,100,80,120,Citrate,150,Sand,0.1,Dry,12,0.00048263,0.0002342,48.52578579864492,0.008917,0.0012589,0.0004652,36.952895384859794,0.03535,0.0018354,0.001716,93.49460608041844,0.0003351
638,6.5,Medium,100,80,120,None,0,Sand,0.1,Mesic,8,0.00048263,0.0003319,68.76903632182002,0.007801,0.0012589,0.000804,63.865279212010485,0.0377,0.0018354,0.001802,98.18023319167483,0.0002171
639,6.5,Medium,100,80,120,EDTA,10,Sand,0.1,Mesic,8,0.00048263,0.0003298,68.33392039450511,0.007895,0.0012589,0.0007865,62.4751767415998,0.03756,0.0018354,0.001801,98.12574915549745,0.0002211
640,6.5,Medium,100,80,120,EDTA,50,Sand,0.1,Mesic,8,0.00048263,0.0003209,66.48985765493235,0.008304,0.0012589,0.000716,56.87504964651679,0.03697,0.0018354,0.0018,98.07126511932005,0.0002389
641,6.5,Medium,100,80,120,EDTA,150,Sand,0.1,Mesic,8,0.00048263,0.0002933,60.77119118165053,0.009595,0.0012589,0.0005371,42.66423067757566,0.03506,0.0018354,0.001796,97.85332897461045,0.0003013
642,6.5,Medium,100,80,120,Citrate,10,Sand,0.1,Mesic,8,0.00048263,0.0003257,67.48440834593788,0.007854,0.0012589,0.0007813,62.062117721820634,0.03759,0.0018354,0.001798,97.96229704696523,0.0002223
643,6.5,Medium,100,80,120,Citrate,50,Sand,0.1,Mesic,8,0.00048263,0.0003004,62.242297412096214,0.008096,0.0012589,0.0006898,54.79386766224481,0.03709,0.0018354,0.00178,96.98158439577203,0.0002459
644,6.5,Medium,100,80,120,Citrate,150,Sand,0.1,Mesic,8,0.00048263,0.0002341,48.50506599258231,0.008917,0.0012589,0.0004652,36.952895384859794,0.03535,0.0018354,0.001716,93.49460608041844,0.0003351
645,6.5,Medium,100,80,120,None,0,Sand,0.1,Wet,3,0.00048263,0.0003272,67.7952054368771,0.01424,0.0012589,0.0003411,27.09508300897609,0.02962,0.0018354,0.001802,98.18023319167483,0.0004021
646,6.5,Medium,100,80,120,EDTA,10,Sand,0.1,Wet,3,0.00048263,0.0003232,66.96641319437249,0.01434,0.0012589,0.0003326,26.4198903804909,0.02945,0.0018354,0.001801,98.12574915549745,0.0004099
647,6.5,Medium,100,80,120,EDTA,50,Sand,0.1,Wet,3,0.00048263,0.0003065,63.50620558191575,0.01476,0.0012589,0.0002993,23.77472396536659,0.02876,0.0018354,0.001799,98.01678108314263,0.0004443
648,6.5,Medium,100,80,120,EDTA,150,Sand,0.1,Wet,3,0.00048263,0.000259,53.66429770217351,0.01577,0.0012589,0.0002213,17.578838668679005,0.0269,0.0018354,0.00179,97.52642475754604,0.0005591
649,6.5,Medium,100,80,120,Citrate,10,Sand,0.1,Wet,3,0.00048263,0.0003168,65.64034560636513,0.01417,0.0012589,0.0003316,26.34045595361029,0.0296,0.0018354,0.001794,97.74436090225564,0.0004118
650,6.5,Medium,100,80,120,Citrate,50,Sand,0.1,Wet,3,0.00048263,0.000277,57.39386279344425,0.01392,0.0012589,0.000294,23.353721502899354,0.02948,0.0018354,0.001762,96.00087174457883,0.0004543
651,6.5,Medium,100,80,120,Citrate,150,Sand,0.1,Wet,3,0.00048263,0.0001912,39.61626919172036,0.01334,0.0012589,0.0002075,16.482643577726584,0.02889,0.0018354,0.001656,90.22556390977444,0.0005926
652,6.5,Medium,100,80,120,None,0,Loam,0.5,Dry,12,0.00048263,0.0003319,68.76903632182002,0.03895,0.0012589,0.000804,63.865279212010485,0.1883,0.0018354,0.001802,98.18023319167483,0.001084
653,6.5,Medium,100,80,120,EDTA,10,Loam,0.5,Dry,12,0.00048263,0.0003298,68.33392039450511,0.03942,0.0012589,0.0007865,62.4751767415998,0.1876,0.0018354,0.001801,98.12574915549745,0.001104
654,6.5,Medium,100,80,120,EDTA,50,Loam,0.5,Dry,12,0.00048263,0.0003209,66.48985765493235,0.04146,0.0012589,0.000716,56.87504964651679,0.1846,0.0018354,0.0018,98.07126511932005,0.001193
655,6.5,Medium,100,80,120,EDTA,150,Loam,0.5,Dry,12,0.00048263,0.0002933,60.77119118165053,0.04791,0.0012589,0.0005371,42.66423067757566,0.1751,0.0018354,0.001796,97.85332897461045,0.001505
656,6.5,Medium,100,80,120,Citrate,10,Loam,0.5,Dry,12,0.00048263,0.0003257,67.48440834593788,0.03922,0.0012589,0.0007813,62.062117721820634,0.1877,0.0018354,0.001798,97.96229704696523,0.00111
657,6.5,Medium,100,80,120,Citrate,50,Loam,0.5,Dry,12,0.00048263,0.0003004,62.242297412096214,0.04043,0.0012589,0.0006898,54.79386766224481,0.1852,0.0018354,0.00178,96.98158439577203,0.001228
658,6.5,Medium,100,80,120,Citrate,150,Loam,0.5,Dry,12,0.00048263,0.0002342,48.52578579864492,0.04453,0.0012589,0.0004652,36.952895384859794,0.1766,0.0018354,0.001716,93.49460608041844,0.001674
659,6.5,Medium,100,80,120,None,0,Loam,0.5,Mesic,8,0.00048263,0.0003319,68.76903632182002,0.03895,0.0012589,0.000804,63.865279212010485,0.1883,0.0018354,0.001802,98.18023319167483,0.001084
660,6.5,Medium,100,80,120,EDTA,10,Loam,0.5,Mesic,8,0.00048263,0.0003298,68.33392039450511,0.03942,0.0012589,0.0007865,62.4751767415998,0.1876,0.0018354,0.001801,98.12574915549745,0.001104
661,6.5,Medium,100,80,120,EDTA,50,Loam,0.5,Mesic,8,0.00048263,0.0003209,66.48985765493235,0.04146,0.0012589,0.000716,56.87504964651679,0.1846,0.0018354,0.0018,98.07126511932005,0.001193
662,6.5,Medium,100,80,120,EDTA,150,Loam,0.5,Mesic,8,0.00048263,0.0002933,60.77119118165053,0.04791,0.0012589,0.0005371,42.66423067757566,0.1751,0.0018354,0.001796,97.85332897461045,0.001505
663,6.5,Medium,100,80,120,Citrate,10,Loam,0.5,Mesic,8,0.00048263,0.0003257,67.48440834593788,0.03922,0.0012589,0.0007813,62.062117721820634,0.1877,0.0018354,0.001798,97.96229704696523,0.00111
664,6.5,Medium,100,80,120,Citrate,50,Loam,0.5,Mesic,8,0.00048263,0.0003004,62.242297412096214,0.04043,0.0012589,0.0006898,54.79386766224481,0.1852,0.0018354,0.00178,96.98158439577203,0.001228
665,6.5,Medium,100,80,120,Citrate,150,Loam,0.5,Mesic,8,0.00048263,0.0002341,48.50506599258231,0.04453,0.0012589,0.0004652,36.952895384859794,0.1766,0.0018354,0.001716,93.49460608041844,0.001674
666,6.5,Medium,100,80,120,None,0,Loam,0.5,Wet,3,0.00048263,0.0003272,67.7952054368771,0.07113,0.0012589,0.0003411,27.09508300897609,0.1479,0.0018354,0.001802,98.18023319167483,0.002008
667,6.5,Medium,100,80,120,EDTA,10,Loam,0.5,Wet,3,0.00048263,0.0003232,66.96641319437249,0.07165,0.0012589,0.0003326,26.4198903804909,0.1471,0.0018354,0.001801,98.12574915549745,0.002047
668,6.5,Medium,100,80,120,EDTA,50,Loam,0.5,Wet,3,0.00048263,0.0003065,63.50620558191575,0.07373,0.0012589,0.0002993,23.77472396536659,0.1437,0.0018354,0.001799,98.01678108314263,0.002219
669,6.5,Medium,100,80,120,EDTA,150,Loam,0.5,Wet,3,0.00048263,0.000259,53.66429770217351,0.07879,0.0012589,0.0002213,17.578838668679005,0.1343,0.0018354,0.00179,97.52642475754604,0.002792
670,6.5,Medium,100,80,120,Citrate,10,Loam,0.5,Wet,3,0.00048263,0.0003168,65.64034560636513,0.0708,0.0012589,0.0003316,26.34045595361029,0.1478,0.0018354,0.001794,97.74436090225564,0.002057
671,6.5,Medium,100,80,120,Citrate,50,Loam,0.5,Wet,3,0.00048263,0.000277,57.39386279344425,0.06955,0.0012589,0.000294,23.353721502899354,0.1472,0.0018354,0.001762,96.00087174457883,0.002269
672,6.5,Medium,100,80,120,Citrate,150,Loam,0.5,Wet,3,0.00048263,0.0001912,39.61626919172036,0.06665,0.0012589,0.0002075,16.482643577726584,0.1443,0.0018354,0.001656,90.22556390977444,0.00296
673,6.5,Medium,100,80,120,None,0,Clay,1.5,Dry,12,0.00048263,0.0003319,68.76903632182002,0.1168,0.0012589,0.000804,63.865279212010485,0.5647,0.0018354,0.001802,98.18023319167483,0.003252
674,6.5,Medium,100,80,120,EDTA,10,Clay,1.5,Dry,12,0.00048263,0.0003298,68.33392039450511,0.1182,0.0012589,0.0007865,62.4751767415998,0.5626,0.0018354,0.001801,98.12574915549745,0.003312
675,6.5,Medium,100,80,120,EDTA,50,Clay,1.5,Dry,12,0.00048263,0.0003209,66.48985765493235,0.1244,0.0012589,0.000716,56.87504964651679,0.5537,0.0018354,0.0018,98.07126511932005,0.003578
676,6.5,Medium,100,80,120,EDTA,150,Clay,1.5,Dry,12,0.00048263,0.0002933,60.77119118165053,0.1437,0.0012589,0.0005371,42.66423067757566,0.5251,0.0018354,0.001796,97.85332897461045,0.004513
677,6.5,Medium,100,80,120,Citrate,10,Clay,1.5,Dry,12,0.00048263,0.0003257,67.48440834593788,0.1176,0.0012589,0.0007813,62.062117721820634,0.563,0.0018354,0.001798,97.96229704696523,0.00333
678,6.5,Medium,100,80,120,Citrate,50,Clay,1.5,Dry,12,0.00048263,0.0003004,62.242297412096214,0.1213,0.0012589,0.0006898,54.79386766224481,0.5555,0.0018354,0.00178,96.98158439577203,0.003683
679,6.5,Medium,100,80,120,Citrate,150,Clay,1.5,Dry,12,0.00048263,0.0002342,48.52578579864492,0.1336,0.0012589,0.0004652,36.952895384859794,0.5296,0.0018354,0.001716,93.49460608041844,0.00502
680,6.5,Medium,100,80,120,None,0,Clay,1.5,Mesic,8,0.00048263,0.0003319,68.76903632182002,0.1168,0.0012589,0.000804,63.865279212010485,0.5647,0.0018354,0.001802,98.18023319167483,0.003252
681,6.5,Medium,100,80,120,EDTA,10,Clay,1.5,Mesic,8,0.00048263,0.0003298,68.33392039450511,0.1182,0.0012589,0.0007865,62.4751767415998,0.5626,0.0018354,0.001801,98.12574915549745,0.003312
682,6.5,Medium,100,80,120,EDTA,50,Clay,1.5,Mesic,8,0.00048263,0.0003209,66.48985765493235,0.1244,0.0012589,0.000716,56.87504964651679,0.5537,0.0018354,0.0018,98.07126511932005,0.003578
683,6.5,Medium,100,80,120,EDTA,150,Clay,1.5,Mesic,8,0.00048263,0.0002933,60.77119118165053,0.1437,0.0012589,0.0005371,42.66423067757566,0.5251,0.0018354,0.001796,97.85332897461045,0.004513
684,6.5,Medium,100,80,120,Citrate,10,Clay,1.5,Mesic,8,0.00048263,0.0003257,67.48440834593788,0.1176,0.0012589,0.0007813,62.062117721820634,0.563,0.0018354,0.001798,97.96229704696523,0.00333
685,6.5,Medium,100,80,120,Citrate,50,Clay,1.5,Mesic,8,0.00048263,0.0003004,62.242297412096214,0.1213,0.0012589,0.0006898,54.79386766224481,0.5555,0.0018354,0.00178,96.98158439577203,0.003683
686,6.5,Medium,100,80,120,Citrate,150,Clay,1.5,Mesic,8,0.00048263,0.0002341,48.50506599258231,0.1336,0.0012589,0.0004652,36.952895384859794,0.5296,0.0018354,0.001716,93.49460608041844,0.00502
687,6.5,Medium,100,80,120,None,0,Clay,1.5,Wet,3,0.00048263,0.0003272,67.7952054368771,0.2133,0.0012589,0.0003411,27.09508300897609,0.4438,0.0018354,0.001802,98.18023319167483,0.006024
688,6.5,Medium,100,80,120,EDTA,10,Clay,1.5,Wet,3,0.00048263,0.0003232,66.96641319437249,0.2149,0.0012589,0.0003326,26.4198903804909,0.4412,0.0018354,0.001801,98.12574915549745,0.006141
689,6.5,Medium,100,80,120,EDTA,50,Clay,1.5,Wet,3,0.00048263,0.0003065,63.50620558191575,0.2211,0.0012589,0.0002993,23.77472396536659,0.4309,0.0018354,0.001799,98.01678108314263,0.006656
690,6.5,Medium,100,80,120,EDTA,150,Clay,1.5,Wet,3,0.00048263,0.000259,53.66429770217351,0.2363,0.0012589,0.0002213,17.578838668679005,0.4029,0.0018354,0.00179,97.52642475754604,0.008376
691,6.5,Medium,100,80,120,Citrate,10,Clay,1.5,Wet,3,0.00048263,0.0003168,65.64034560636513,0.2123,0.0012589,0.0003316,26.34045595361029,0.4435,0.0018354,0.001794,97.74436090225564,0.006169
692,6.5,Medium,100,80,120,Citrate,50,Clay,1.5,Wet,3,0.00048263,0.000277,57.39386279344425,0.2086,0.0012589,0.000294,23.353721502899354,0.4416,0.0018354,0.001762,96.00087174457883,0.006805
693,6.5,Medium,100,80,120,Citrate,150,Clay,1.5,Wet,3,0.00048263,0.0001912,39.61626919172036,0.1999,0.0012589,0.0002075,16.482643577726584,0.4328,0.0018354,0.001656,90.22556390977444,0.008879
694,6.5,High,300,250,400,None,0,Sand,0.1,Dry,12,0.0014479,0.00109,75.28144208854202,0.009621,0.0039339,0.002118,53.839701060016786,0.03732,0.0061181,0.006041,98.73980484137233,0.0002736
695,6.5,High,300,250,400,EDTA,10,Sand,0.1,Dry,12,0.0014479,0.001087,75.07424545894054,0.009646,0.0039339,0.002106,53.534660260809886,0.03729,0.0061181,0.006041,98.73980484137233,0.0002749
696,6.5,High,300,250,400,EDTA,50,Sand,0.1,Dry,12,0.0014479,0.001076,74.31452448373506,0.009747,0.0039339,0.002056,52.26365693078117,0.03715,0.0061181,0.006039,98.70711495398899,0.0002805
697,6.5,High,300,250,400,EDTA,150,Sand,0.1,Dry,12,0.0014479,0.001049,72.44975481732165,0.01002,0.0039339,0.00193,49.06072853910878,0.03678,0.0061181,0.006036,98.65808012291399,0.0002958
698,6.5,High,300,250,400,Citrate,10,Sand,0.1,Dry,12,0.0014479,0.001082,74.72891774293805,0.009621,0.0039339,0.002103,53.45840006100816,0.03731,0.0061181,0.006036,98.65808012291399,0.0002753
699,6.5,High,300,250,400,Citrate,50,Sand,0.1,Dry,12,0.0014479,0.001052,72.65695144692313,0.009629,0.0039339,0.002039,51.831515798571395,0.03725,0.0061181,0.006017,98.34752619277228,0.0002826
700,6.5,High,300,250,400,Citrate,150,Sand,0.1,Dry,12,0.0014479,0.0009791,67.62207334760687,0.009701,0.0039339,0.001874,47.6372048094766,0.03705,0.0061181,0.005966,97.51393406449715,0.0003032
701,6.5,High,300,250,400,None,0,Sand,0.1,Mesic,8,0.0014479,0.00109,75.28144208854202,0.009621,0.0039339,0.002118,53.839701060016786,0.03732,0.0061181,0.006041,98.73980484137233,0.0002736
702,6.5,High,300,250,400,EDTA,10,Sand,0.1,Mesic,8,0.0014479,0.001087,75.07424545894054,0.009646,0.0039339,0.002106,53.534660260809886,0.03729,0.0061181,0.006041,98.73980484137233,0.0002749
703,6.5,High,300,250,400,EDTA,50,Sand,0.1,Mesic,8,0.0014479,0.001076,74.31452448373506,0.009747,0.0039339,0.002056,52.26365693078117,0.03715,0.0061181,0.006039,98.70711495398899,0.0002805
704,6.5,High,300,250,400,EDTA,150,Sand,0.1,Mesic,8,0.0014479,0.001049,72.44975481732165,0.01002,0.0039339,0.00193,49.06072853910878,0.03678,0.0061181,0.006036,98.65808012291399,0.0002958
705,6.5,High,300,250,400,Citrate,10,Sand,0.1,Mesic,8,0.0014479,0.001082,74.72891774293805,0.009621,0.0039339,0.002103,53.45840006100816,0.03731,0.0061181,0.006036,98.65808012291399,0.0002753
706,6.5,High,300,250,400,Citrate,50,Sand,0.1,Mesic,8,0.0014479,0.001052,72.65695144692313,0.009629,0.0039339,0.002039,51.831515798571395,0.03725,0.0061181,0.006017,98.34752619277228,0.0002826
707,6.5,High,300,250,400,Citrate,150,Sand,0.1,Mesic,8,0.0014479,0.0009791,67.62207334760687,0.009701,0.0039339,0.001874,47.6372048094766,0.03705,0.0061181,0.005966,97.51393406449715,0.0003032
708,6.5,High,300,250,400,None,0,Sand,0.1,Wet,3,0.0014479,0.001098,75.833966434146,0.01358,0.0039339,0.001328,33.75784844556293,0.03276,0.0061181,0.00605,98.88690933459735,0.0003837
709,6.5,High,300,250,400,EDTA,10,Sand,0.1,Wet,3,0.0014479,0.001094,75.557704261344,0.01361,0.0039339,0.001318,33.503647779557184,0.03272,0.0061181,0.006049,98.87056439090568,0.000386
710,6.5,High,300,250,400,EDTA,50,Sand,0.1,Wet,3,0.0014479,0.001078,74.45265557013606,0.01375,0.0039339,0.001278,32.48684511553421,0.03253,0.0061181,0.006047,98.83787450352234,0.0003956
711,6.5,High,300,250,400,EDTA,150,Sand,0.1,Wet,3,0.0014479,0.001035,71.48283721251467,0.0141,0.0039339,0.001179,29.970258522077327,0.03203,0.0061181,0.006042,98.756149785064,0.000422
712,6.5,High,300,250,400,Citrate,10,Sand,0.1,Wet,3,0.0014479,0.001087,75.07424545894054,0.01356,0.0039339,0.001316,33.45280764635603,0.03276,0.0061181,0.006043,98.77249472875566,0.0003867
713,6.5,High,300,250,400,Citrate,50,Sand,0.1,Wet,3,0.0014479,0.001045,72.17349264451964,0.01352,0.0039339,0.001269,32.25806451612903,0.03274,0.0061181,0.006016,98.3311812490806,0.000399
714,6.5,High,300,250,400,Citrate,150,Sand,0.1,Wet,3,0.0014479,0.0009454,65.29456454175012,0.01345,0.0039339,0.001148,29.18223645745952,0.0326,0.0061181,0.005944,97.15434530328044,0.0004338
715,6.5,High,300,250,400,None,0,Loam,0.5,Dry,12,0.0014479,0.00109,75.28144208854202,0.048,0.0039339,0.002118,53.839701060016786,0.1862,0.0061181,0.006041,98.73980484137233,0.001365
716,6.5,High,300,250,400,EDTA,10,Loam,0.5,Dry,12,0.0014479,0.001087,75.07424545894054,0.04812,0.0039339,0.002106,53.534660260809886,0.186,0.0061181,0.006041,98.73980484137233,0.001372
717,6.5,High,300,250,400,EDTA,50,Loam,0.5,Dry,12,0.0014479,0.001076,74.31452448373506,0.04863,0.0039339,0.002056,52.26365693078117,0.1853,0.0061181,0.006039,98.70711495398899,0.001399
718,6.5,High,300,250,400,EDTA,150,Loam,0.5,Dry,12,0.0014479,0.001049,72.44975481732165,0.04999,0.0039339,0.00193,49.06072853910878,0.1835,0.0061181,0.006036,98.65808012291399,0.001476
719,6.5,High,300,250,400,Citrate,10,Loam,0.5,Dry,12,0.0014479,0.001082,74.72891774293805,0.048,0.0039339,0.002103,53.45840006100816,0.1861,0.0061181,0.006036,98.65808012291399,0.001374
720,6.5,High,300,250,400,Citrate,50,Loam,0.5,Dry,12,0.0014479,0.001052,72.65695144692313,0.04804,0.0039339,0.002039,51.831515798571395,0.1859,0.0061181,0.006017,98.34752619277228,0.00141
721,6.5,High,300,250,400,Citrate,150,Loam,0.5,Dry,12,0.0014479,0.0009791,67.62207334760687,0.0484,0.0039339,0.001874,47.6372048094766,0.1849,0.0061181,0.005966,97.51393406449715,0.001513
722,6.5,High,300,250,400,None,0,Loam,0.5,Mesic,8,0.0014479,0.00109,75.28144208854202,0.048,0.0039339,0.002118,53.839701060016786,0.1862,0.0061181,0.006041,98.73980484137233,0.001365
723,6.5,High,300,250,400,EDTA,10,Loam,0.5,Mesic,8,0.0014479,0.001087,75.07424545894054,0.04812,0.0039339,0.002106,53.534660260809886,0.186,0.0061181,0.006041,98.73980484137233,0.001372
724,6.5,High,300,250,400,EDTA,50,Loam,0.5,Mesic,8,0.0014479,0.001076,74.31452448373506,0.04863,0.0039339,0.002056,52.26365693078117,0.1853,0.0061181,0.006039,98.70711495398899,0.001399
725,6.5,High,300,250,400,EDTA,150,Loam,0.5,Mesic,8,0.0014479,0.001049,72.44975481732165,0.04999,0.0039339,0.00193,49.06072853910878,0.1835,0.0061181,0.006036,98.65808012291399,0.001476
726,6.5,High,300,250,400,Citrate,10,Loam,0.5,Mesic,8,0.0014479,0.001082,74.72891774293805,0.048,0.0039339,0.002103,53.45840006100816,0.1861,0.0061181,0.006036,98.65808012291399,0.001374
727,6.5,High,300,250,400,Citrate,50,Loam,0.5,Mesic,8,0.0014479,0.001052,72.65695144692313,0.04804,0.0039339,0.002039,51.831515798571395,0.1859,0.0061181,0.006017,98.34752619277228,0.00141
728,6.5,High,300,250,400,Citrate,150,Loam,0.5,Mesic,8,0.0014479,0.0009791,67.62207334760687,0.0484,0.0039339,0.001874,47.6372048094766,0.1849,0.0061181,0.005966,97.51393406449715,0.001513
729,6.5,High,300,250,400,None,0,Loam,0.5,Wet,3,0.0014479,0.001098,75.833966434146,0.06776,0.0039339,0.001328,33.75784844556293,0.1635,0.0061181,0.00605,98.88690933459735,0.001915
730,6.5,High,300,250,400,EDTA,10,Loam,0.5,Wet,3,0.0014479,0.001094,75.557704261344,0.06793,0.0039339,0.001318,33.503647779557184,0.1633,0.0061181,0.006049,98.87056439090568,0.001926
731,6.5,High,300,250,400,EDTA,50,Loam,0.5,Wet,3,0.0014479,0.001078,74.45265557013606,0.06861,0.0039339,0.001278,32.48684511553421,0.1623,0.0061181,0.006047,98.83787450352234,0.001974
732,6.5,High,300,250,400,EDTA,150,Loam,0.5,Wet,3,0.0014479,0.001035,71.48283721251467,0.07037,0.0039339,0.001179,29.970258522077327,0.1598,0.0061181,0.006042,98.756149785064,0.002106
733,6.5,High,300,250,400,Citrate,10,Loam,0.5,Wet,3,0.0014479,0.001087,75.07424545894054,0.06769,0.0039339,0.001316,33.45280764635603,0.1635,0.0061181,0.006043,98.77249472875566,0.001929
734,6.5,High,300,250,400,Citrate,50,Loam,0.5,Wet,3,0.0014479,0.001045,72.17349264451964,0.06745,0.0039339,0.001269,32.25806451612903,0.1634,0.0061181,0.006016,98.3311812490806,0.001991
735,6.5,High,300,250,400,Citrate,150,Loam,0.5,Wet,3,0.0014479,0.0009454,65.29456454175012,0.06714,0.0039339,0.001148,29.18223645745952,0.1627,0.0061181,0.005944,97.15434530328044,0.002165
736,6.5,High,300,250,400,None,0,Clay,1.5,Dry,12,0.0014479,0.00109,75.28144208854202,0.1439,0.0039339,0.002118,53.839701060016786,0.5584,0.0061181,0.006041,98.73980484137233,0.004093
737,6.5,High,300,250,400,EDTA,10,Clay,1.5,Dry,12,0.0014479,0.001087,75.07424545894054,0.1443,0.0039339,0.002106,53.534660260809886,0.5579,0.0061181,0.006041,98.73980484137233,0.004113
738,6.5,High,300,250,400,EDTA,50,Clay,1.5,Dry,12,0.0014479,0.001076,74.31452448373506,0.1458,0.0039339,0.002056,52.26365693078117,0.5558,0.0061181,0.006039,98.70711495398899,0.004196
739,6.5,High,300,250,400,EDTA,150,Clay,1.5,Dry,12,0.0014479,0.001049,72.44975481732165,0.1499,0.0039339,0.00193,49.06072853910878,0.5503,0.0061181,0.006036,98.65808012291399,0.004425
740,6.5,High,300,250,400,Citrate,10,Clay,1.5,Dry,12,0.0014479,0.001082,74.72891774293805,0.1439,0.0039339,0.002103,53.45840006100816,0.5582,0.0061181,0.006036,98.65808012291399,0.004119
741,6.5,High,300,250,400,Citrate,50,Clay,1.5,Dry,12,0.0014479,0.001052,72.65695144692313,0.1441,0.0039339,0.002039,51.831515798571395,0.5574,0.0061181,0.006017,98.34752619277228,0.004228
742,6.5,High,300,250,400,Citrate,150,Clay,1.5,Dry,12,0.0014479,0.0009791,67.62207334760687,0.1452,0.0039339,0.001874,47.6372048094766,0.5544,0.0061181,0.005966,97.51393406449715,0.004536
743,6.5,High,300,250,400,None,0,Clay,1.5,Mesic,8,0.0014479,0.00109,75.28144208854202,0.1439,0.0039339,0.002118,53.839701060016786,0.5584,0.0061181,0.006041,98.73980484137233,0.004093
744,6.5,High,300,250,400,EDTA,10,Clay,1.5,Mesic,8,0.0014479,0.001087,75.07424545894054,0.1443,0.0039339,0.002106,53.534660260809886,0.5579,0.0061181,0.006041,98.73980484137233,0.004113
745,6.5,High,300,250,400,EDTA,50,Clay,1.5,Mesic,8,0.0014479,0.001076,74.31452448373506,0.1458,0.0039339,0.002056,52.26365693078117,0.5558,0.0061181,0.006039,98.70711495398899,0.004197
746,6.5,High,300,250,400,EDTA,150,Clay,1.5,Mesic,8,0.0014479,0.001049,72.44975481732165,0.1499,0.0039339,0.00193,49.06072853910878,0.5503,0.0061181,0.006036,98.65808012291399,0.004425
747,6.5,High,300,250,400,Citrate,10,Clay,1.5,Mesic,8,0.0014479,0.001082,74.72891774293805,0.1439,0.0039339,0.002103,53.45840006100816,0.5582,0.0061181,0.006036,98.65808012291399,0.004119
748,6.5,High,300,250,400,Citrate,50,Clay,1.5,Mesic,8,0.0014479,0.001052,72.65695144692313,0.1441,0.0039339,0.002039,51.831515798571395,0.5574,0.0061181,0.006017,98.34752619277228,0.004228
749,6.5,High,300,250,400,Citrate,150,Clay,1.5,Mesic,8,0.0014479,0.0009791,67.62207334760687,0.1452,0.0039339,0.001874,47.6372048094766,0.5544,0.0061181,0.005966,97.51393406449715,0.004536
750,6.5,High,300,250,400,None,0,Clay,1.5,Wet,3,0.0014479,0.001098,75.833966434146,0.2032,0.0039339,0.001328,33.75784844556293,0.4903,0.0061181,0.00605,98.88690933459735,0.005742
751,6.5,High,300,250,400,EDTA,10,Clay,1.5,Wet,3,0.0014479,0.001094,75.557704261344,0.2037,0.0039339,0.001318,33.503647779557184,0.4896,0.0061181,0.006049,98.87056439090568,0.005777
752,6.5,High,300,250,400,EDTA,50,Clay,1.5,Wet,3,0.0014479,0.001078,74.45265557013606,0.2058,0.0039339,0.001278,32.48684511553421,0.4868,0.0061181,0.006047,98.83787450352234,0.005921
753,6.5,High,300,250,400,EDTA,150,Clay,1.5,Wet,3,0.0014479,0.001035,71.48283721251467,0.2111,0.0039339,0.001179,29.970258522077327,0.4793,0.0061181,0.006042,98.756149785064,0.006316
754,6.5,High,300,250,400,Citrate,10,Clay,1.5,Wet,3,0.0014479,0.001087,75.07424545894054,0.203,0.0039339,0.001316,33.45280764635603,0.4903,0.0061181,0.006043,98.77249472875566,0.005787
755,6.5,High,300,250,400,Citrate,50,Clay,1.5,Wet,3,0.0014479,0.001045,72.17349264451964,0.2023,0.0039339,0.001269,32.25806451612903,0.4899,0.0061181,0.006016,98.3311812490806,0.005972
756,6.5,High,300,250,400,Citrate,150,Clay,1.5,Wet,3,0.0014479,0.0009454,65.29456454175012,0.2013,0.0039339,0.001148,29.18223645745952,0.488,0.0061181,0.005944,97.15434530328044,0.006492
757,7.0,Low,25,20,30,None,0,Sand,0.1,Dry,12,0.00012066,5.535e-05,45.872700149179515,0.009051,0.00031471,0.0001137,36.1284992532808,0.03709,0.00045886,0.0004413,96.17312470034433,0.0003701
758,7.0,Low,25,20,30,EDTA,10,Sand,0.1,Dry,12,0.00012066,5.363e-05,44.4472070280126,0.009481,0.00031471,0.0001035,32.88742016459597,0.03649,0.00045886,0.0004408,96.06415900274592,0.0003996
759,7.0,Low,25,20,30,EDTA,50,Sand,0.1,Dry,12,0.00012066,4.46e-05,36.96336814188629,0.01179,0.00031471,6.296e-05,20.00571955133297,0.0332,0.00045886,0.0004375,95.34498539859652,0.000593
760,7.0,Low,25,20,30,EDTA,150,Sand,0.1,Dry,12,0.00012066,5.815e-06,4.819327034642798,0.01516,0.00031471,3.319e-06,1.054621715229894,0.01726,0.00045886,0.0003435,74.85943425009806,0.004591
761,7.0,Low,25,20,30,Citrate,10,Sand,0.1,Dry,12,0.00012066,5.087e-05,42.159787833581966,0.009216,0.00031471,0.0001016,32.28368974611547,0.03671,0.00045886,0.0004347,94.7347774920455,0.0004039
762,7.0,Low,25,20,30,Citrate,50,Sand,0.1,Dry,12,0.00012066,3.326e-05,27.56505884303,0.01002,0.00031471,5.765e-05,18.318451908105875,0.03466,0.00045886,0.0003952,86.12648738177222,0.0006109
763,7.0,Low,25,20,30,Citrate,150,Sand,0.1,Dry,12,0.00012066,6.454e-06,5.348914304657717,0.0104,0.00031471,8.614e-06,2.7371230656795142,0.02771,0.00045886,0.0001859,40.51344636708364,0.001537
764,7.0,Low,25,20,30,None,0,Sand,0.1,Mesic,8,0.00012066,5.535e-05,45.872700149179515,0.009051,0.00031471,0.0001137,36.1284992532808,0.03709,0.00045886,0.0004413,96.17312470034433,0.0003701
765,7.0,Low,25,20,30,EDTA,10,Sand,0.1,Mesic,8,0.00012066,5.363e-05,44.4472070280126,0.009481,0.00031471,0.0001035,32.88742016459597,0.03649,0.00045886,0.0004408,96.06415900274592,0.0003997
766,7.0,Low,25,20,30,EDTA,50,Sand,0.1,Mesic,8,0.00012066,4.46e-05,36.96336814188629,0.01179,0.00031471,6.296e-05,20.00571955133297,0.0332,0.00045886,0.0004375,95.34498539859652,0.000593
767,7.0,Low,25,20,30,EDTA,150,Sand,0.1,Mesic,8,0.00012066,5.815e-06,4.819327034642798,0.01516,0.00031471,3.319e-06,1.054621715229894,0.01726,0.00045886,0.0003435,74.85943425009806,0.004591
768,7.0,Low,25,20,30,Citrate,10,Sand,0.1,Mesic,8,0.00012066,5.087e-05,42.159787833581966,0.009216,0.00031471,0.0001016,32.28368974611547,0.03671,0.00045886,0.0004347,94.7347774920455,0.0004039
769,7.0,Low,25,20,30,Citrate,50,Sand,0.1,Mesic,8,0.00012066,3.326e-05,27.56505884303,0.01002,0.00031471,5.765e-05,18.318451908105875,0.03466,0.00045886,0.0003952,86.12648738177222,0.0006109
770,7.0,Low,25,20,30,Citrate,150,Sand,0.1,Mesic,8,0.00012066,6.454e-06,5.348914304657717,0.0104,0.00031471,8.614e-06,2.7371230656795142,0.02771,0.00045886,0.0001859,40.51344636708364,0.001537
771,7.0,Low,25,20,30,None,0,Sand,0.1,Wet,3,0.00012066,5.38e-05,44.58809878998839,0.01478,0.00031471,5.494e-05,17.457341679641576,0.03011,0.00045886,0.0004407,96.04236586322625,0.0006208
772,7.0,Low,25,20,30,EDTA,10,Sand,0.1,Wet,3,0.00012066,5.11e-05,42.35040609978452,0.01512,0.00031471,5.004e-05,15.900352705665535,0.02955,0.00045886,0.0004398,95.84622760754914,0.0006676
773,7.0,Low,25,20,30,EDTA,50,Sand,0.1,Wet,3,0.00012066,3.865e-05,32.0321564727333,0.01653,0.00031471,3.156e-05,10.028280003813036,0.02694,0.00045886,0.0004346,94.71298435252582,0.0009534
774,7.0,Low,25,20,30,EDTA,150,Sand,0.1,Wet,3,0.00012066,5.351e-06,4.43477540195591,0.01511,0.00031471,2.939e-06,0.9338756315337932,0.01656,0.00045886,0.0003363,73.29032820468116,0.00487
775,7.0,Low,25,20,30,Citrate,10,Sand,0.1,Wet,3,0.00012066,4.774e-05,39.56572186308635,0.01444,0.00031471,5.002e-05,15.893997648628897,0.03019,0.00045886,0.0004307,93.86305191125834,0.0006681
776,7.0,Low,25,20,30,Citrate,50,Sand,0.1,Wet,3,0.00012066,2.834e-05,23.487485496436268,0.01326,0.00031471,3.215e-05,10.215754186393823,0.03002,0.00045886,0.0003781,82.39986052390707,0.0009076
777,7.0,Low,25,20,30,Citrate,150,Sand,0.1,Wet,3,0.00012066,5.995e-06,4.968506547323057,0.01085,0.00031471,7.368e-06,2.341203012297035,0.0266,0.00045886,0.000177,38.57385694983219,0.001643
778,7.0,Low,25,20,30,None,0,Loam,0.5,Dry,12,0.00012066,5.535e-05,45.872700149179515,0.04523,0.00031471,0.0001137,36.1284992532808,0.1853,0.00045886,0.0004413,96.17312470034433,0.001849
779,7.0,Low,25,20,30,EDTA,10,Loam,0.5,Dry,12,0.00012066,5.363e-05,44.4472070280126,0.04737,0.00031471,0.0001035,32.88742016459597,0.1823,0.00045886,0.0004408,96.06415900274592,0.001997
780,7.0,Low,25,20,30,EDTA,50,Loam,0.5,Dry,12,0.00012066,4.46e-05,36.96336814188629,0.05889,0.00031471,6.296e-05,20.00571955133297,0.1659,0.00045886,0.0004375,95.34498539859652,0.002963
781,7.0,Low,25,20,30,EDTA,150,Loam,0.5,Dry,12,0.00012066,5.815e-06,4.819327034642798,0.07575,0.00031471,3.319e-06,1.054621715229894,0.08627,0.00045886,0.0003435,74.85943425009806,0.02295
782,7.0,Low,25,20,30,Citrate,10,Loam,0.5,Dry,12,0.00012066,5.087e-05,42.159787833581966,0.04605,0.00031471,0.0001016,32.28368974611547,0.1834,0.00045886,0.0004347,94.7347774920455,0.002018
783,7.0,Low,25,20,30,Citrate,50,Loam,0.5,Dry,12,0.00012066,3.326e-05,27.56505884303,0.05009,0.00031471,5.765e-05,18.318451908105875,0.1732,0.00045886,0.0003952,86.12648738177222,0.003053
784,7.0,Low,25,20,30,Citrate,150,Loam,0.5,Dry,12,0.00012066,6.454e-06,5.348914304657717,0.052,0.00031471,8.614e-06,2.7371230656795142,0.1385,0.00045886,0.0001859,40.51344636708364,0.007683
785,7.0,Low,25,20,30,None,0,Loam,0.5,Mesic,8,0.00012066,5.535e-05,45.872700149179515,0.04523,0.00031471,0.0001137,36.1284992532808,0.1853,0.00045886,0.0004413,96.17312470034433,0.001849
786,7.0,Low,25,20,30,EDTA,10,Loam,0.5,Mesic,8,0.00012066,5.363e-05,44.4472070280126,0.04737,0.00031471,0.0001035,32.88742016459597,0.1823,0.00045886,0.0004408,96.06415900274592,0.001997
787,7.0,Low,25,20,30,EDTA,50,Loam,0.5,Mesic,8,0.00012066,4.46e-05,36.96336814188629,0.05889,0.00031471,6.296e-05,20.00571955133297,0.1659,0.00045886,0.0004375,95.34498539859652,0.002963
788,7.0,Low,25,20,30,EDTA,150,Loam,0.5,Mesic,8,0.00012066,5.815e-06,4.819327034642798,0.07575,0.00031471,3.319e-06,1.054621715229894,0.08627,0.00045886,0.0003435,74.85943425009806,0.02295
789,7.0,Low,25,20,30,Citrate,10,Loam,0.5,Mesic,8,0.00012066,5.087e-05,42.159787833581966,0.04605,0.00031471,0.0001016,32.28368974611547,0.1834,0.00045886,0.0004347,94.7347774920455,0.002018
790,7.0,Low,25,20,30,Citrate,50,Loam,0.5,Mesic,8,0.00012066,3.326e-05,27.56505884303,0.05009,0.00031471,5.765e-05,18.318451908105875,0.1732,0.00045886,0.0003952,86.12648738177222,0.003053
791,7.0,Low,25,20,30,Citrate,150,Loam,0.5,Mesic,8,0.00012066,6.454e-06,5.348914304657717,0.052,0.00031471,8.614e-06,2.7371230656795142,0.1385,0.00045886,0.0001859,40.51344636708364,0.007683
792,7.0,Low,25,20,30,None,0,Loam,0.5,Wet,3,0.00012066,5.38e-05,44.58809878998839,0.07385,0.00031471,5.494e-05,17.457341679641576,0.1505,0.00045886,0.0004407,96.04236586322625,0.003102
793,7.0,Low,25,20,30,EDTA,10,Loam,0.5,Wet,3,0.00012066,5.11e-05,42.35040609978452,0.07558,0.00031471,5.004e-05,15.900352705665535,0.1477,0.00045886,0.0004398,95.84622760754914,0.003336
794,7.0,Low,25,20,30,EDTA,50,Loam,0.5,Wet,3,0.00012066,3.865e-05,32.0321564727333,0.08262,0.00031471,3.156e-05,10.028280003813036,0.1346,0.00045886,0.0004346,94.71298435252582,0.004765
795,7.0,Low,25,20,30,EDTA,150,Loam,0.5,Wet,3,0.00012066,5.351e-06,4.43477540195591,0.07551,0.00031471,2.939e-06,0.9338756315337932,0.08276,0.00045886,0.0003363,73.29032820468116,0.02434
796,7.0,Low,25,20,30,Citrate,10,Loam,0.5,Wet,3,0.00012066,4.774e-05,39.56572186308635,0.07215,0.00031471,5.002e-05,15.893997648628897,0.1509,0.00045886,0.0004307,93.86305191125834,0.003339
797,7.0,Low,25,20,30,Citrate,50,Loam,0.5,Wet,3,0.00012066,2.834e-05,23.487485496436268,0.06628,0.00031471,3.215e-05,10.215754186393823,0.15,0.00045886,0.0003781,82.39986052390707,0.004535
798,7.0,Low,25,20,30,Citrate,150,Loam,0.5,Wet,3,0.00012066,5.995e-06,4.968506547323057,0.05422,0.00031471,7.368e-06,2.341203012297035,0.133,0.00045886,0.000177,38.57385694983219,0.00821
799,7.0,Low,25,20,30,None,0,Clay,1.5,Dry,12,0.00012066,5.535e-05,45.872700149179515,0.1357,0.00031471,0.0001137,36.1284992532808,0.5559,0.00045886,0.0004413,96.17312470034433,0.005547
800,7.0,Low,25,20,30,EDTA,10,Clay,1.5,Dry,12,0.00012066,5.363e-05,44.4472070280126,0.1421,0.00031471,0.0001035,32.88742016459597,0.547,0.00045886,0.0004408,96.06415900274592,0.00599
801,7.0,Low,25,20,30,EDTA,50,Clay,1.5,Dry,12,0.00012066,4.46e-05,36.96336814188629,0.1767,0.00031471,6.296e-05,20.00571955133297,0.4976,0.00045886,0.0004375,95.34498539859652,0.008888
802,7.0,Low,25,20,30,EDTA,150,Clay,1.5,Dry,12,0.00012066,5.815e-06,4.819327034642798,0.2272,0.00031471,3.319e-06,1.054621715229894,0.2588,0.00045886,0.0003435,74.85943425009806,0.06884
803,7.0,Low,25,20,30,Citrate,10,Clay,1.5,Dry,12,0.00012066,5.087e-05,42.159787833581966,0.1381,0.00031471,0.0001016,32.28368974611547,0.5503,0.00045886,0.0004347,94.7347774920455,0.006054
804,7.0,Low,25,20,30,Citrate,50,Clay,1.5,Dry,12,0.00012066,3.326e-05,27.56505884303,0.1503,0.00031471,5.765e-05,18.318451908105875,0.5196,0.00045886,0.0003952,86.12648738177222,0.009157
805,7.0,Low,25,20,30,Citrate,150,Clay,1.5,Dry,12,0.00012066,6.454e-06,5.348914304657717,0.156,0.00031471,8.614e-06,2.7371230656795142,0.4154,0.00045886,0.0001859,40.51344636708364,0.02305
806,7.0,Low,25,20,30,None,0,Clay,1.5,Mesic,8,0.00012066,5.535e-05,45.872700149179515,0.1357,0.00031471,0.0001137,36.1284992532808,0.5559,0.00045886,0.0004413,96.17312470034433,0.005547
807,7.0,Low,25,20,30,EDTA,10,Clay,1.5,Mesic,8,0.00012066,5.363e-05,44.4472070280126,0.1421,0.00031471,0.0001035,32.88742016459597,0.547,0.00045886,0.0004408,96.06415900274592,0.00599
808,7.0,Low,25,20,30,EDTA,50,Clay,1.5,Mesic,8,0.00012066,4.46e-05,36.96336814188629,0.1767,0.00031471,6.296e-05,20.00571955133297,0.4976,0.00045886,0.0004375,95.34498539859652,0.008889
809,7.0,Low,25,20,30,EDTA,150,Clay,1.5,Mesic,8,0.00012066,5.815e-06,4.819327034642798,0.2272,0.00031471,3.319e-06,1.054621715229894,0.2588,0.00045886,0.0003435,74.85943425009806,0.06884
810,7.0,Low,25,20,30,Citrate,10,Clay,1.5,Mesic,8,0.00012066,5.087e-05,42.159787833581966,0.1381,0.00031471,0.0001016,32.28368974611547,0.5503,0.00045886,0.0004347,94.7347774920455,0.006054
811,7.0,Low,25,20,30,Citrate,50,Clay,1.5,Mesic,8,0.00012066,3.326e-05,27.56505884303,0.1503,0.00031471,5.765e-05,18.318451908105875,0.5196,0.00045886,0.0003952,86.12648738177222,0.009157
812,7.0,Low,25,20,30,Citrate,150,Clay,1.5,Mesic,8,0.00012066,6.454e-06,5.348914304657717,0.156,0.00031471,8.614e-06,2.7371230656795142,0.4154,0.00045886,0.0001859,40.51344636708364,0.02305
813,7.0,Low,25,20,30,None,0,Clay,1.5,Wet,3,0.00012066,5.38e-05,44.58809878998839,0.2215,0.00031471,5.494e-05,17.457341679641576,0.4513,0.00045886,0.0004407,96.04236586322625,0.009306
814,7.0,Low,25,20,30,EDTA,10,Clay,1.5,Wet,3,0.00012066,5.11e-05,42.35040609978452,0.2267,0.00031471,5.004e-05,15.900352705665535,0.4429,0.00045886,0.0004398,95.84622760754914,0.01001
815,7.0,Low,25,20,30,EDTA,50,Clay,1.5,Wet,3,0.00012066,3.865e-05,32.0321564727333,0.2478,0.00031471,3.156e-05,10.028280003813036,0.4038,0.00045886,0.0004346,94.71298435252582,0.01429
816,7.0,Low,25,20,30,EDTA,150,Clay,1.5,Wet,3,0.00012066,5.351e-06,4.43477540195591,0.2265,0.00031471,2.939e-06,0.9338756315337932,0.2483,0.00045886,0.0003363,73.29032820468116,0.07301
817,7.0,Low,25,20,30,Citrate,10,Clay,1.5,Wet,3,0.00012066,4.774e-05,39.56572186308635,0.2164,0.00031471,5.002e-05,15.893997648628897,0.4525,0.00045886,0.0004307,93.86305191125834,0.01001
818,7.0,Low,25,20,30,Citrate,50,Clay,1.5,Wet,3,0.00012066,2.834e-05,23.487485496436268,0.1988,0.00031471,3.215e-05,10.215754186393823,0.4501,0.00045886,0.0003781,82.39986052390707,0.01361
819,7.0,Low,25,20,30,Citrate,150,Clay,1.5,Wet,3,0.00012066,5.995e-06,4.968506547323057,0.1626,0.00031471,7.368e-06,2.341203012297035,0.3988,0.00045886,0.000177,38.57385694983219,0.02463
820,7.0,Medium,100,80,120,None,0,Sand,0.1,Dry,12,0.00048263,0.0002605,53.97509479311273,0.01203,0.0012589,0.0003868,30.72523631741997,0.03565,0.0018354,0.001783,97.14503650430424,0.0004222
821,7.0,Medium,100,80,120,EDTA,10,Sand,0.1,Dry,12,0.00048263,0.0002579,53.436379835484736,0.0121,0.0012589,0.00038,30.18508221463182,0.03556,0.0018354,0.001782,97.09055246812683,0.0004287
822,7.0,Medium,100,80,120,EDTA,50,Sand,0.1,Dry,12,0.00048263,0.0002472,51.2193605867849,0.01238,0.0012589,0.000352,27.960918261974737,0.03518,0.0018354,0.001779,96.92710035959463,0.0004571
823,7.0,Medium,100,80,120,EDTA,150,Sand,0.1,Dry,12,0.00048263,0.0002174,45.04485838012556,0.01329,0.0012589,0.0002783,22.106601000873777,0.03395,0.0018354,0.001771,96.49122807017544,0.0005555
824,7.0,Medium,100,80,120,Citrate,10,Sand,0.1,Dry,12,0.00048263,0.0002537,52.56614798085489,0.01198,0.0012589,0.0003787,30.081817459687027,0.03567,0.0018354,0.001775,96.70916421488505,0.0004299
825,7.0,Medium,100,80,120,Citrate,50,Sand,0.1,Dry,12,0.00048263,0.0002276,47.15827859851232,0.0118,0.0012589,0.0003452,27.42076415918659,0.03572,0.0018354,0.001745,95.07464312956304,0.0004642
826,7.0,Medium,100,80,120,Citrate,150,Sand,0.1,Dry,12,0.00048263,0.0001691,35.03719205188239,0.01166,0.0012589,0.0002575,20.45436492175709,0.03543,0.0018354,0.001651,89.95314372888743,0.0005839
827,7.0,Medium,100,80,120,None,0,Sand,0.1,Mesic,8,0.00048263,0.0002605,53.97509479311273,0.01203,0.0012589,0.0003868,30.72523631741997,0.03565,0.0018354,0.001783,97.14503650430424,0.0004222
828,7.0,Medium,100,80,120,EDTA,10,Sand,0.1,Mesic,8,0.00048263,0.0002579,53.436379835484736,0.0121,0.0012589,0.00038,30.18508221463182,0.03556,0.0018354,0.001782,97.09055246812683,0.0004287
829,7.0,Medium,100,80,120,EDTA,50,Sand,0.1,Mesic,8,0.00048263,0.0002472,51.2193605867849,0.01238,0.0012589,0.000352,27.960918261974737,0.03518,0.0018354,0.001779,96.92710035959463,0.0004571
830,7.0,Medium,100,80,120,EDTA,150,Sand,0.1,Mesic,8,0.00048263,0.0002174,45.04485838012556,0.01329,0.0012589,0.0002783,22.106601000873777,0.03395,0.0018354,0.001771,96.49122807017544,0.0005555
831,7.0,Medium,100,80,120,Citrate,10,Sand,0.1,Mesic,8,0.00048263,0.0002537,52.56614798085489,0.01198,0.0012589,0.0003787,30.081817459687027,0.03567,0.0018354,0.001775,96.70916421488505,0.0004299
832,7.0,Medium,100,80,120,Citrate,50,Sand,0.1,Mesic,8,0.00048263,0.0002276,47.15827859851232,0.0118,0.0012589,0.0003452,27.42076415918659,0.03572,0.0018354,0.001745,95.07464312956304,0.0004642
833,7.0,Medium,100,80,120,Citrate,150,Sand,0.1,Mesic,8,0.00048263,0.0001691,35.03719205188239,0.01166,0.0012589,0.0002575,20.45436492175709,0.03543,0.0018354,0.001651,89.95314372888743,0.0005839
834,7.0,Medium,100,80,120,None,0,Sand,0.1,Wet,3,0.00048263,0.0002525,52.31751030810352,0.01635,0.0012589,0.0002384,18.937167368337434,0.03081,0.0018354,0.001781,97.03606843194945,0.0005916
835,7.0,Medium,100,80,120,EDTA,10,Sand,0.1,Wet,3,0.00048263,0.0002489,51.57159728984936,0.01642,0.0012589,0.0002334,18.539995233934388,0.03071,0.0018354,0.00178,96.98158439577203,0.0006021
836,7.0,Medium,100,80,120,EDTA,50,Sand,0.1,Wet,3,0.00048263,0.0002345,48.58794521683277,0.01669,0.0012589,0.0002133,16.943363253634125,0.0303,0.0018354,0.001776,96.76364825106243,0.0006485
837,7.0,Medium,100,80,120,EDTA,150,Sand,0.1,Wet,3,0.00048263,0.000196,40.6108198827259,0.01746,0.0012589,0.0001637,13.003415680355864,0.02909,0.0018354,0.001764,96.10983981693363,0.000806
838,7.0,Medium,100,80,120,Citrate,10,Sand,0.1,Wet,3,0.00048263,0.000244,50.55632679278121,0.01622,0.0012589,0.000233,18.508221463182142,0.0309,0.0018354,0.001771,96.49122807017544,0.0006039
839,7.0,Medium,100,80,120,Citrate,50,Sand,0.1,Wet,3,0.00048263,0.0002124,44.0088680769948,0.01573,0.0012589,0.0002112,16.776550957184845,0.03121,0.0018354,0.001731,94.31186662307944,0.0006575
840,7.0,Medium,100,80,120,Citrate,150,Sand,0.1,Wet,3,0.00048263,0.0001475,30.5617139423575,0.01481,0.0012589,0.0001575,12.510922233696084,0.03156,0.0018354,0.001605,87.44687806472704,0.0008265
841,7.0,Medium,100,80,120,None,0,Loam,0.5,Dry,12,0.00048263,0.0002605,53.97509479311273,0.0601,0.0012589,0.0003868,30.72523631741997,0.178,0.0018354,0.001783,97.14503650430424,0.002109
842,7.0,Medium,100,80,120,EDTA,10,Loam,0.5,Dry,12,0.00048263,0.0002579,53.436379835484736,0.06043,0.0012589,0.00038,30.18508221463182,0.1776,0.0018354,0.001782,97.09055246812683,0.002141
843,7.0,Medium,100,80,120,EDTA,50,Loam,0.5,Dry,12,0.00048263,0.0002472,51.2193605867849,0.06185,0.0012589,0.000352,27.960918261974737,0.1757,0.0018354,0.001779,96.92710035959463,0.002283
844,7.0,Medium,100,80,120,EDTA,150,Loam,0.5,Dry,12,0.00048263,0.0002174,45.04485838012556,0.06639,0.0012589,0.0002783,22.106601000873777,0.1696,0.0018354,0.001771,96.49122807017544,0.002775
845,7.0,Medium,100,80,120,Citrate,10,Loam,0.5,Dry,12,0.00048263,0.0002537,52.56614798085489,0.05983,0.0012589,0.0003787,30.081817459687027,0.1782,0.0018354,0.001775,96.70916421488505,0.002147
846,7.0,Medium,100,80,120,Citrate,50,Loam,0.5,Dry,12,0.00048263,0.0002276,47.15827859851232,0.05896,0.0012589,0.0003452,27.42076415918659,0.1784,0.0018354,0.001745,95.07464312956304,0.002319
847,7.0,Medium,100,80,120,Citrate,150,Loam,0.5,Dry,12,0.00048263,0.0001691,35.03719205188239,0.05824,0.0012589,0.0002575,20.45436492175709,0.177,0.0018354,0.001651,89.95314372888743,0.002917
848,7.0,Medium,100,80,120,None,0,Loam,0.5,Mesic,8,0.00048263,0.0002605,53.97509479311273,0.0601,0.0012589,0.0003868,30.72523631741997,0.178,0.0018354,0.001783,97.14503650430424,0.002109
849,7.0,Medium,100,80,120,EDTA,10,Loam,0.5,Mesic,8,0.00048263,0.0002579,53.436379835484736,0.06043,0.0012589,0.00038,30.18508221463182,0.1776,0.0018354,0.001782,97.09055246812683,0.002141
850,7.0,Medium,100,80,120,EDTA,50,Loam,0.5,Mesic,8,0.00048263,0.0002472,51.2193605867849,0.06185,0.0012589,0.000352,27.960918261974737,0.1757,0.0018354,0.001779,96.92710035959463,0.002283
851,7.0,Medium,100,80,120,EDTA,150,Loam,0.5,Mesic,8,0.00048263,0.0002174,45.04485838012556,0.06639,0.0012589,0.0002783,22.106601000873777,0.1696,0.0018354,0.001771,96.49122807017544,0.002775
852,7.0,Medium,100,80,120,Citrate,10,Loam,0.5,Mesic,8,0.00048263,0.0002537,52.56614798085489,0.05983,0.0012589,0.0003787,30.081817459687027,0.1782,0.0018354,0.001775,96.70916421488505,0.002147
853,7.0,Medium,100,80,120,Citrate,50,Loam,0.5,Mesic,8,0.00048263,0.0002276,47.15827859851232,0.05896,0.0012589,0.0003452,27.42076415918659,0.1784,0.0018354,0.001745,95.07464312956304,0.002319
854,7.0,Medium,100,80,120,Citrate,150,Loam,0.5,Mesic,8,0.00048263,0.0001691,35.03719205188239,0.05824,0.0012589,0.0002575,20.45436492175709,0.177,0.0018354,0.001651,89.95314372888743,0.002917
855,7.0,Medium,100,80,120,None,0,Loam,0.5,Wet,3,0.00048263,0.0002525,52.31751030810352,0.08168,0.0012589,0.0002384,18.937167368337434,0.1539,0.0018354,0.001781,97.03606843194945,0.002955
856,7.0,Medium,100,80,120,EDTA,10,Loam,0.5,Wet,3,0.00048263,0.0002489,51.57159728984936,0.08201,0.0012589,0.0002334,18.539995233934388,0.1534,0.0018354,0.00178,96.98158439577203,0.003008
857,7.0,Medium,100,80,120,EDTA,50,Loam,0.5,Wet,3,0.00048263,0.0002345,48.58794521683277,0.08339,0.0012589,0.0002133,16.943363253634125,0.1513,0.0018354,0.001776,96.76364825106243,0.00324
858,7.0,Medium,100,80,120,EDTA,150,Loam,0.5,Wet,3,0.00048263,0.000196,40.6108198827259,0.0872,0.0012589,0.0001637,13.003415680355864,0.1453,0.0018354,0.001764,96.10983981693363,0.004026
859,7.0,Medium,100,80,120,Citrate,10,Loam,0.5,Wet,3,0.00048263,0.000244,50.55632679278121,0.08102,0.0012589,0.000233,18.508221463182142,0.1544,0.0018354,0.001771,96.49122807017544,0.003017
860,7.0,Medium,100,80,120,Citrate,50,Loam,0.5,Wet,3,0.00048263,0.0002124,44.0088680769948,0.0786,0.0012589,0.0002112,16.776550957184845,0.1559,0.0018354,0.001731,94.31186662307944,0.003284
861,7.0,Medium,100,80,120,Citrate,150,Loam,0.5,Wet,3,0.00048263,0.0001475,30.5617139423575,0.074,0.0012589,0.0001575,12.510922233696084,0.1577,0.0018354,0.001605,87.44687806472704,0.004129
862,7.0,Medium,100,80,120,None,0,Clay,1.5,Dry,12,0.00048263,0.0002605,53.97509479311273,0.1803,0.0012589,0.0003868,30.72523631741997,0.534,0.0018354,0.001783,97.14503650430424,0.006326
863,7.0,Medium,100,80,120,EDTA,10,Clay,1.5,Dry,12,0.00048263,0.0002579,53.436379835484736,0.1812,0.0012589,0.00038,30.18508221463182,0.5327,0.0018354,0.001782,97.09055246812683,0.006422
864,7.0,Medium,100,80,120,EDTA,50,Clay,1.5,Dry,12,0.00048263,0.0002472,51.2193605867849,0.1855,0.0012589,0.000352,27.960918261974737,0.527,0.0018354,0.001779,96.92710035959463,0.006849
865,7.0,Medium,100,80,120,EDTA,150,Clay,1.5,Dry,12,0.00048263,0.0002174,45.04485838012556,0.1991,0.0012589,0.0002783,22.106601000873777,0.5087,0.0018354,0.001771,96.49122807017544,0.008322
866,7.0,Medium,100,80,120,Citrate,10,Clay,1.5,Dry,12,0.00048263,0.0002537,52.56614798085489,0.1795,0.0012589,0.0003787,30.081817459687027,0.5344,0.0018354,0.001775,96.70916421488505,0.006441
867,7.0,Medium,100,80,120,Citrate,50,Clay,1.5,Dry,12,0.00048263,0.0002276,47.15827859851232,0.1768,0.0012589,0.0003452,27.42076415918659,0.5352,0.0018354,0.001745,95.07464312956304,0.006955
868,7.0,Medium,100,80,120,Citrate,150,Clay,1.5,Dry,12,0.00048263,0.0001691,35.03719205188239,0.1747,0.0012589,0.0002575,20.45436492175709,0.5309,0.0018354,0.001651,89.95314372888743,0.008749
869,7.0,Medium,100,80,120,None,0,Clay,1.5,Mesic,8,0.00048263,0.0002605,53.97509479311273,0.1803,0.0012589,0.0003868,30.72523631741997,0.534,0.0018354,0.001783,97.14503650430424,0.006326
870,7.0,Medium,100,80,120,EDTA,10,Clay,1.5,Mesic,8,0.00048263,0.0002579,53.436379835484736,0.1812,0.0012589,0.00038,30.18508221463182,0.5327,0.0018354,0.001782,97.09055246812683,0.006422
871,7.0,Medium,100,80,120,EDTA,50,Clay,1.5,Mesic,8,0.00048263,0.0002472,51.2193605867849,0.1855,0.0012589,0.000352,27.960918261974737,0.527,0.0018354,0.001779,96.92710035959463,0.006849
872,7.0,Medium,100,80,120,EDTA,150,Clay,1.5,Mesic,8,0.00048263,0.0002174,45.04485838012556,0.1991,0.0012589,0.0002783,22.106601000873777,0.5087,0.0018354,0.001771,96.49122807017544,0.008322
873,7.0,Medium,100,80,120,Citrate,10,Clay,1.5,Mesic,8,0.00048263,0.0002537,52.56614798085489,0.1795,0.0012589,0.0003787,30.081817459687027,0.5344,0.0018354,0.001775,96.70916421488505,0.006441
874,7.0,Medium,100,80,120,Citrate,50,Clay,1.5,Mesic,8,0.00048263,0.0002276,47.15827859851232,0.1768,0.0012589,0.0003452,27.42076415918659,0.5352,0.0018354,0.001745,95.07464312956304,0.006955
875,7.0,Medium,100,80,120,Citrate,150,Clay,1.5,Mesic,8,0.00048263,0.0001691,35.03719205188239,0.1747,0.0012589,0.0002575,20.45436492175709,0.5309,0.0018354,0.001651,89.95314372888743,0.008749
876,7.0,Medium,100,80,120,None,0,Clay,1.5,Wet,3,0.00048263,0.0002525,52.31751030810352,0.245,0.0012589,0.0002384,18.937167368337434,0.4616,0.0018354,0.001781,97.03606843194945,0.008864
877,7.0,Medium,100,80,120,EDTA,10,Clay,1.5,Wet,3,0.00048263,0.0002489,51.57159728984936,0.246,0.0012589,0.0002334,18.539995233934388,0.4602,0.0018354,0.00178,96.98158439577203,0.009022
878,7.0,Medium,100,80,120,EDTA,50,Clay,1.5,Wet,3,0.00048263,0.0002345,48.58794521683277,0.2501,0.0012589,0.0002133,16.943363253634125,0.454,0.0018354,0.001776,96.76364825106243,0.009718
879,7.0,Medium,100,80,120,EDTA,150,Clay,1.5,Wet,3,0.00048263,0.000196,40.6108198827259,0.2616,0.0012589,0.0001637,13.003415680355864,0.4358,0.0018354,0.001764,96.10983981693363,0.01208
880,7.0,Medium,100,80,120,Citrate,10,Clay,1.5,Wet,3,0.00048263,0.000244,50.55632679278121,0.243,0.0012589,0.000233,18.508221463182142,0.463,0.0018354,0.001771,96.49122807017544,0.009049
881,7.0,Medium,100,80,120,Citrate,50,Clay,1.5,Wet,3,0.00048263,0.0002124,44.0088680769948,0.2358,0.0012589,0.0002112,16.776550957184845,0.4676,0.0018354,0.001731,94.31186662307944,0.009852
882,7.0,Medium,100,80,120,Citrate,150,Clay,1.5,Wet,3,0.00048263,0.0001475,30.5617139423575,0.222,0.0012589,0.0001575,12.510922233696084,0.473,0.0018354,0.001605,87.44687806472704,0.01239
883,7.0,High,300,250,400,None,0,Sand,0.1,Dry,12,0.0014479,0.0007605,52.524345603978176,0.01441,0.0039339,0.000893,22.700119474313023,0.03376,0.0061181,0.005996,98.00428237524721,0.0005826
884,7.0,High,300,250,400,EDTA,10,Sand,0.1,Dry,12,0.0014479,0.0007586,52.393121071897234,0.01443,0.0039339,0.0008889,22.59589720125067,0.03373,0.0061181,0.005995,97.98793743155557,0.0005848
885,7.0,High,300,250,400,EDTA,50,Sand,0.1,Dry,12,0.0014479,0.0007509,51.861316389253396,0.01451,0.0039339,0.0008727,22.184092122321363,0.03363,0.0061181,0.005993,97.95524754417222,0.0005937
886,7.0,High,300,250,400,EDTA,150,Sand,0.1,Dry,12,0.0014479,0.0007308,50.4730989709234,0.01471,0.0039339,0.0008311,21.126617351737462,0.03338,0.0061181,0.005986,97.84083293833054,0.0006178
887,7.0,High,300,250,400,Citrate,10,Sand,0.1,Dry,12,0.0014479,0.0007558,52.19973755093584,0.01439,0.0039339,0.0008885,22.58572917461044,0.03376,0.0061181,0.005987,97.8571778820222,0.0005848
888,7.0,High,300,250,400,Citrate,50,Sand,0.1,Dry,12,0.0014479,0.0007369,50.89439878444644,0.01434,0.0039339,0.0008702,22.120541955819924,0.03379,0.0061181,0.005951,97.26875990912211,0.000594
889,7.0,High,300,250,400,Citrate,150,Sand,0.1,Dry,12,0.0014479,0.0006893,47.606878928102766,0.01422,0.0039339,0.0008222,20.900378758992353,0.03385,0.0061181,0.00586,95.78137003318024,0.0006201
890,7.0,High,300,250,400,None,0,Sand,0.1,Mesic,8,0.0014479,0.0007605,52.524345603978176,0.01441,0.0039339,0.000893,22.700119474313023,0.03376,0.0061181,0.005996,98.00428237524721,0.0005826
891,7.0,High,300,250,400,EDTA,10,Sand,0.1,Mesic,8,0.0014479,0.0007586,52.393121071897234,0.01443,0.0039339,0.0008889,22.59589720125067,0.03373,0.0061181,0.005995,97.98793743155557,0.0005848
892,7.0,High,300,250,400,EDTA,50,Sand,0.1,Mesic,8,0.0014479,0.0007509,51.861316389253396,0.01451,0.0039339,0.0008727,22.184092122321363,0.03363,0.0061181,0.005993,97.95524754417222,0.0005937
893,7.0,High,300,250,400,EDTA,150,Sand,0.1,Mesic,8,0.0014479,0.0007308,50.4730989709234,0.01471,0.0039339,0.0008311,21.126617351737462,0.03338,0.0061181,0.005986,97.84083293833054,0.0006178
894,7.0,High,300,250,400,Citrate,10,Sand,0.1,Mesic,8,0.0014479,0.0007558,52.19973755093584,0.01439,0.0039339,0.0008885,22.58572917461044,0.03376,0.0061181,0.005987,97.8571778820222,0.0005848
895,7.0,High,300,250,400,Citrate,50,Sand,0.1,Mesic,8,0.0014479,0.0007369,50.89439878444644,0.01434,0.0039339,0.0008702,22.120541955819924,0.03379,0.0061181,0.005951,97.26875990912211,0.000594
896,7.0,High,300,250,400,Citrate,150,Sand,0.1,Mesic,8,0.0014479,0.0006893,47.606878928102766,0.01422,0.0039339,0.0008222,20.900378758992353,0.03385,0.0061181,0.00586,95.78137003318024,0.0006201
897,7.0,High,300,250,400,None,0,Sand,0.1,Wet,3,0.0014479,0.0007627,52.67628979901927,0.01675,0.0039339,0.0007123,18.106713439589214,0.03122,0.0061181,0.006002,98.10235203739724,0.0006761
898,7.0,High,300,250,400,EDTA,10,Sand,0.1,Wet,3,0.0014479,0.0007604,52.51743904965813,0.01678,0.0039339,0.0007085,18.01011718650703,0.03119,0.0061181,0.006001,98.08600709370558,0.000679
899,7.0,High,300,250,400,EDTA,50,Sand,0.1,Wet,3,0.0014479,0.0007509,51.861316389253396,0.01687,0.0039339,0.0006932,17.621190167518243,0.03107,0.0061181,0.005998,98.03697226263056,0.000691
900,7.0,High,300,250,400,EDTA,150,Sand,0.1,Wet,3,0.0014479,0.000726,50.14158436356102,0.01711,0.0039339,0.0006544,16.634891583415946,0.03076,0.0061181,0.005989,97.88986776940554,0.0007236
901,7.0,High,300,250,400,Citrate,10,Sand,0.1,Wet,3,0.0014479,0.0007573,52.303335865736585,0.01674,0.0039339,0.0007082,18.00249116652686,0.03123,0.0061181,0.005992,97.93890260048055,0.0006791
902,7.0,High,300,250,400,Citrate,50,Sand,0.1,Wet,3,0.0014479,0.0007353,50.78389391532565,0.01666,0.0039339,0.0006917,17.583060067617375,0.03127,0.0061181,0.005951,97.26875990912211,0.0006915
903,7.0,High,300,250,400,Citrate,150,Sand,0.1,Wet,3,0.0014479,0.0006796,46.93694315905795,0.01647,0.0039339,0.0006488,16.492539210452733,0.03138,0.0061181,0.005845,95.53619587780521,0.0007266
904,7.0,High,300,250,400,None,0,Loam,0.5,Dry,12,0.0014479,0.0007605,52.524345603978176,0.07192,0.0039339,0.000893,22.700119474313023,0.1685,0.0061181,0.005996,98.00428237524721,0.002908
905,7.0,High,300,250,400,EDTA,10,Loam,0.5,Dry,12,0.0014479,0.0007586,52.393121071897234,0.07201,0.0039339,0.0008889,22.59589720125067,0.1684,0.0061181,0.005995,97.98793743155557,0.002919
906,7.0,High,300,250,400,EDTA,50,Loam,0.5,Dry,12,0.0014479,0.0007509,51.861316389253396,0.0724,0.0039339,0.0008727,22.184092122321363,0.1679,0.0061181,0.005993,97.95524754417222,0.002963
907,7.0,High,300,250,400,EDTA,150,Loam,0.5,Dry,12,0.0014479,0.0007308,50.4730989709234,0.07342,0.0039339,0.0008311,21.126617351737462,0.1666,0.0061181,0.005986,97.84083293833054,0.003084
908,7.0,High,300,250,400,Citrate,10,Loam,0.5,Dry,12,0.0014479,0.0007558,52.19973755093584,0.07185,0.0039339,0.0008885,22.58572917461044,0.1685,0.0061181,0.005987,97.8571778820222,0.002919
909,7.0,High,300,250,400,Citrate,50,Loam,0.5,Dry,12,0.0014479,0.0007369,50.89439878444644,0.07159,0.0039339,0.0008702,22.120541955819924,0.1687,0.0061181,0.005951,97.26875990912211,0.002965
910,7.0,High,300,250,400,Citrate,150,Loam,0.5,Dry,12,0.0014479,0.0006893,47.606878928102766,0.07099,0.0039339,0.0008222,20.900378758992353,0.169,0.0061181,0.00586,95.78137003318024,0.003095
911,7.0,High,300,250,400,None,0,Loam,0.5,Mesic,8,0.0014479,0.0007605,52.524345603978176,0.07192,0.0039339,0.000893,22.700119474313023,0.1685,0.0061181,0.005996,98.00428237524721,0.002908
912,7.0,High,300,250,400,EDTA,10,Loam,0.5,Mesic,8,0.0014479,0.0007586,52.393121071897234,0.07201,0.0039339,0.0008889,22.59589720125067,0.1684,0.0061181,0.005995,97.98793743155557,0.002919
913,7.0,High,300,250,400,EDTA,50,Loam,0.5,Mesic,8,0.0014479,0.0007509,51.861316389253396,0.0724,0.0039339,0.0008727,22.184092122321363,0.1679,0.0061181,0.005993,97.95524754417222,0.002963
914,7.0,High,300,250,400,EDTA,150,Loam,0.5,Mesic,8,0.0014479,0.0007308,50.4730989709234,0.07342,0.0039339,0.0008311,21.126617351737462,0.1666,0.0061181,0.005986,97.84083293833054,0.003084
915,7.0,High,300,250,400,Citrate,10,Loam,0.5,Mesic,8,0.0014479,0.0007558,52.19973755093584,0.07185,0.0039339,0.0008885,22.58572917461044,0.1685,0.0061181,0.005987,97.8571778820222,0.002919
916,7.0,High,300,250,400,Citrate,50,Loam,0.5,Mesic,8,0.0014479,0.0007369,50.89439878444644,0.07159,0.0039339,0.0008702,22.120541955819924,0.1687,0.0061181,0.005951,97.26875990912211,0.002965
917,7.0,High,300,250,400,Citrate,150,Loam,0.5,Mesic,8,0.0014479,0.0006893,47.606878928102766,0.07099,0.0039339,0.0008222,20.900378758992353,0.169,0.0061181,0.00586,95.78137003318024,0.003095
918,7.0,High,300,250,400,None,0,Loam,0.5,Wet,3,0.0014479,0.0007627,52.67628979901927,0.08363,0.0039339,0.0007123,18.106713439589214,0.1558,0.0061181,0.006002,98.10235203739724,0.003375
919,7.0,High,300,250,400,EDTA,10,Loam,0.5,Wet,3,0.0014479,0.0007604,52.51743904965813,0.08375,0.0039339,0.0007085,18.01011718650703,0.1557,0.0061181,0.006001,98.08600709370558,0.00339
920,7.0,High,300,250,400,EDTA,50,Loam,0.5,Wet,3,0.0014479,0.0007509,51.861316389253396,0.08421,0.0039339,0.0006932,17.621190167518243,0.1551,0.0061181,0.005998,98.03697226263056,0.003449
921,7.0,High,300,250,400,EDTA,150,Loam,0.5,Wet,3,0.0014479,0.000726,50.14158436356102,0.08539,0.0039339,0.0006544,16.634891583415946,0.1536,0.0061181,0.005989,97.88986776940554,0.003612
922,7.0,High,300,250,400,Citrate,10,Loam,0.5,Wet,3,0.0014479,0.0007573,52.303335865736585,0.08354,0.0039339,0.0007082,18.00249116652686,0.1559,0.0061181,0.005992,97.93890260048055,0.00339
923,7.0,High,300,250,400,Citrate,50,Loam,0.5,Wet,3,0.0014479,0.0007353,50.78389391532565,0.08317,0.0039339,0.0006917,17.583060067617375,0.1561,0.0061181,0.005951,97.26875990912211,0.003452
924,7.0,High,300,250,400,Citrate,150,Loam,0.5,Wet,3,0.0014479,0.0006796,46.93694315905795,0.08223,0.0039339,0.0006488,16.492539210452733,0.1566,0.0061181,0.005845,95.53619587780521,0.003627
925,7.0,High,300,250,400,None,0,Clay,1.5,Dry,12,0.0014479,0.0007605,52.524345603978176,0.2157,0.0039339,0.000893,22.700119474313023,0.5053,0.0061181,0.005996,98.00428237524721,0.008721
926,7.0,High,300,250,400,EDTA,10,Clay,1.5,Dry,12,0.0014479,0.0007586,52.393121071897234,0.216,0.0039339,0.0008889,22.59589720125067,0.505,0.0061181,0.005995,97.98793743155557,0.008754
927,7.0,High,300,250,400,EDTA,50,Clay,1.5,Dry,12,0.0014479,0.0007509,51.861316389253396,0.2171,0.0039339,0.0008727,22.184092122321363,0.5035,0.0061181,0.005993,97.95524754417222,0.008887
928,7.0,High,300,250,400,EDTA,150,Clay,1.5,Dry,12,0.0014479,0.0007308,50.4730989709234,0.2202,0.0039339,0.0008311,21.126617351737462,0.4996,0.0061181,0.005986,97.84083293833054,0.009249
929,7.0,High,300,250,400,Citrate,10,Clay,1.5,Dry,12,0.0014479,0.0007558,52.19973755093584,0.2155,0.0039339,0.0008885,22.58572917461044,0.5054,0.0061181,0.005987,97.8571778820222,0.008754
930,7.0,High,300,250,400,Citrate,50,Clay,1.5,Dry,12,0.0014479,0.0007369,50.89439878444644,0.2147,0.0039339,0.0008702,22.120541955819924,0.5059,0.0061181,0.005951,97.26875990912211,0.008893
931,7.0,High,300,250,400,Citrate,150,Clay,1.5,Dry,12,0.0014479,0.0006893,47.606878928102766,0.2129,0.0039339,0.0008222,20.900378758992353,0.5067,0.0061181,0.00586,95.78137003318024,0.009283
932,7.0,High,300,250,400,None,0,Clay,1.5,Mesic,8,0.0014479,0.0007605,52.524345603978176,0.2157,0.0039339,0.000893,22.700119474313023,0.5053,0.0061181,0.005996,98.00428237524721,0.008721
933,7.0,High,300,250,400,EDTA,10,Clay,1.5,Mesic,8,0.0014479,0.0007586,52.393121071897234,0.216,0.0039339,0.0008889,22.59589720125067,0.505,0.0061181,0.005995,97.98793743155557,0.008754
934,7.0,High,300,250,400,EDTA,50,Clay,1.5,Mesic,8,0.0014479,0.0007509,51.861316389253396,0.2171,0.0039339,0.0008727,22.184092122321363,0.5035,0.0061181,0.005993,97.95524754417222,0.008887
935,7.0,High,300,250,400,EDTA,150,Clay,1.5,Mesic,8,0.0014479,0.0007308,50.4730989709234,0.2202,0.0039339,0.0008311,21.126617351737462,0.4996,0.0061181,0.005986,97.84083293833054,0.009249
936,7.0,High,300,250,400,Citrate,10,Clay,1.5,Mesic,8,0.0014479,0.0007558,52.19973755093584,0.2155,0.0039339,0.0008885,22.58572917461044,0.5054,0.0061181,0.005987,97.8571778820222,0.008754
937,7.0,High,300,250,400,Citrate,50,Clay,1.5,Mesic,8,0.0014479,0.0007369,50.89439878444644,0.2147,0.0039339,0.0008702,22.120541955819924,0.5059,0.0061181,0.005951,97.26875990912211,0.008893
938,7.0,High,300,250,400,Citrate,150,Clay,1.5,Mesic,8,0.0014479,0.0006893,47.606878928102766,0.2129,0.0039339,0.0008222,20.900378758992353,0.5067,0.0061181,0.00586,95.78137003318024,0.009283
939,7.0,High,300,250,400,None,0,Clay,1.5,Wet,3,0.0014479,0.0007627,52.67628979901927,0.2508,0.0039339,0.0007123,18.106713439589214,0.4674,0.0061181,0.006002,98.10235203739724,0.01012
940,7.0,High,300,250,400,EDTA,10,Clay,1.5,Wet,3,0.0014479,0.0007604,52.51743904965813,0.2512,0.0039339,0.0007085,18.01011718650703,0.4669,0.0061181,0.006001,98.08600709370558,0.01017
941,7.0,High,300,250,400,EDTA,50,Clay,1.5,Wet,3,0.0014479,0.0007509,51.861316389253396,0.2526,0.0039339,0.0006932,17.621190167518243,0.4652,0.0061181,0.005998,98.03697226263056,0.01035
942,7.0,High,300,250,400,EDTA,150,Clay,1.5,Wet,3,0.0014479,0.000726,50.14158436356102,0.2561,0.0039339,0.0006544,16.634891583415946,0.4606,0.0061181,0.005989,97.88986776940554,0.01083
943,7.0,High,300,250,400,Citrate,10,Clay,1.5,Wet,3,0.0014479,0.0007573,52.303335865736585,0.2506,0.0039339,0.0007082,18.00249116652686,0.4676,0.0061181,0.005992,97.93890260048055,0.01017
944,7.0,High,300,250,400,Citrate,50,Clay,1.5,Wet,3,0.0014479,0.0007353,50.78389391532565,0.2495,0.0039339,0.0006917,17.583060067617375,0.4682,0.0061181,0.005951,97.26875990912211,0.01035
945,7.0,High,300,250,400,Citrate,150,Clay,1.5,Wet,3,0.0014479,0.0006796,46.93694315905795,0.2466,0.0039339,0.0006488,16.492539210452733,0.4698,0.0061181,0.005845,95.53619587780521,0.01088
946,7.5,Low,25,20,30,None,0,Sand,0.1,Dry,12,0.00012066,3.101e-05,25.700314934526773,0.01221,0.00031471,4.483e-05,14.244860347621621,0.03521,0.00045886,0.0004234,92.27215272632175,0.0008548
947,7.5,Low,25,20,30,EDTA,10,Sand,0.1,Dry,12,0.00012066,2.967e-05,24.589756340129288,0.01256,0.00031471,4.113e-05,13.069174795843793,0.03473,0.00045886,0.0004222,92.0106350520856,0.0009165
948,7.5,Low,25,20,30,EDTA,50,Sand,0.1,Dry,12,0.00012066,2.349e-05,19.467926404773745,0.01439,0.00031471,2.629e-05,8.353722474659211,0.03214,0.00045886,0.0004154,90.52870156474742,0.001305
949,7.5,Low,25,20,30,EDTA,150,Sand,0.1,Dry,12,0.00012066,4.405e-06,3.6507541853141063,0.01754,0.00031471,2.592e-06,0.8236153919481426,0.02059,0.00045886,0.0003143,68.49583751035175,0.006417
950,7.5,Low,25,20,30,Citrate,10,Sand,0.1,Dry,12,0.00012066,2.821e-05,23.3797447372783,0.01209,0.00031471,4.115e-05,13.075529852880429,0.0352,0.00045886,0.0004117,89.72235540251928,0.0009053
951,7.5,Low,25,20,30,Citrate,50,Sand,0.1,Dry,12,0.00012066,1.871e-05,15.506381568042432,0.01191,0.00031471,2.733e-05,8.68418544056433,0.03473,0.00045886,0.0003552,77.40923157390054,0.00116
952,7.5,Low,25,20,30,Citrate,150,Sand,0.1,Dry,12,0.00012066,5.134e-06,4.254931211669153,0.01199,0.00031471,6.838e-06,2.1727940008261575,0.03185,0.00045886,0.0001667,36.32916357930524,0.001996
953,7.5,Low,25,20,30,None,0,Sand,0.1,Mesic,8,0.00012066,3.101e-05,25.700314934526773,0.01221,0.00031471,4.483e-05,14.244860347621621,0.03521,0.00045886,0.0004234,92.27215272632175,0.0008548
954,7.5,Low,25,20,30,EDTA,10,Sand,0.1,Mesic,8,0.00012066,2.967e-05,24.589756340129288,0.01256,0.00031471,4.113e-05,13.069174795843793,0.03473,0.00045886,0.0004222,92.0106350520856,0.0009165
955,7.5,Low,25,20,30,EDTA,50,Sand,0.1,Mesic,8,0.00012066,2.349e-05,19.467926404773745,0.01439,0.00031471,2.629e-05,8.353722474659211,0.03214,0.00045886,0.0004154,90.52870156474742,0.001305
956,7.5,Low,25,20,30,EDTA,150,Sand,0.1,Mesic,8,0.00012066,4.405e-06,3.6507541853141063,0.01754,0.00031471,2.592e-06,0.8236153919481426,0.02059,0.00045886,0.0003143,68.49583751035175,0.006417
957,7.5,Low,25,20,30,Citrate,10,Sand,0.1,Mesic,8,0.00012066,2.821e-05,23.3797447372783,0.01209,0.00031471,4.114e-05,13.072352324362113,0.0352,0.00045886,0.0004117,89.72235540251928,0.0009053
958,7.5,Low,25,20,30,Citrate,50,Sand,0.1,Mesic,8,0.00012066,1.871e-05,15.506381568042432,0.01191,0.00031471,2.733e-05,8.68418544056433,0.03473,0.00045886,0.0003552,77.40923157390054,0.00116
959,7.5,Low,25,20,30,Citrate,150,Sand,0.1,Mesic,8,0.00012066,5.134e-06,4.254931211669153,0.01199,0.00031471,6.838e-06,2.1727940008261575,0.03185,0.00045886,0.0001667,36.32916357930524,0.001996
960,7.5,Low,25,20,30,None,0,Sand,0.1,Wet,3,0.00012066,3.011e-05,24.95441737112548,0.01515,0.00031471,3.17e-05,10.072765403069491,0.03181,0.00045886,0.0004225,92.07601447064464,0.00109
961,7.5,Low,25,20,30,EDTA,10,Sand,0.1,Wet,3,0.00012066,2.855e-05,23.661528261229904,0.01545,0.00031471,2.904e-05,9.227542817196785,0.03135,0.00045886,0.000421,91.74911737784946,0.001168
962,7.5,Low,25,20,30,EDTA,50,Sand,0.1,Wet,3,0.00012066,2.169e-05,17.97613127797116,0.01684,0.00031471,1.876e-05,5.961043500365416,0.02908,0.00045886,0.0004127,89.94028679771607,0.001644
963,7.5,Low,25,20,30,EDTA,150,Sand,0.1,Wet,3,0.00012066,4.179e-06,3.4634510193933368,0.01763,0.00031471,2.383e-06,0.757205045915287,0.02006,0.00045886,0.0003093,67.40618053436778,0.006694
964,7.5,Low,25,20,30,Citrate,10,Sand,0.1,Wet,3,0.00012066,2.709e-05,22.451516658378914,0.01482,0.00031471,2.932e-05,9.3165136157097,0.032,0.00045886,0.0004088,89.09035435644859,0.001147
965,7.5,Low,25,20,30,Citrate,50,Sand,0.1,Wet,3,0.00012066,1.744e-05,14.453837228576164,0.01383,0.00031471,2.042e-05,6.488513234406279,0.03231,0.00045886,0.0003457,75.338883319531,0.001406
966,7.5,Low,25,20,30,Citrate,150,Sand,0.1,Wet,3,0.00012066,4.899e-06,4.0601690701143704,0.01249,0.00031471,6.103e-06,1.9392456547297512,0.03105,0.00045886,0.000161,35.08695462668352,0.002105
967,7.5,Low,25,20,30,None,0,Loam,0.5,Dry,12,0.00012066,3.101e-05,25.700314934526773,0.06101,0.00031471,4.483e-05,14.244860347621621,0.176,0.00045886,0.0004234,92.27215272632175,0.004272
968,7.5,Low,25,20,30,EDTA,10,Loam,0.5,Dry,12,0.00012066,2.967e-05,24.589756340129288,0.06276,0.00031471,4.113e-05,13.069174795843793,0.1736,0.00045886,0.0004222,92.0106350520856,0.00458
969,7.5,Low,25,20,30,EDTA,50,Loam,0.5,Dry,12,0.00012066,2.349e-05,19.467926404773745,0.07193,0.00031471,2.629e-05,8.353722474659211,0.1606,0.00045886,0.0004154,90.52870156474742,0.006522
970,7.5,Low,25,20,30,EDTA,150,Loam,0.5,Dry,12,0.00012066,4.405e-06,3.6507541853141063,0.08765,0.00031471,2.592e-06,0.8236153919481426,0.1029,0.00045886,0.0003143,68.49583751035175,0.03208
971,7.5,Low,25,20,30,Citrate,10,Loam,0.5,Dry,12,0.00012066,2.821e-05,23.3797447372783,0.06044,0.00031471,4.115e-05,13.075529852880429,0.1759,0.00045886,0.0004117,89.72235540251928,0.004524
972,7.5,Low,25,20,30,Citrate,50,Loam,0.5,Dry,12,0.00012066,1.871e-05,15.506381568042432,0.05955,0.00031471,2.733e-05,8.68418544056433,0.1736,0.00045886,0.0003552,77.40923157390054,0.005798
973,7.5,Low,25,20,30,Citrate,150,Loam,0.5,Dry,12,0.00012066,5.134e-06,4.254931211669153,0.05991,0.00031471,6.838e-06,2.1727940008261575,0.1592,0.00045886,0.0001667,36.32916357930524,0.009974
974,7.5,Low,25,20,30,None,0,Loam,0.5,Mesic,8,0.00012066,3.101e-05,25.700314934526773,0.06101,0.00031471,4.483e-05,14.244860347621621,0.176,0.00045886,0.0004234,92.27215272632175,0.004272
975,7.5,Low,25,20,30,EDTA,10,Loam,0.5,Mesic,8,0.00012066,2.967e-05,24.589756340129288,0.06276,0.00031471,4.113e-05,13.069174795843793,0.1736,0.00045886,0.0004222,92.0106350520856,0.00458
976,7.5,Low,25,20,30,EDTA,50,Loam,0.5,Mesic,8,0.00012066,2.349e-05,19.467926404773745,0.07193,0.00031471,2.629e-05,8.353722474659211,0.1606,0.00045886,0.0004154,90.52870156474742,0.006522
977,7.5,Low,25,20,30,EDTA,150,Loam,0.5,Mesic,8,0.00012066,4.405e-06,3.6507541853141063,0.08765,0.00031471,2.592e-06,0.8236153919481426,0.1029,0.00045886,0.0003143,68.49583751035175,0.03208
978,7.5,Low,25,20,30,Citrate,10,Loam,0.5,Mesic,8,0.00012066,2.821e-05,23.3797447372783,0.06044,0.00031471,4.114e-05,13.072352324362113,0.1759,0.00045886,0.0004117,89.72235540251928,0.004524
979,7.5,Low,25,20,30,Citrate,50,Loam,0.5,Mesic,8,0.00012066,1.871e-05,15.506381568042432,0.05955,0.00031471,2.733e-05,8.68418544056433,0.1736,0.00045886,0.0003552,77.40923157390054,0.005798
980,7.5,Low,25,20,30,Citrate,150,Loam,0.5,Mesic,8,0.00012066,5.134e-06,4.254931211669153,0.05991,0.00031471,6.838e-06,2.1727940008261575,0.1592,0.00045886,0.0001667,36.32916357930524,0.009974
981,7.5,Low,25,20,30,None,0,Loam,0.5,Wet,3,0.00012066,3.011e-05,24.95441737112548,0.07569,0.00031471,3.17e-05,10.072765403069491,0.159,0.00045886,0.0004225,92.07601447064464,0.005445
982,7.5,Low,25,20,30,EDTA,10,Loam,0.5,Wet,3,0.00012066,2.855e-05,23.661528261229904,0.07721,0.00031471,2.904e-05,9.227542817196785,0.1567,0.00045886,0.000421,91.74911737784946,0.005839
983,7.5,Low,25,20,30,EDTA,50,Loam,0.5,Wet,3,0.00012066,2.169e-05,17.97613127797116,0.08418,0.00031471,1.876e-05,5.961043500365416,0.1453,0.00045886,0.0004127,89.94028679771607,0.008215
984,7.5,Low,25,20,30,EDTA,150,Loam,0.5,Wet,3,0.00012066,4.179e-06,3.4634510193933368,0.08813,0.00031471,2.383e-06,0.757205045915287,0.1003,0.00045886,0.0003093,67.40618053436778,0.03346
985,7.5,Low,25,20,30,Citrate,10,Loam,0.5,Wet,3,0.00012066,2.709e-05,22.451516658378914,0.07406,0.00031471,2.932e-05,9.3165136157097,0.1599,0.00045886,0.0004088,89.09035435644859,0.005731
986,7.5,Low,25,20,30,Citrate,50,Loam,0.5,Wet,3,0.00012066,1.744e-05,14.453837228576164,0.06913,0.00031471,2.042e-05,6.488513234406279,0.1615,0.00045886,0.0003457,75.338883319531,0.007027
987,7.5,Low,25,20,30,Citrate,150,Loam,0.5,Wet,3,0.00012066,4.899e-06,4.0601690701143704,0.06244,0.00031471,6.103e-06,1.9392456547297512,0.1552,0.00045886,0.000161,35.08695462668352,0.01052
988,7.5,Low,25,20,30,None,0,Clay,1.5,Dry,12,0.00012066,3.101e-05,25.700314934526773,0.183,0.00031471,4.483e-05,14.244860347621621,0.5279,0.00045886,0.0004234,92.27215272632175,0.01281
989,7.5,Low,25,20,30,EDTA,10,Clay,1.5,Dry,12,0.00012066,2.967e-05,24.589756340129288,0.1883,0.00031471,4.113e-05,13.069174795843793,0.5207,0.00045886,0.0004222,92.0106350520856,0.01374
990,7.5,Low,25,20,30,EDTA,50,Clay,1.5,Dry,12,0.00012066,2.349e-05,19.467926404773745,0.2158,0.00031471,2.629e-05,8.353722474659211,0.4818,0.00045886,0.0004154,90.52870156474742,0.01957
991,7.5,Low,25,20,30,EDTA,150,Clay,1.5,Dry,12,0.00012066,4.405e-06,3.6507541853141063,0.2629,0.00031471,2.592e-06,0.8236153919481426,0.3087,0.00045886,0.0003143,68.49583751035175,0.09623
992,7.5,Low,25,20,30,Citrate,10,Clay,1.5,Dry,12,0.00012066,2.821e-05,23.3797447372783,0.1813,0.00031471,4.115e-05,13.075529852880429,0.5277,0.00045886,0.0004117,89.72235540251928,0.01357
993,7.5,Low,25,20,30,Citrate,50,Clay,1.5,Dry,12,0.00012066,1.871e-05,15.506381568042432,0.1786,0.00031471,2.733e-05,8.68418544056433,0.5206,0.00045886,0.0003552,77.40923157390054,0.01739
994,7.5,Low,25,20,30,Citrate,150,Clay,1.5,Dry,12,0.00012066,5.134e-06,4.254931211669153,0.1797,0.00031471,6.838e-06,2.1727940008261575,0.4776,0.00045886,0.0001667,36.32916357930524,0.02992
995,7.5,Low,25,20,30,None,0,Clay,1.5,Mesic,8,0.00012066,3.101e-05,25.700314934526773,0.183,0.00031471,4.483e-05,14.244860347621621,0.5279,0.00045886,0.0004234,92.27215272632175,0.01281
996,7.5,Low,25,20,30,EDTA,10,Clay,1.5,Mesic,8,0.00012066,2.967e-05,24.589756340129288,0.1883,0.00031471,4.113e-05,13.069174795843793,0.5207,0.00045886,0.0004222,92.0106350520856,0.01374
997,7.5,Low,25,20,30,EDTA,50,Clay,1.5,Mesic,8,0.00012066,2.349e-05,19.467926404773745,0.2158,0.00031471,2.629e-05,8.353722474659211,0.4818,0.00045886,0.0004154,90.52870156474742,0.01957
998,7.5,Low,25,20,30,EDTA,150,Clay,1.5,Mesic,8,0.00012066,4.405e-06,3.6507541853141063,0.2629,0.00031471,2.592e-06,0.8236153919481426,0.3087,0.00045886,0.0003143,68.49583751035175,0.09623
999,7.5,Low,25,20,30,Citrate,10,Clay,1.5,Mesic,8,0.00012066,2.821e-05,23.3797447372783,0.1813,0.00031471,4.114e-05,13.072352324362113,0.5277,0.00045886,0.0004117,89.72235540251928,0.01357
1000,7.5,Low,25,20,30,Citrate,50,Clay,1.5,Mesic,8,0.00012066,1.871e-05,15.506381568042432,0.1786,0.00031471,2.733e-05,8.68418544056433,0.5206,0.00045886,0.0003552,77.40923157390054,0.01739
1001,7.5,Low,25,20,30,Citrate,150,Clay,1.5,Mesic,8,0.00012066,5.134e-06,4.254931211669153,0.1797,0.00031471,6.838e-06,2.1727940008261575,0.4776,0.00045886,0.0001667,36.32916357930524,0.02992
1002,7.5,Low,25,20,30,None,0,Clay,1.5,Wet,3,0.00012066,3.011e-05,24.95441737112548,0.227,0.00031471,3.17e-05,10.072765403069491,0.4769,0.00045886,0.0004225,92.07601447064464,0.01634
1003,7.5,Low,25,20,30,EDTA,10,Clay,1.5,Wet,3,0.00012066,2.855e-05,23.661528261229904,0.2316,0.00031471,2.904e-05,9.227542817196785,0.4701,0.00045886,0.000421,91.74911737784946,0.01752
1004,7.5,Low,25,20,30,EDTA,50,Clay,1.5,Wet,3,0.00012066,2.169e-05,17.97613127797116,0.2525,0.00031471,1.876e-05,5.961043500365416,0.4359,0.00045886,0.0004127,89.94028679771607,0.02464
1005,7.5,Low,25,20,30,EDTA,150,Clay,1.5,Wet,3,0.00012066,4.179e-06,3.4634510193933368,0.2644,0.00031471,2.383e-06,0.757205045915287,0.3008,0.00045886,0.0003093,67.40618053436778,0.1004
1006,7.5,Low,25,20,30,Citrate,10,Clay,1.5,Wet,3,0.00012066,2.709e-05,22.451516658378914,0.2222,0.00031471,2.932e-05,9.3165136157097,0.4797,0.00045886,0.0004088,89.09035435644859,0.01719
1007,7.5,Low,25,20,30,Citrate,50,Clay,1.5,Wet,3,0.00012066,1.744e-05,14.453837228576164,0.2074,0.00031471,2.042e-05,6.488513234406279,0.4844,0.00045886,0.0003457,75.338883319531,0.02108
1008,7.5,Low,25,20,30,Citrate,150,Clay,1.5,Wet,3,0.00012066,4.899e-06,4.0601690701143704,0.1873,0.00031471,6.103e-06,1.9392456547297512,0.4656,0.00045886,0.000161,35.08695462668352,0.03157
1009,7.5,Medium,100,80,120,None,0,Sand,0.1,Dry,12,0.00048263,0.0001525,31.597704245488263,0.0167,0.0012589,0.0001438,11.422670585431725,0.03142,0.0018354,0.00173,94.25738258690204,0.0009717
1010,7.5,Medium,100,80,120,EDTA,10,Sand,0.1,Dry,12,0.00048263,0.0001507,31.224747736361184,0.01672,0.0012589,0.0001417,11.255858288982443,0.03138,0.0018354,0.001729,94.20289855072464,0.0009842
1011,7.5,Medium,100,80,120,EDTA,50,Sand,0.1,Dry,12,0.00048263,0.0001431,29.65004247560243,0.01683,0.0012589,0.0001329,10.556835332433076,0.03119,0.0018354,0.001724,93.93047836983763,0.001039
1012,7.5,Medium,100,80,120,EDTA,150,Sand,0.1,Dry,12,0.00048263,0.0001227,25.42320203882892,0.01715,0.0012589,0.0001096,8.70601318611486,0.03058,0.0018354,0.001707,93.00424975482183,0.001224
1013,7.5,Medium,100,80,120,Citrate,10,Sand,0.1,Dry,12,0.00048263,0.0001485,30.76891200298365,0.01656,0.0012589,0.0001417,11.255858288982443,0.03153,0.0018354,0.001717,93.54909011659583,0.0009823
1014,7.5,Medium,100,80,120,Citrate,50,Sand,0.1,Dry,12,0.00048263,0.0001329,27.53662225721567,0.01603,0.0012589,0.000133,10.564778775121137,0.03199,0.0018354,0.001663,90.60695216301623,0.001028
1015,7.5,Medium,100,80,120,Citrate,150,Sand,0.1,Dry,12,0.00048263,9.82e-05,20.34684955348818,0.01484,0.0012589,0.0001092,8.674239415362617,0.03292,0.0018354,0.001513,82.43434673640623,0.001172
1016,7.5,Medium,100,80,120,None,0,Sand,0.1,Mesic,8,0.00048263,0.0001525,31.597704245488263,0.0167,0.0012589,0.0001438,11.422670585431725,0.03142,0.0018354,0.00173,94.25738258690204,0.0009717
1017,7.5,Medium,100,80,120,EDTA,10,Sand,0.1,Mesic,8,0.00048263,0.0001507,31.224747736361184,0.01672,0.0012589,0.0001417,11.255858288982443,0.03137,0.0018354,0.001729,94.20289855072464,0.0009842
1018,7.5,Medium,100,80,120,EDTA,50,Sand,0.1,Mesic,8,0.00048263,0.0001431,29.65004247560243,0.01683,0.0012589,0.0001329,10.556835332433076,0.03119,0.0018354,0.001724,93.93047836983763,0.001039
1019,7.5,Medium,100,80,120,EDTA,150,Sand,0.1,Mesic,8,0.00048263,0.0001227,25.42320203882892,0.01715,0.0012589,0.0001096,8.70601318611486,0.03058,0.0018354,0.001707,93.00424975482183,0.001224
1020,7.5,Medium,100,80,120,Citrate,10,Sand,0.1,Mesic,8,0.00048263,0.0001485,30.76891200298365,0.01656,0.0012589,0.0001417,11.255858288982443,0.03153,0.0018354,0.001717,93.54909011659583,0.0009823
1021,7.5,Medium,100,80,120,Citrate,50,Sand,0.1,Mesic,8,0.00048263,0.0001329,27.53662225721567,0.01603,0.0012589,0.000133,10.564778775121137,0.03199,0.0018354,0.001663,90.60695216301623,0.001028
1022,7.5,Medium,100,80,120,Citrate,150,Sand,0.1,Mesic,8,0.00048263,9.82e-05,20.34684955348818,0.01484,0.0012589,0.0001092,8.674239415362617,0.03292,0.0018354,0.001513,82.43434673640623,0.001172
1023,7.5,Medium,100,80,120,None,0,Sand,0.1,Wet,3,0.00048263,0.0001496,30.99682986967242,0.01867,0.0012589,0.0001175,9.333545158471681,0.02925,0.0018354,0.001728,94.14841451454723,0.001106
1024,7.5,Medium,100,80,120,EDTA,10,Sand,0.1,Wet,3,0.00048263,0.0001475,30.5617139423575,0.01868,0.0012589,0.0001156,9.182619747398522,0.02921,0.0018354,0.001727,94.09393047836984,0.001122
1025,7.5,Medium,100,80,120,EDTA,50,Sand,0.1,Wet,3,0.00048263,0.0001389,28.779810620972583,0.01876,0.0012589,0.0001078,8.563031217729764,0.02903,0.0018354,0.001721,93.76702626130545,0.001191
1026,7.5,Medium,100,80,120,EDTA,150,Sand,0.1,Wet,3,0.00048263,0.0001162,24.076414644758927,0.01897,0.0012589,8.74e-05,6.942568909365318,0.02848,0.0018354,0.0017,92.62286150158003,0.001424
1027,7.5,Medium,100,80,120,Citrate,10,Sand,0.1,Wet,3,0.00048263,0.0001453,30.105878208979963,0.0185,0.0012589,0.0001157,9.190563190086582,0.02939,0.0018354,0.001714,93.38563800806364,0.001119
1028,7.5,Medium,100,80,120,Citrate,50,Sand,0.1,Wet,3,0.00048263,0.0001286,26.645670596523217,0.01784,0.0012589,0.0001082,8.594804988482007,0.02995,0.0018354,0.001654,90.11659583741964,0.001177
1029,7.5,Medium,100,80,120,Citrate,150,Sand,0.1,Wet,3,0.00048263,9.26e-05,19.186540413981724,0.01634,0.0012589,8.843e-05,7.024386369052348,0.03114,0.0018354,0.001488,81.07224583197123,0.001347
1030,7.5,Medium,100,80,120,None,0,Loam,0.5,Dry,12,0.00048263,0.0001525,31.597704245488263,0.08343,0.0012589,0.0001438,11.422670585431725,0.157,0.0018354,0.00173,94.25738258690204,0.004854
1031,7.5,Medium,100,80,120,EDTA,10,Loam,0.5,Dry,12,0.00048263,0.0001507,31.224747736361184,0.08355,0.0012589,0.0001417,11.255858288982443,0.1567,0.0018354,0.001729,94.20289855072464,0.004917
1032,7.5,Medium,100,80,120,EDTA,50,Loam,0.5,Dry,12,0.00048263,0.0001431,29.65004247560243,0.08407,0.0012589,0.0001329,10.556835332433076,0.1558,0.0018354,0.001724,93.93047836983763,0.005192
1033,7.5,Medium,100,80,120,EDTA,150,Loam,0.5,Dry,12,0.00048263,0.0001227,25.42320203882892,0.0857,0.0012589,0.0001096,8.70601318611486,0.1528,0.0018354,0.001707,93.00424975482183,0.006114
1034,7.5,Medium,100,80,120,Citrate,10,Loam,0.5,Dry,12,0.00048263,0.0001485,30.76891200298365,0.08276,0.0012589,0.0001417,11.255858288982443,0.1575,0.0018354,0.001717,93.54909011659583,0.004907
1035,7.5,Medium,100,80,120,Citrate,50,Loam,0.5,Dry,12,0.00048263,0.0001329,27.53662225721567,0.08008,0.0012589,0.000133,10.564778775121137,0.1598,0.0018354,0.001663,90.60695216301623,0.005138
1036,7.5,Medium,100,80,120,Citrate,150,Loam,0.5,Dry,12,0.00048263,9.82e-05,20.34684955348818,0.07412,0.0012589,0.0001092,8.674239415362617,0.1645,0.0018354,0.001513,82.43434673640623,0.005856
1037,7.5,Medium,100,80,120,None,0,Loam,0.5,Mesic,8,0.00048263,0.0001525,31.597704245488263,0.08343,0.0012589,0.0001438,11.422670585431725,0.157,0.0018354,0.00173,94.25738258690204,0.004854
1038,7.5,Medium,100,80,120,EDTA,10,Loam,0.5,Mesic,8,0.00048263,0.0001507,31.224747736361184,0.08355,0.0012589,0.0001417,11.255858288982443,0.1567,0.0018354,0.001729,94.20289855072464,0.004917
1039,7.5,Medium,100,80,120,EDTA,50,Loam,0.5,Mesic,8,0.00048263,0.0001431,29.65004247560243,0.08407,0.0012589,0.0001329,10.556835332433076,0.1558,0.0018354,0.001724,93.93047836983763,0.005192
1040,7.5,Medium,100,80,120,EDTA,150,Loam,0.5,Mesic,8,0.00048263,0.0001227,25.42320203882892,0.0857,0.0012589,0.0001096,8.70601318611486,0.1528,0.0018354,0.001707,93.00424975482183,0.006114
1041,7.5,Medium,100,80,120,Citrate,10,Loam,0.5,Mesic,8,0.00048263,0.0001485,30.76891200298365,0.08276,0.0012589,0.0001417,11.255858288982443,0.1575,0.0018354,0.001717,93.54909011659583,0.004907
1042,7.5,Medium,100,80,120,Citrate,50,Loam,0.5,Mesic,8,0.00048263,0.0001329,27.53662225721567,0.08008,0.0012589,0.000133,10.564778775121137,0.1598,0.0018354,0.001663,90.60695216301623,0.005138
1043,7.5,Medium,100,80,120,Citrate,150,Loam,0.5,Mesic,8,0.00048263,9.82e-05,20.34684955348818,0.07412,0.0012589,0.0001092,8.674239415362617,0.1645,0.0018354,0.001513,82.43434673640623,0.005856
1044,7.5,Medium,100,80,120,None,0,Loam,0.5,Wet,3,0.00048263,0.0001496,30.99682986967242,0.09326,0.0012589,0.0001175,9.333545158471681,0.1462,0.0018354,0.001728,94.14841451454723,0.005526
1045,7.5,Medium,100,80,120,EDTA,10,Loam,0.5,Wet,3,0.00048263,0.0001475,30.5617139423575,0.09335,0.0012589,0.0001156,9.182619747398522,0.1459,0.0018354,0.001727,94.09393047836984,0.005605
1046,7.5,Medium,100,80,120,EDTA,50,Loam,0.5,Wet,3,0.00048263,0.0001389,28.779810620972583,0.09372,0.0012589,0.0001078,8.563031217729764,0.1451,0.0018354,0.001721,93.76702626130545,0.005952
1047,7.5,Medium,100,80,120,EDTA,150,Loam,0.5,Wet,3,0.00048263,0.0001162,24.076414644758927,0.09479,0.0012589,8.74e-05,6.942568909365318,0.1423,0.0018354,0.0017,92.62286150158003,0.007115
1048,7.5,Medium,100,80,120,Citrate,10,Loam,0.5,Wet,3,0.00048263,0.0001453,30.105878208979963,0.09244,0.0012589,0.0001157,9.190563190086582,0.1469,0.0018354,0.001714,93.38563800806364,0.005593
1049,7.5,Medium,100,80,120,Citrate,50,Loam,0.5,Wet,3,0.00048263,0.0001286,26.645670596523217,0.08914,0.0012589,0.0001082,8.594804988482007,0.1496,0.0018354,0.001654,90.11659583741964,0.005878
1050,7.5,Medium,100,80,120,Citrate,150,Loam,0.5,Wet,3,0.00048263,9.26e-05,19.186540413981724,0.08166,0.0012589,8.843e-05,7.024386369052348,0.1556,0.0018354,0.001488,81.07224583197123,0.006729
1051,7.5,Medium,100,80,120,None,0,Clay,1.5,Dry,12,0.00048263,0.0001525,31.597704245488263,0.2503,0.0012589,0.0001438,11.422670585431725,0.4708,0.0018354,0.00173,94.25738258690204,0.01456
1052,7.5,Medium,100,80,120,EDTA,10,Clay,1.5,Dry,12,0.00048263,0.0001507,31.224747736361184,0.2506,0.0012589,0.0001417,11.255858288982443,0.4702,0.0018354,0.001729,94.20289855072464,0.01475
1053,7.5,Medium,100,80,120,EDTA,50,Clay,1.5,Dry,12,0.00048263,0.0001431,29.65004247560243,0.2522,0.0012589,0.0001329,10.556835332433076,0.4674,0.0018354,0.001724,93.93047836983763,0.01557
1054,7.5,Medium,100,80,120,EDTA,150,Clay,1.5,Dry,12,0.00048263,0.0001227,25.42320203882892,0.2571,0.0012589,0.0001096,8.70601318611486,0.4583,0.0018354,0.001707,93.00424975482183,0.01834
1055,7.5,Medium,100,80,120,Citrate,10,Clay,1.5,Dry,12,0.00048263,0.0001485,30.76891200298365,0.2482,0.0012589,0.0001417,11.255858288982443,0.4726,0.0018354,0.001717,93.54909011659583,0.01472
1056,7.5,Medium,100,80,120,Citrate,50,Clay,1.5,Dry,12,0.00048263,0.0001329,27.53662225721567,0.2402,0.0012589,0.000133,10.564778775121137,0.4793,0.0018354,0.001663,90.60695216301623,0.01541
1057,7.5,Medium,100,80,120,Citrate,150,Clay,1.5,Dry,12,0.00048263,9.82e-05,20.34684955348818,0.2223,0.0012589,0.0001092,8.674239415362617,0.4933,0.0018354,0.001513,82.43434673640623,0.01757
1058,7.5,Medium,100,80,120,None,0,Clay,1.5,Mesic,8,0.00048263,0.0001525,31.597704245488263,0.2503,0.0012589,0.0001438,11.422670585431725,0.4708,0.0018354,0.00173,94.25738258690204,0.01456
1059,7.5,Medium,100,80,120,EDTA,10,Clay,1.5,Mesic,8,0.00048263,0.0001507,31.224747736361184,0.2506,0.0012589,0.0001417,11.255858288982443,0.4702,0.0018354,0.001729,94.20289855072464,0.01475
1060,7.5,Medium,100,80,120,EDTA,50,Clay,1.5,Mesic,8,0.00048263,0.0001431,29.65004247560243,0.2522,0.0012589,0.0001329,10.556835332433076,0.4674,0.0018354,0.001724,93.93047836983763,0.01557
1061,7.5,Medium,100,80,120,EDTA,150,Clay,1.5,Mesic,8,0.00048263,0.0001227,25.42320203882892,0.2571,0.0012589,0.0001096,8.70601318611486,0.4583,0.0018354,0.001707,93.00424975482183,0.01834
1062,7.5,Medium,100,80,120,Citrate,10,Clay,1.5,Mesic,8,0.00048263,0.0001485,30.76891200298365,0.2482,0.0012589,0.0001417,11.255858288982443,0.4726,0.0018354,0.001717,93.54909011659583,0.01472
1063,7.5,Medium,100,80,120,Citrate,50,Clay,1.5,Mesic,8,0.00048263,0.0001329,27.53662225721567,0.2402,0.0012589,0.000133,10.564778775121137,0.4793,0.0018354,0.001663,90.60695216301623,0.01541
1064,7.5,Medium,100,80,120,Citrate,150,Clay,1.5,Mesic,8,0.00048263,9.82e-05,20.34684955348818,0.2223,0.0012589,0.0001092,8.674239415362617,0.4933,0.0018354,0.001513,82.43434673640623,0.01757
1065,7.5,Medium,100,80,120,None,0,Clay,1.5,Wet,3,0.00048263,0.0001496,30.99682986967242,0.2797,0.0012589,0.0001175,9.333545158471681,0.4384,0.0018354,0.001728,94.14841451454723,0.01658
1066,7.5,Medium,100,80,120,EDTA,10,Clay,1.5,Wet,3,0.00048263,0.0001475,30.5617139423575,0.28,0.0012589,0.0001156,9.182619747398522,0.4378,0.0018354,0.001727,94.09393047836984,0.01681
1067,7.5,Medium,100,80,120,EDTA,50,Clay,1.5,Wet,3,0.00048263,0.0001389,28.779810620972583,0.2811,0.0012589,0.0001078,8.563031217729764,0.4351,0.0018354,0.001721,93.76702626130545,0.01785
1068,7.5,Medium,100,80,120,EDTA,150,Clay,1.5,Wet,3,0.00048263,0.0001162,24.076414644758927,0.2843,0.0012589,8.74e-05,6.942568909365318,0.4268,0.0018354,0.0017,92.62286150158003,0.02134
1069,7.5,Medium,100,80,120,Citrate,10,Clay,1.5,Wet,3,0.00048263,0.0001453,30.105878208979963,0.2773,0.0012589,0.0001157,9.190563190086582,0.4405,0.0018354,0.001714,93.38563800806364,0.01678
1070,7.5,Medium,100,80,120,Citrate,50,Clay,1.5,Wet,3,0.00048263,0.0001286,26.645670596523217,0.2674,0.0012589,0.0001082,8.594804988482007,0.4489,0.0018354,0.001654,90.11659583741964,0.01763
1071,7.5,Medium,100,80,120,Citrate,150,Clay,1.5,Wet,3,0.00048263,9.26e-05,19.186540413981724,0.245,0.0012589,8.843e-05,7.024386369052348,0.4668,0.0018354,0.001488,81.07224583197123,0.02018
1072,7.5,High,300,250,400,None,0,Sand,0.1,Dry,12,0.0014479,0.0003111,21.486290489674705,0.01599,0.0039339,0.0003105,7.892930679478381,0.03184,0.0061181,0.005858,95.74868014579691,0.001544
1073,7.5,High,300,250,400,EDTA,10,Sand,0.1,Dry,12,0.0014479,0.0003106,21.451757718074454,0.01601,0.0039339,0.0003093,7.862426599557691,0.03181,0.0061181,0.005856,95.71599025841357,0.001548
1074,7.5,High,300,250,400,EDTA,50,Sand,0.1,Dry,12,0.0014479,0.0003084,21.299813523033357,0.0161,0.0039339,0.0003044,7.737868273214878,0.0317,0.0061181,0.005849,95.60157565257188,0.001566
1075,7.5,High,300,250,400,EDTA,150,Sand,0.1,Dry,12,0.0014479,0.0003027,20.906139926790523,0.01633,0.0039339,0.0002919,7.420117440707695,0.03141,0.0061181,0.005832,95.32371160981353,0.001613
1076,7.5,High,300,250,400,Citrate,10,Sand,0.1,Dry,12,0.0014479,0.0003102,21.424131500794257,0.01599,0.0039339,0.0003094,7.864968606217748,0.03183,0.0061181,0.00584,95.45447115934685,0.001544
1077,7.5,High,300,250,400,Citrate,50,Sand,0.1,Dry,12,0.0014479,0.0003062,21.147869327992268,0.016,0.0039339,0.0003051,7.755662319835278,0.03182,0.0061181,0.005768,94.2776352135467,0.001546
1078,7.5,High,300,250,400,Citrate,150,Sand,0.1,Dry,12,0.0014479,0.0002958,20.429587678707094,0.01604,0.0039339,0.0002936,7.463331553928672,0.03176,0.0061181,0.005592,91.40092512381295,0.001555
1079,7.5,High,300,250,400,None,0,Sand,0.1,Mesic,8,0.0014479,0.0003111,21.486290489674705,0.01599,0.0039339,0.0003105,7.892930679478381,0.03184,0.0061181,0.005858,95.74868014579691,0.001544
1080,7.5,High,300,250,400,EDTA,10,Sand,0.1,Mesic,8,0.0014479,0.0003106,21.451757718074454,0.01601,0.0039339,0.0003093,7.862426599557691,0.03181,0.0061181,0.005856,95.71599025841357,0.001548
1081,7.5,High,300,250,400,EDTA,50,Sand,0.1,Mesic,8,0.0014479,0.0003084,21.299813523033357,0.0161,0.0039339,0.0003044,7.737868273214878,0.0317,0.0061181,0.005849,95.60157565257188,0.001566
1082,7.5,High,300,250,400,EDTA,150,Sand,0.1,Mesic,8,0.0014479,0.0003027,20.906139926790523,0.01633,0.0039339,0.0002919,7.420117440707695,0.03141,0.0061181,0.005832,95.32371160981353,0.001613
1083,7.5,High,300,250,400,Citrate,10,Sand,0.1,Mesic,8,0.0014479,0.0003102,21.424131500794257,0.01599,0.0039339,0.0003094,7.864968606217748,0.03183,0.0061181,0.00584,95.45447115934685,0.001544
1084,7.5,High,300,250,400,Citrate,50,Sand,0.1,Mesic,8,0.0014479,0.0003062,21.147869327992268,0.016,0.0039339,0.0003051,7.755662319835278,0.03182,0.0061181,0.005768,94.2776352135467,0.001546
1085,7.5,High,300,250,400,Citrate,150,Sand,0.1,Mesic,8,0.0014479,0.0002958,20.429587678707094,0.01604,0.0039339,0.0002936,7.463331553928672,0.03176,0.0061181,0.005592,91.40092512381295,0.001555
1086,7.5,High,300,250,400,None,0,Sand,0.1,Wet,3,0.0014479,0.0003117,21.527729815595,0.01698,0.0039339,0.0002827,7.186252827982409,0.03074,0.0061181,0.005861,95.7977149768719,0.001637
1087,7.5,High,300,250,400,EDTA,10,Sand,0.1,Wet,3,0.0014479,0.0003111,21.486290489674705,0.017,0.0039339,0.0002816,7.1582907547217784,0.03071,0.0061181,0.005859,95.76502508948856,0.001642
1088,7.5,High,300,250,400,EDTA,50,Sand,0.1,Wet,3,0.0014479,0.0003087,21.320533185993508,0.0171,0.0039339,0.0002768,7.0362744350390205,0.03059,0.0061181,0.005851,95.63426553995522,0.001662
1089,7.5,High,300,250,400,EDTA,150,Sand,0.1,Wet,3,0.0014479,0.0003024,20.885420263830373,0.01734,0.0039339,0.0002647,6.7286916291720695,0.03028,0.0061181,0.005832,95.32371160981353,0.001715
1090,7.5,High,300,250,400,Citrate,10,Sand,0.1,Wet,3,0.0014479,0.0003106,21.451757718074454,0.01698,0.0039339,0.0002817,7.160832761381836,0.03073,0.0061181,0.005842,95.4871610467302,0.001638
1091,7.5,High,300,250,400,Citrate,50,Sand,0.1,Wet,3,0.0014479,0.0003064,21.161682436632365,0.01699,0.0039339,0.0002775,7.054068481659423,0.03071,0.0061181,0.005767,94.26129026985504,0.00164
1092,7.5,High,300,250,400,Citrate,150,Sand,0.1,Wet,3,0.0014479,0.0002954,20.401961461426897,0.01702,0.0039339,0.0002666,6.77698975571316,0.03066,0.0061181,0.005583,91.25382063058794,0.00165
1093,7.5,High,300,250,400,None,0,Loam,0.5,Dry,12,0.0014479,0.0003111,21.486290489674705,0.07984,0.0039339,0.0003105,7.892930679478381,0.159,0.0061181,0.005858,95.74868014579691,0.007709
1094,7.5,High,300,250,400,EDTA,10,Loam,0.5,Dry,12,0.0014479,0.0003106,21.451757718074454,0.07995,0.0039339,0.0003093,7.862426599557691,0.1589,0.0061181,0.005856,95.71599025841357,0.00773
1095,7.5,High,300,250,400,EDTA,50,Loam,0.5,Dry,12,0.0014479,0.0003084,21.299813523033357,0.08038,0.0039339,0.0003044,7.737868273214878,0.1583,0.0061181,0.005849,95.60157565257188,0.007819
1096,7.5,High,300,250,400,EDTA,150,Loam,0.5,Dry,12,0.0014479,0.0003027,20.906139926790523,0.08152,0.0039339,0.0002919,7.420117440707695,0.1569,0.0061181,0.005832,95.32371160981353,0.008056
1097,7.5,High,300,250,400,Citrate,10,Loam,0.5,Dry,12,0.0014479,0.0003102,21.424131500794257,0.07986,0.0039339,0.0003094,7.864968606217748,0.159,0.0061181,0.00584,95.45447115934685,0.007711
1098,7.5,High,300,250,400,Citrate,50,Loam,0.5,Dry,12,0.0014479,0.0003062,21.147869327992268,0.07992,0.0039339,0.0003051,7.755662319835278,0.1589,0.0061181,0.005768,94.2776352135467,0.007721
1099,7.5,High,300,250,400,Citrate,150,Loam,0.5,Dry,12,0.0014479,0.0002958,20.429587678707094,0.08008,0.0039339,0.0002936,7.463331553928672,0.1586,0.0061181,0.005592,91.40092512381295,0.007764
1100,7.5,High,300,250,400,None,0,Loam,0.5,Mesic,8,0.0014479,0.0003111,21.486290489674705,0.07984,0.0039339,0.0003105,7.892930679478381,0.159,0.0061181,0.005858,95.74868014579691,0.007709
1101,7.5,High,300,250,400,EDTA,10,Loam,0.5,Mesic,8,0.0014479,0.0003106,21.451757718074454,0.07995,0.0039339,0.0003093,7.862426599557691,0.1589,0.0061181,0.005856,95.71599025841357,0.00773
1102,7.5,High,300,250,400,EDTA,50,Loam,0.5,Mesic,8,0.0014479,0.0003084,21.299813523033357,0.08038,0.0039339,0.0003044,7.737868273214878,0.1583,0.0061181,0.005849,95.60157565257188,0.007819
1103,7.5,High,300,250,400,EDTA,150,Loam,0.5,Mesic,8,0.0014479,0.0003027,20.906139926790523,0.08152,0.0039339,0.0002919,7.420117440707695,0.1569,0.0061181,0.005832,95.32371160981353,0.008056
1104,7.5,High,300,250,400,Citrate,10,Loam,0.5,Mesic,8,0.0014479,0.0003102,21.424131500794257,0.07986,0.0039339,0.0003094,7.864968606217748,0.159,0.0061181,0.00584,95.45447115934685,0.007711
1105,7.5,High,300,250,400,Citrate,50,Loam,0.5,Mesic,8,0.0014479,0.0003062,21.147869327992268,0.07992,0.0039339,0.0003051,7.755662319835278,0.1589,0.0061181,0.005768,94.2776352135467,0.007721
1106,7.5,High,300,250,400,Citrate,150,Loam,0.5,Mesic,8,0.0014479,0.0002958,20.429587678707094,0.08008,0.0039339,0.0002936,7.463331553928672,0.1586,0.0061181,0.005592,91.40092512381295,0.007764
1107,7.5,High,300,250,400,None,0,Loam,0.5,Wet,3,0.0014479,0.0003117,21.527729815595,0.08479,0.0039339,0.0002827,7.186252827982409,0.1535,0.0061181,0.005861,95.7977149768719,0.008177
1108,7.5,High,300,250,400,EDTA,10,Loam,0.5,Wet,3,0.0014479,0.0003111,21.486290489674705,0.0849,0.0039339,0.0002816,7.1582907547217784,0.1533,0.0061181,0.005859,95.76502508948856,0.008201
1109,7.5,High,300,250,400,EDTA,50,Loam,0.5,Wet,3,0.0014479,0.0003087,21.320533185993508,0.08537,0.0039339,0.0002768,7.0362744350390205,0.1527,0.0061181,0.005851,95.63426553995522,0.0083
1110,7.5,High,300,250,400,EDTA,150,Loam,0.5,Wet,3,0.0014479,0.0003024,20.885420263830373,0.08659,0.0039339,0.0002647,6.7286916291720695,0.1512,0.0061181,0.005832,95.32371160981353,0.008564
1111,7.5,High,300,250,400,Citrate,10,Loam,0.5,Wet,3,0.0014479,0.0003106,21.451757718074454,0.0848,0.0039339,0.0002817,7.160832761381836,0.1535,0.0061181,0.005842,95.4871610467302,0.008179
1112,7.5,High,300,250,400,Citrate,50,Loam,0.5,Wet,3,0.0014479,0.0003064,21.161682436632365,0.08486,0.0039339,0.0002775,7.054068481659423,0.1534,0.0061181,0.005767,94.26129026985504,0.008192
1113,7.5,High,300,250,400,Citrate,150,Loam,0.5,Wet,3,0.0014479,0.0002954,20.401961461426897,0.085,0.0039339,0.0002666,6.77698975571316,0.1531,0.0061181,0.005583,91.25382063058794,0.00824
1114,7.5,High,300,250,400,None,0,Clay,1.5,Dry,12,0.0014479,0.0003111,21.486290489674705,0.2395,0.0039339,0.0003105,7.892930679478381,0.4769,0.0061181,0.005858,95.74868014579691,0.02312
1115,7.5,High,300,250,400,EDTA,10,Clay,1.5,Dry,12,0.0014479,0.0003106,21.451757718074454,0.2398,0.0039339,0.0003093,7.862426599557691,0.4765,0.0061181,0.005856,95.71599025841357,0.02319
1116,7.5,High,300,250,400,EDTA,50,Clay,1.5,Dry,12,0.0014479,0.0003084,21.299813523033357,0.2411,0.0039339,0.0003044,7.737868273214878,0.4748,0.0061181,0.005849,95.60157565257188,0.02345
1117,7.5,High,300,250,400,EDTA,150,Clay,1.5,Dry,12,0.0014479,0.0003027,20.906139926790523,0.2445,0.0039339,0.0002919,7.420117440707695,0.4705,0.0061181,0.005832,95.32371160981353,0.02416
1118,7.5,High,300,250,400,Citrate,10,Clay,1.5,Dry,12,0.0014479,0.0003102,21.424131500794257,0.2395,0.0039339,0.0003094,7.864968606217748,0.4768,0.0061181,0.00584,95.45447115934685,0.02313
1119,7.5,High,300,250,400,Citrate,50,Clay,1.5,Dry,12,0.0014479,0.0003062,21.147869327992268,0.2397,0.0039339,0.0003051,7.755662319835278,0.4765,0.0061181,0.005768,94.2776352135467,0.02316
1120,7.5,High,300,250,400,Citrate,150,Clay,1.5,Dry,12,0.0014479,0.0002958,20.429587678707094,0.2402,0.0039339,0.0002936,7.463331553928672,0.4757,0.0061181,0.005592,91.40092512381295,0.02329
1121,7.5,High,300,250,400,None,0,Clay,1.5,Mesic,8,0.0014479,0.0003111,21.486290489674705,0.2395,0.0039339,0.0003105,7.892930679478381,0.4769,0.0061181,0.005858,95.74868014579691,0.02312
1122,7.5,High,300,250,400,EDTA,10,Clay,1.5,Mesic,8,0.0014479,0.0003106,21.451757718074454,0.2398,0.0039339,0.0003093,7.862426599557691,0.4765,0.0061181,0.005856,95.71599025841357,0.02319
1123,7.5,High,300,250,400,EDTA,50,Clay,1.5,Mesic,8,0.0014479,0.0003084,21.299813523033357,0.2411,0.0039339,0.0003044,7.737868273214878,0.4748,0.0061181,0.005849,95.60157565257188,0.02345
1124,7.5,High,300,250,400,EDTA,150,Clay,1.5,Mesic,8,0.0014479,0.0003027,20.906139926790523,0.2445,0.0039339,0.0002919,7.420117440707695,0.4705,0.0061181,0.005832,95.32371160981353,0.02416
1125,7.5,High,300,250,400,Citrate,10,Clay,1.5,Mesic,8,0.0014479,0.0003102,21.424131500794257,0.2395,0.0039339,0.0003094,7.864968606217748,0.4768,0.0061181,0.00584,95.45447115934685,0.02313
1126,7.5,High,300,250,400,Citrate,50,Clay,1.5,Mesic,8,0.0014479,0.0003062,21.147869327992268,0.2397,0.0039339,0.0003051,7.755662319835278,0.4765,0.0061181,0.005768,94.2776352135467,0.02316
1127,7.5,High,300,250,400,Citrate,150,Clay,1.5,Mesic,8,0.0014479,0.0002958,20.429587678707094,0.2402,0.0039339,0.0002936,7.463331553928672,0.4757,0.0061181,0.005592,91.40092512381295,0.02329
1128,7.5,High,300,250,400,None,0,Clay,1.5,Wet,3,0.0014479,0.0003117,21.527729815595,0.2543,0.0039339,0.0002827,7.186252827982409,0.4603,0.0061181,0.005861,95.7977149768719,0.02453
1129,7.5,High,300,250,400,EDTA,10,Clay,1.5,Wet,3,0.0014479,0.0003111,21.486290489674705,0.2547,0.0039339,0.0002816,7.1582907547217784,0.4599,0.0061181,0.005859,95.76502508948856,0.0246
1130,7.5,High,300,250,400,EDTA,50,Clay,1.5,Wet,3,0.0014479,0.0003087,21.320533185993508,0.2561,0.0039339,0.0002768,7.0362744350390205,0.4581,0.0061181,0.005851,95.63426553995522,0.02489
1131,7.5,High,300,250,400,EDTA,150,Clay,1.5,Wet,3,0.0014479,0.0003024,20.885420263830373,0.2597,0.0039339,0.0002647,6.7286916291720695,0.4535,0.0061181,0.005832,95.32371160981353,0.02569
1132,7.5,High,300,250,400,Citrate,10,Clay,1.5,Wet,3,0.0014479,0.0003106,21.451757718074454,0.2544,0.0039339,0.0002817,7.160832761381836,0.4603,0.0061181,0.005842,95.4871610467302,0.02453
1133,7.5,High,300,250,400,Citrate,50,Clay,1.5,Wet,3,0.0014479,0.0003064,21.161682436632365,0.2545,0.0039339,0.0002775,7.054068481659423,0.46,0.0061181,0.005767,94.26129026985504,0.02457
1134,7.5,High,300,250,400,Citrate,150,Clay,1.5,Wet,3,0.0014479,0.0002954,20.401961461426897,0.255,0.0039339,0.0002666,6.77698975571316,0.4592,0.0061181,0.005583,91.25382063058794,0.02472
